id,name,mean,asco,username,confirm,likes,rating,total_rate
2,Astonishment,תדהמה,האיש(ish) היה בתדהמה כשהוא קיבל את האסטון מרטין (aston),יקיר,1,13,3.153846263885498,41
3,Fall apart,להתפרק,"Fall - זו נפילה , part - זה חלק - כאשר משהו מתפרק נופלים ממנו חלקים ",יקיר,1,0,3.0,0
4,Paramount,בעל חשיבות עליונה,אצל ההודים הפרה (PARA) בעלת חשיבות גבוהה כמו הר (MOUNTAIN),יקיר,1,1,3.0,3
7,Measure,למדוד,הוא מדד נפח באמצעות המשורה (measure) (משורה הוא כלי למדידת נפח),יקיר,1,1,2.0,2
8,Enact,לחוקק,"הם חוקקו חוקים וכעת &quot;אין אקשיין&quot; (en-act) ברחובות , הכל רגוע ושליו.",יקיר,1,0,0.0,0
9,Pass,לוותר,המפקד ויתר לו על העונש ונתן לו פס (pass) (אישור יציאה מהבסיס),יקיר,1,0,0.0,0
11,Facilitate,להקל,המילה מורכבת מfacil (שפירושה קל בספרדית) ו - tate : הוא נתן עזרה ועשה את זה יותר קל - הוא היקל עליו,יקיר,1,0,0.0,0
12,Alongside,במקביל,הפירוש המילולי הוא &quot;לאורך צד&quot; (along - side) - מה שהולך לאורך הצד הוא מקביל,יקיר,1,0,0.0,0
13,Besides,"בנוסף , חוץ מזה",המילה מורכבת מbe(להיות) ו-side(צד) - כלומר דבר שהוא מהצד הוא תוספת כלשהיא.,יקיר,1,0,0.0,0
14,Further,בהמשך,"מורכבת מfur(שנשמעת כמו far = רחוק) וther (דומה לthere = שם) : &quot;מה שנמצא רחוק ,שם זאת אומרת שהוא נמצא בהמשך&quot;",יקיר,1,0,0.0,0
15,Given that,בהתחשב בכך,אדם שאוהב לתת (give) הוא אדם מתחשב,יקיר,1,0,0.0,0
16,Arm,לחמש,נגזרת מהמילה army (צבא) - בצבא מחמשים את הלוחמים.,יקיר,1,0,0.0,0
17,Afford,הרשה לעצמו,הוא הרשה לעצמו לקנות בית ואף (aff = אפילו) פורד (ford = שם של מכונית),יקיר,1,1,5.0,5
18,Band,להקה,פירוש שמה של של הלהקה &quot;Red Band&quot; הוא &quot;הלהקה האדומה&quot;,יקיר,1,0,0.0,0
19,Coexist,"להתקיים בשותפות , דו קיום"," exist פירושה להתקיים , co זוהי תחילית אשר פירושה יחד - לכן דו-קיום , להתקיים יחד",יקיר,1,0,0.0,0
20,Count,רוזן,הרוזן נקרא count כדי להדגיש את חשיבותו (!) - כאילו הוא שווה כמו כל המדינה כולה (country),יקיר,1,0,0.0,0
21,Desert,לנטוש,המדבר (desert) הוא מקום נטוש,יקיר,1,0,0.0,0
22,Diverse,מגוון,"Di - זה תחילית שניים , verse זה קיצור של המילה גרסא(verstion) - &quot;דבר שיש לו שני גרסאות הוא דבר מגוון&quot;",יקיר,1,0,0.0,0
23,Extinct,"נכחד , נעלם",מורכב מ-ex ו-tin - נערות(teen)לא מדברות על האקס(ex) שלהן - כאילו הוא נכחד !,יקיר,1,0,0.0,0
24,Gain,"להרוויח , להוסיף",אבקת גיינר -(gain-er) היא אבקה שמוסיפה לך במשקל,יקיר,1,0,0.0,0
25,Hearsay,שמועה,המילה מתחלקת ל- hear(לשמוע) ו-say (אמירה): &quot;שמועה היא אמירה שנשמעת מפה לאוזן&quot;,יקיר,1,1,5.0,5
26,Impartial,בלתי משוחד,"תחילית im פירושה שלילה , part פירושה חלק - &quot;השופט לא לוקח חלק באף צד - הוא בלתי משוחד&quot;",יקיר,1,0,0.0,0
27,Belief,אמונה,מזכיר את המילה believe - להאמין.,יקיר,1,0,0.0,0
28,Chiefly,בעיקר,צ׳יף (chief) הוא ראש השבט ועל כן הוא עיקר השבט,דביר,1,0,0.0,0
32,Avail,לעזור,אביגיל (avi(g)ail) תמיד עוזרת לי ,נעה לין,1,0,0.0,0
33,Albeit,אף על פי,אני צריך ללכת אל בית (Al beit) הספר &quot;אף על פי&quot; שלא בא לי,רוני,1,0,0.0,0
34,Obstacle,מכשול,אופס(obs) סתכל(stacle),רחל,1,1,2.0,2
36,Thorax,בית חזה,הגרזן של ת'ור (אפילו שבפועל יש לו פטיש) Thor ax נכנס למישהו לבית החזה,עידו,1,0,0.0,0
37,Obstacle,מכשול," אופס(obs) , יש תקלה (tacle = תקל) קטנה , יש מכשול",יקיר,1,0,0.0,0
40,Dissenter,"בדלן, פורש",מי שלא רוצה להיות במרכז (דיס-סנטר).,הודיה,1,0,0.0,0
42,Dismiss,"לפטר, לשחרר",אם המנהל יפטר או ישחרר את העובד הוא לא יתגעגע אליו (miss),רועי,1,0,0.0,0
43,Dismiss,"לפטר , לשחרר , לבטל",הוא פיטר אותו מהעבודה ובכך פספס(miss) לגמרי (dis = תחילית שמשמשת גם כן &quot;לחלוטין&quot;) את הזדמנות חייו,יקיר,1,0,0.0,0
44,Radiation,קרינה,ההתחלה של המילה(radi) מזכירה את המילה רדיואקטיבי : קרינה רדיואקטיבית היא מסוכנת,יקיר,1,0,0.0,0
45,Recover,להתאושש,"Rec (ריק) over (נגמר) - &quot;הוא הרגיש ריקני אבל זה נגמר , כעת הוא מתאושש&quot;",יקיר,1,0,0.0,0
46,Resemble,דומה,Sem (נשמע כמו דומה - same) ו - ble (נשמע כמו מבלבל) : הם כל כך דומים שזה כבר מבלבל,יקיר,1,0,0.0,0
47,Residence,מגורים,Resi (דומה לreceive = לקבל) וdence (מזכיר את dance = לרקוד) : &quot;כשהוא קיבל את המגורים הוא רקד משמחה&quot;,יקיר,1,0,0.0,0
48,Restrain,לרסן,Rest(לנוח) ו-rain (גשם) - &quot;אלוקים אמר לגשם לנוח - הוא ריסן אותו&quot;,יקיר,1,0,0.0,0
49,Sentence,גזר דין,Sentence (פירושו משפט) - &quot;הוא העמיד אותו למשפט וגזר את הדין&quot;,יקיר,1,0,0.0,0
50,Servant,משרת,Serve (זה להגיש (מוכר אולי מטניס לחלקנו)) - &quot;הוא המשרת שלו לכן הוא מגיש לו את האוכל,יקיר,1,0,0.0,0
51,Sheer,"מוחלט, לחלוטין",מזכירה את המילה sure (בטוח) - משהו בטוח זה משהו מוחלט,יקיר,1,0,0.0,0
52,Specialize,להתמחות,"תחילת המילה spec - (להיות ספץ(סלנג)) - הוא התמחה בזה , כעת הוא ממש ספץ (בקיא)",יקיר,1,0,0.0,0
53,Peer,"עמית , שווה מעמד ",אתה שותה בירה (beer) עם עמית ,גאיה,1,0,0.0,0
55,Profoundly ,"עומקות , מעומק הלב",כדי למצוא found צריך לחפש בעומק,גאיה,1,0,0.0,0
56,Spoil,"לקלקל , להרוס",הוא סיפר לו ספוילר (spoiler) ובכך הרס וקלקל לו את הצפייה בסדרה,יקיר,1,0,0.0,0
57,Sustain,סבל מ-,הסוס(sus) סבל מהמכות שהאיש נתן (tain - תן - נתן) לו,יקיר,1,0,0.0,0
58,Fundamental,בסיסי,פאנטה זה מצרך בסיסי,קורל,1,0,0.0,0
59,Donate,לתרום,הדונטס תרמו לי הרבה שומן ?,נוי,1,0,0.0,0
60,Adjust,להתרגל,"Add- להוסיף, just- רק. כשמתרגלים למשהו חדש, כל פעם מוסיפים קצת.",מעין בלאיש,1,0,0.0,0
61,The equator,קו המשווה,המילה מזכירה את המילה אקוודור(Ecuador) ואכן הקו המשווה עובר במדינת אקוודור,יקיר,1,0,0.0,0
62,Rarely,לעיתים רחוקות,לעיתים רחוקות הסטייק יוצא רייר (בדרך כלל הוא נשרף)- תודה לאמא... ,מעין בלאיש,1,0,0.0,0
63,Regularly,באופן קבוע,"Regular(רגיל) - מה שקורה באופן רגיל , ביומיום , באופן קבוע.",יקיר,1,0,0.0,0
65,Perpetually,לנצח,"תחילה המילה מורכבת מper(לכל) וpet(חיית מחמד) לכל חיית מחמד יש סוף , היא לא תחיה לנצח ",יקיר,1,0,0.0,0
66,Believe,להאמין,להיות בלב. אמונות שוכנות בלב. ,ליאת,1,0,0.0,0
68,Bold,חצוף,הוא עושה בוווו (bo - מבהיל) לאנשים זקנים(old) - הוא ממש חצוף,יקיר,1,0,0.0,0
69,Abandon,"לזנוח, לנטוש",הוא החליט לתת באן(החרים) למשהו שכבר נעשה(done) - הוא זנח אותו,יקיר,1,0,0.0,0
70,Joint,"מפרק , חיבור","מקום חיבור העצמות - כמו שJOIN זה להצטרף , ככה המפרק מצרף ומחבר בין העצמות.",יקיר,1,0,0.0,0
71,Abbreviation,קיצור,Abbr מזכיר uber (חברת מוניות) - המונית מקצרת לי את הדרך,מאור,1,0,0.0,0
72,Submerged,"צלל, שקע",מזכיר את המילה submarine - צוללת,מאור,1,0,0.0,0
73,Reduce,להפחית ,"רידיוס מתחרז עם מינוס , ומינוס זה להפחית ",לידור,1,0,0.0,0
75,Marine,ימי,המארינס הם לוחמים שנלחמים בים.,יקיר,1,0,0.0,0
76,Cane,מקל הליכה,זקנים can(יכולים) ללכת עם cane(מקל הליכה),לידור,1,0,0.0,0
77,Eminent,"בולט, בכיר",דומה מאד למילה דומיננטי (dominant = מישהו שהוא דומיננטי (מאד מרכזי ובולט בשפת הדיבור)),יקיר,1,0,0.0,0
78,Enclose,לצרף,מורכבת מen(אין) וclose(לסגור) - &quot;אין לסגור את הקבוצה בפני אף אחד יש לצרף כל אחד שמבקש&quot;,יקיר,1,0,0.0,0
79,Evade,התחמק,המילה דומה מאד למילה עבד - &quot;העבד התחמק מאדונו ועכשיו הוא חופשי&quot;,יקיר,1,0,0.0,0
80,Fall,סתיו,בסתיו נופלים (fall) העלים מהעצים,יקיר,1,0,0.0,0
81,Flourish,"לשגשג , לפרוח","האיש(ish) משגשג , הוא פורח כמו פרח(flower- flour) [ליודעי הספרדית בינינו flor - פרח]",יקיר,1,0,0.0,0
82,Solicit ,לשדל,יש מישהו שקוראים לו סולי ואני מבקשת ממנו לעשות משהו (סיט-שב),ג'ולי ,1,0,0.0,0
83,Rich,עשיר,אדם עשיר אוכל קצפת ריץ',נירית,1,0,0.0,0
85,Season,לתבל,Sea(ים) son (בן = הבן הוא בעצם תוצר של האב): &quot;הוא תיבל את האוכל בתוצר של הים (תיבל במלח)&quot; ,יקיר,1,0,0.0,0
86,Comfort,נחמה,כששאול המלך חיפש נחמה הוא ביקש מדוד לקום (com) ודוד היה פורט(fort) בנבל,יקיר,1,0,0.0,0
87,Soar,המריא,"המטוס המריא , הוא נמצא ממש (so) באוויר(air)",יקיר,1,0,0.0,0
89,Soil,אדמה,(has-s-יש) בתוך האדמה יש(has) נפט (oil),יקיר,1,0,0.0,0
90,Revenue,"הכנסה , רווח",Even(אבן) nue(נשמע כמו new חדש) : היה לו רווח יפה מהאבן היקרה החדשה שהוא מכר,יקיר,1,0,0.0,0
91,Retain,להחזיק,"Ret(נשמע כמו רטט), ain (אין) - &quot;לטלפון אין צלצול רק רטט אז הוא מחזיק אותו ביד(להרגיש אם יש שיחה)&quot;",יקיר,1,0,0.0,0
92,Scatter,לפזר,מורכב מhas) s = יש לו) וcatter(כתר): &quot;בעל הכתר(המלך) פיזר את הפרלמנט&quot;,יקיר,1,0,0.0,0
93,Specify,לפרט,המילה נשמעת בדיוק כמו המילה ספציפי - דהיינו להיות ספציפי ולפרט,יקיר,1,0,0.0,0
95,Manuscript,כתב יד (יצירה ספרותית),המילה מורכבת מmanual (ידני) וscript (קוד / כתב) - כתב יד,יקיר,1,0,0.0,0
96,Scholar,"מלומד, משכיל",מזכירה את המילה school (בית ספר) - הוא מלומד ומשכיל כי הוא הלך לבית הספר ,יקיר,1,0,0.0,0
97,Irrigation,השקיה,Irr(נשמע כמו עירוי) ו- gation(נשמע כמו גשם) : אלוקים עירה גשם ולכן השדה לא הייתה צריכה השקיה,יקיר,1,0,0.0,0
98,Question,להטיל ספק,"Question=שאלה. אם אתה שואל שאלה על משהו, סימן שאתה מטיל בו ספק.",מעין,1,0,0.0,0
99,Reject,לדחות,"כשמקבלים ריג'קטים במסדר בצבא, צריך לעשות מסדר נוסף- כלומר, זה דוחה את תום המסדר. ",מעין,1,0,0.0,0
100,Just,"צודק, הוגן",Justice=צדק. לכן just=צודק.,מעין,1,0,0.0,0
101,Last,"המשיך, החזיק מעמד","הוא הגיע לעמוד האחרון (last=אחרון) בספר, אבל לא התייאש ולא הפסיק לקרוא. הוא המשיך, הוא החזיק מעמד. ",מעין,1,0,0.0,0
102,Last,להחזיק מעמד,לחובבי ההיאבקות - &quot;last man standing&quot; - הוא קרב שהמפסיד בו לא מחזיק מעמד ומתמוטט לרצפה ,יקיר,1,0,0.0,0
104,Restore,"לשקם , לשחזר",במסעדה(restaurant) לא משקמים מנות שלקוחות החזירו אלא חייבים לזרוק לפח .,שני,1,0,0.0,0
105,Uprising,"מרד, התקוממות",עלייה(rising) על היושב למעלה(up) - כלומר היושב למעלה הוא מנהיג המדינה והעם החליט &quot;לעלות מעליו&quot; וללהתקומם נגדו,יקיר,1,0,0.0,0
106,Audit,ביקורת,אודית כל הזמן מעבירה ביקורת ,שני,1,0,0.0,0
107,Appeal,"לערער, משיכה",כשהיא דומה לפיל היא מערערת את המשיכה אליה,שני,1,0,0.0,0
108,Unite,לאחד,להפוך משהו לדבר אחד (uno - אחד בספרדית / unit - יחידה באנגלית),יקיר,1,0,0.0,0
109,Underlies,הונח ביסוד,"Under(מתחת), lie (שכב) - על מה הוא &quot;שוכב&quot; , מה יש מתחתיו - כלומר מה היסוד שלו",יקיר,1,0,0.0,0
110,Hazard,סכנה,אדן האזרד (שחקן כדורגל) פורץ לרחבה יש סכנה,לידור ,1,0,0.0,0
113,Remediation,"תיקון, ריפוי",רמדיה מתקן את המצב אם אין לאמא חלב אם,סיגלית,1,0,0.0,0
115,Attain,להשיג,אתן(atain) הכל בשביל להשיג את מה שאני רוצה,יקיר,1,0,0.0,0
116,Accumulate,"אסף , צבר","אם לא אקום(accum) בזמן , אצבור הרבה איחורים(late)",יקיר,1,0,0.0,0
117,Mild,עדין,Mild(נשמע כמו מיילד) - המיילד חייב להיות עדין בעת הוצאת הולד,יקיר,1,0,0.0,0
118,Retrieve,להשיב,המילה מורכבת מretro(משהו שהיה בעבר וחזר להווה) ו receive(לקבל) - &quot;להשיב לקבל משהו שהיה לך בעבר&quot;,יקיר,1,0,0.0,0
119,Sheer,שקוף,"כשעדן חסון מוציא שיר חדש, &quot;שקוף&quot; שזה יהיה להיט",יקיר,1,0,0.0,0
120,Submit,להיכנע,Sub(תחילית שמשמעותה מתחת) - הוא שם אותו מתחתיו(פיזית) ואיים להמית(mit) אותו אז הוא נכנע,יקיר,1,0,0.0,0
121,Submit,להיכנע,"צורת הפועל של submission - שכל חובבי ההיאבקות , MMA וכו' מכירים",יקיר,1,0,0.0,0
122,Superficial,שטחי,"Super(תחילית שמשמעותה מעל) , ficial(נשמע כמו face) - &quot;אין לו משהו מעל פנים יפות , הוא בחור שטחי&quot;",יקיר,1,0,0.0,0
123,Poll,"סקר, הצבעה","על פי סקרי בחירות , אפשר לדעת איזה מפלגה תיפול(poll)",יקיר,1,0,0.0,0
124,Qualify,לקבל הסמכה,מזכיר את המילה quality( איכות) - רק מי שבעל איכות גבוהה יכול לקבל הסמכה,יקיר,1,0,0.0,0
125,Staple,מהדק,"אם אין לך מסקינג טייפ(tape = סרט הדבקה) , תשמש במהדק במקום.",יקיר,1,0,0.0,0
126,Tormented,לייסר,"התור(tor) לשירותי הגברים(men) מייסר אותי , אני לא יכול להתאפק יותר !",יקיר,1,0,0.0,0
127,Sustain,להמשיך באותה צורה,הסוס(sus) המשיך באותה צורה לתת(tain) לו אהבה,יקיר,1,0,0.0,0
128,Asist,לעזור,בכדורגל מי שנותן אסיסט(asist) עוזר להבקיע גול,יקיר,1,0,0.0,0
129,Vigorously,במרץ,טקטיקת המשחק של קבוצת הכדורגל &quot;סלטה ויגו&quot; (vigo) היא ללחוץ במרץ על שחקני היריבה,יקיר,1,0,0.0,0
130,Ward,מחלקה,בצבא - הגוף הלוחם במלחמות(war) יש מחלקות,יקיר,1,0,0.0,0
131,Withhold,לעכב,הוא &quot;החזיק&quot;(hold) אותי איתו (with) שעה ארוכה - הוא עיכב אותי,יקיר,1,0,0.0,0
132,Worthy,ראוי,"Worth(שווה) - הוא שווה את זה , הוא ראוי לזה",יקיר,1,0,0.0,0
133,Avert,"הסיט, הזיז",הדוגמנית עוברת (avert) הוא הסיט את מבטו אליה,יקיר,1,0,0.0,0
134,Comply,לציית,המחשב (comp) שלי (ly) מציית לי ועושה את כל מה שאני דורש,יקיר,1,0,0.0,0
135,Adverse,שלילי,נשמע כמו adverts(מודעה/פרסומת) - גם פרסום שלילי הוא פרסום טוב לדעת משווקים רבים,יקיר,1,0,0.0,0
136,Antibody,נוגדן,ניגוד של הגוף,יקיר,1,0,0.0,0
137,Solicit,לשדל,"נשמע כמו so להסית , כמו להסיט כל כך - לשדל",יקיר,1,0,0.0,0
138,Wage,לנהל,הציעו לו לנהל ובתמורה לכך שדרוג בשכר(wage),יקיר,1,0,0.0,0
139,Consultant,יועץ,Consultant נשמע בעברית כמו כן סולטן . היועץ לסולטן אמר כן סולטן,לידור,1,0,0.0,0
140,Bitter,"מר, מריר",אבי ביטר הוא אדם מריר ,עדן ,1,0,0.0,0
141,Assemble,"לאסוף, להרכיב",לפני ניתוח אוספים את האזמל ומרכיבים את האיברים,עדן,1,0,0.0,0
143,Accommodate,"לאכסן, לשכן (לתת מקום מגורים)","בתאריך(date) הזה לפני שנה ,הוא הבטיח לי שאקום(accom) מהרחוב והוא ישכן אותי בביתו",יקיר,1,0,0.0,0
144,Accompany,ללוות,ללוות זה לתת למישהו חברה(company),יקיר,1,0,0.0,0
145,Custom,מנהג,"יש לנו מנהג , מי שבא לקלל &quot;כוססס..&quot; (cus) אומרים לו &quot;סתום!!&quot; (stom)",יקיר,1,0,0.0,0
146,Accustomed,מורגל ,Custom - זה מנהג (יש אסוציאציה באתר) - מנהג זה משהו שכולם מורגלים אליו,יקיר,1,0,0.0,0
147,Agriculture,חקלאות,אני מסכים(agree) שישתמשו לי בקלטרת (כלי עבודה חקלאי המשמש לעיבוד אדמה) כי אני אוהב חקלאות.,יקיר,1,0,0.0,0
148,Mass,המון,שמישהו עושה &quot;מסה&quot; (תהליך עלייה במשקל) - נהיים לו המון שרירים,יקיר,1,0,0.0,0
149,Amass,"לצבור, לערום",הוא צבר המון קלוריות מאז התחיל לעשות &quot;מסה&quot;,יקיר,1,0,0.0,0
150,Appeal,לבקש,הוא ביקש ג'ירפה ואף(aph) פיל(peal),יקיר,1,0,0.0,0
152,Custom,מנהג,צריך לסתום(stom) כאשר עושים את המנהג של הכוס(cus) בחתונה,יקיר,1,0,0.0,0
157,Preserve,לשמר,"חברת &quot;תנובה&quot; מגישה(serve) לנו מוצר חדש , פרי (pre) משומר",יקיר,1,0,0.0,0
158,Parallel,מקביל,ההודים קוראים הלל(allel) לפרה(para) כי הם מקבילים(מדמים) אותה לאל,יקיר,1,0,0.0,0
159,Acute,חד,המילה כוללת את המילה cut (חתך) - חותכים דברים באמצעות משהו חד,יקיר,1,0,0.0,0
160,Disorder,הפרעה,"Dis - תחילית אי , order - סדר - הפרעה היא אי-סדר ",יקיר,1,0,0.0,0
161,Massacre,טבח (הרג המוני),"בטבח, הרוצח עקר(acre) המון(mass) אנשים ממשפחותיהם",יקיר,1,0,0.0,0
162,Arousing,מעורר,"לשיר(sing) גורם לי להיות ער(ar) , זה מעורר אותי",יקיר,1,0,0.0,0
163,Aspiration,"שאיפה, חלום","החלום והשאיפה של כל אחד להיות בריא תמיד, שאפילו אספירין לא יקח כל ימיו .",יקיר,1,0,0.0,0
164,Bank,לערום,בבנק אפשר לערום את הכספים שלנו,יקיר,1,0,0.0,0
165,Cargo,מטען,מטען הוא אוסף סחורות שכלי רכב(car) מוליכים(go),יקיר,1,0,0.0,0
167,Cemetery,בית קברות,מורכב מmet(מת) ו -ery(אזור = area) - &quot;בית קברות הוא אזור בו יש מתים&quot;,יקיר,1,0,0.0,0
168,Circulate,לנוע במחזוריות,"מהמילה circle(מעגל) , לנוע במעגל ,לנוע במחזוריות",יקיר,1,0,0.0,0
170,Collision,התנגשות,היה קול(coll) של שבר בשן(sion) כאשר התנגשתי בעמוד,יקיר,1,0,0.0,0
171,Contrast,"ניגוד, להוות ניגוד","לתת למישהו קונטרה , סוג של כח מנוגד ",יקיר,1,0,0.0,0
172,Elude,להתחמק,הפושע התחמק אל לוד (el-lude),דפנה,1,0,0.0,0
173,Delude,להשלות,"Delusion זה אשליה, אז דליוד זה להשלות ",דפנה,1,0,0.0,0
174,Devoid of,"חסר,נטול,משולל","מי שנוטה ל avoid (להמנע) מלהפגש עם חברים, יהיה devoid-חסר,נטול- חיי חברה",דפנה,1,0,0.0,0
175,Affluent,"שׁוֹפֵעַ, עַתִּיר, עָשִׁיר",למי שיש flu (שפעת) ה aff שלו שופע נזלת,דפנה,1,0,0.0,0
176,Prominent,"בולט,חשוב,ידוע","ל prom הגיעה Ninet נינט, הלא היא זמרת ידועה ובולטת",דפנה,1,0,0.0,0
181,Commendably,באופן ראוי לשבח,"המילה דומה לrecommend(להמליץ) ובתוספת ably(באופן) - באופן מומלץ , ראוי לשבח",יקיר,1,0,0.0,0
182,Crack,סדק,כשמורידים crack.exe למשחק - הוא מוצא &quot;סדק&quot; מסויים במשחק ופורץ אותו,יקיר,1,0,0.0,0
183,Crave,להשתוקק,מקגרגור השתוקק לקרב נוסף מול חביב נורמגומדוב ,יקיר,1,0,0.0,0
184,Curse,לקלל,מזכיר קצת התחלה של קללה (המבין יבין),יקיר,1,0,0.0,0
185,Decease,"מת , נפטר",דומה גם בכתיבה ובעיקר בשמיעה למילה disease (מחלה) - &quot;הוא מת מהמחלה&quot;,יקיר,1,0,0.0,0
186,Delusions,"הזיות , אשליות",כשאומרים על מישהו שהוא &quot; חי באילוז' &quot; - הכוונה שהוא חי באשליה (delusions / illusion),יקיר,1,0,0.0,0
187,Destructive,הרסני,מהמילה destroy (להרוס),יקיר,1,0,0.0,0
189,Destructive,הרסני,"Struct - היא שורש של מילה הקשורה למבנים , תחילית de היא שלילה -לכן פירוש המילה הוא משהו ששולל מבנים , הרסני",יקיר,1,0,0.0,0
190,Devise,"להמציא , לתכנן",דומה למילה device (מכשיר) - &quot; סטיב גוב'ס המציא את מכשיר האייפון &quot; ,יקיר,1,0,0.0,0
191,Devise,"להמציא, להתכנן",מורכב מ- vise (מזכירה את המילה vision = חזון) וde (נשמע כמו the) - &quot;החזון שלו להמציא משהו מראה כמה הוא נחוש&quot;,יקיר,1,0,0.0,0
192,Regard,להתייחס,מורכב מהמילים rega(רגע) וard (קשה = hard) - &quot;חבר אמיתי מתייחס אליך ברגעים הקשים&quot;,יקיר,1,0,0.0,0
193,Disregard,להתעלם,"Dis ( תחילית שמציינת היפוך וניגוד) , regard (להתייחס) - לכן חוסר התייחסות = התעלמות",יקיר,1,0,0.0,0
194,Certify,לאשר,"מזכיר את המילה certain(בטוח) , לאשר זה לעשות משהו בטוח - &quot;הדבר היה ספק אבל הוא אישר אותו ועכשיו זה בטוח&quot;",יקיר,1,0,0.0,0
195,Circulate,להפיץ,אם תיקח משהו ותשים אותו על דבר שנע במעגליות(circulate) הוא יופץ לכל עבר,יקיר,1,0,0.0,0
196,Companion,בן זוג,נגזר מהמילה company (חברה) - &quot;מי שמארח לך חברה תמיד - הבן זוג&quot;,יקיר,1,0,0.0,0
197,Crude,"גולמי, גס (לא מעובד)",מזכיר את המילה rude - גס רוח (יש אסוציאציה באתר לrude) - לכן מזכיר לי &quot;גס&quot; במשמעות &quot;לא מעובד&quot;,יקיר,1,0,0.0,0
198,Rude,גס רוח,לריהאנה יש שיר rude boy שמדבר על בחור גס רוח וחסר נימוסים,יקיר,1,0,0.0,0
201,Suffocate,לחנוק,קייט(cate) חנקה אותה עד הסוף(suff) ,נועה לין,1,0,0.0,0
202,Enterprise,"מפעל, יוזמה",המפעל שהמציא את מקש האנטר(enter) זכה בפרס(prise) על היוזמה,שני,1,0,0.0,0
203,Compensate,לפצות,סט(sate) העטים(pen) שקניתי עקומים(com) ולכן המוכר פיצה אותי,יקיר,1,0,0.0,0
204,Compile,"לאסוף, לקבץ",הפיל(pile) אוהב לקום(com) ולאסוף ענפים לאכילה,יקיר,1,0,0.0,0
205,Conceal,להסתיר,יש להסתיר כלבי ים(seal) ולמנוע קשר(connect) עם בני אדם כדי שלא יצודו אותם,יקיר,1,0,0.0,0
206,Conceive,להרהר,Con (להתחבר = connect) ו- ceive(סיב) - הוא הרהר האם להתחבר לסיב אופטי,יקיר,1,0,0.0,0
208,Concerted,מתואם,בקונצרט(concert) חייב להיות תיאום בין הנגנים ,יקיר,1,0,0.0,0
209,Concur,להסכים,המדינות יסכימו להסיר את סנקציות עם איראן לא תחבר(con - connect) כור(cur),יקיר,1,0,0.0,0
210,Concurrence,להתחרש בו זמנית,Con(תחילית שפירושה יחד) current(נוכחי) - להתרחש בו זמנית פירושה דבר נוכחי (שקורה עכשיו )שמתחרש יחד עם דבר נוכחי ,יקיר,1,0,0.0,0
211,Condemned,לגנות,משרד הבריאות מגנה את מי שלא משתמש בקונדום(condom דומה לcondemned),יקיר,1,0,0.0,0
212,Condemned,לגנות,יש לגנות כל מי שמקלל ואומר לעזאזל (damn פירושה &quot;לעזאזל&quot;),יקיר,1,0,0.0,0
214,Applicant,מועמד,אפל(apple) לא יכולה(cant) לקבל את כל המועמדים שלה,יקיר,1,0,0.0,0
215,Gun,רובה,אסור להביא רובה לגן ,שני ,1,0,0.0,0
216,Confine,להגביל,איציק קורנפיין(שוער כדורגל) הגביל את השער ולא נתן לכדור להיכנס,יקיר,1,0,0.0,0
217,Confinement,"מאסר, ריתוק",מאסר זה להגביל(confine - יש אסוציאציה באתר) את החופש של מישהו,יקיר,1,0,0.0,0
218,Conform,להתאים,Con(תחילית עם) from (צורה/תבנית) - להתאים זה לשלב את הצורה עם התבנית,יקיר,1,0,0.0,0
219,Controversial,שנוי במחלוקת,מורכב מהמילים contra(ניגוד) ו-versia(גרסא) - דבר שנוי במחלוקת הוא דבר שיש לו גרסאות מנוגדות,יקיר,1,0,0.0,0
220,Debate,ויכוח,הוא אמר לה &quot;את(ate) דבה(deba)&quot; ולכן פרץ ויכוח,יקיר,1,0,0.0,0
222,Splendid,"נהדר, מפואר",המעדן ספלנדיד נהדר ,רוני,1,0,0.0,0
223,Collapse,התמוטטות,"נשמע כמו קליפס - קליפסים שתמיד מתמוטטים, נהרסים תוך מספר שימושים.",ירדן,1,0,0.0,0
224,Conceive,"להתעבר, להרות",Con(יכול להישמע כמו son = בן) וceive(קיצור של recieve = לקבל) - להרות זה לקבל בן,יקיר,1,0,0.0,0
225,Deliberate,מכוון,אני שונא(ate) להזמין מהם משלוח(delive ◄ deliber) כי הזמן שלהם אף פעם לא מכוון,יקיר,1,0,0.0,0
226,Denial,הכחשה,"כל מה שאמרתי כנגדה , דני(deni) אמרה אל(al) תאמינו - היא הכחישה הכל",יקיר,1,0,0.0,0
227,Desolate,הרוס,מהסולת(the-solate) אפשר להכין &quot;עוגת הריסה&quot;,יקיר,1,0,0.0,0
228,Desolate,הרוס,הסולת נוצרת כתוצאה מהריסה קלה של גרעין החיטה,יקיר,1,0,0.0,0
229,Detract,"להפחית, לגרוע","De (תחילית שמשמעות שלילה, לבטל) ◄ כדי להפחית את תאונות העבודה הוא החליט לבטל את הטרקטורים(tract)",יקיר,1,0,0.0,0
230,Confess,להודות,הוא התוודה - הסכים עם זה שהוא יצא אפס,יקיר,1,0,0.0,0
231,Deliberate,"לשקול, לבחון, לדון",הוא שונא(ate) לעשות משלוחים(deliver=deliver) כי בכל פעם צריך לבחון ולשקול האם יהיו לו פקקים בדרך,יקיר,1,0,0.0,0
232,Desolate,"שומם, נטוש",מאד מזכיר את המילה isolate(לבודד) ◄ לבודד משהו זה לעשות אותו שומם ונטוש,יקיר,1,0,0.0,0
233,Collision,התנגשות,כל השיניים כואבות לי כתוצאה מההתנגשות איתה,יקיר,1,0,0.0,0
234,Encourage,לעודד,"בניסיון לשבור את שיא הזמן(age)בתוך בקוביית קרח , הקהל עודד אותו &quot;אין קור! אין קור!&quot; (encour)",יקיר,1,0,0.0,0
235,Enhance,להעצים,האוהדים חושבים שלקבוצה אין חן(enhan) ולכן הם העצימו את המחאות נגדם.,יקיר,1,0,0.0,0
237,Equality,שִׁוְיוֹן,מזכיר את המילה &quot; קו *המשווה* &quot; -equator(יש אסוציאציה באתר),יקיר,1,0,0.0,0
238,Equates,"להשוות , להתאים",מזכיר את המילה equality (שויון) ,יקיר,1,0,0.0,0
239,Evolved,התפתח,נגזר מהמילה evolution(אבולוציה -התפתחות),יקיר,1,0,0.0,0
240,Exclude,"להרחיק, לגרש",היא גירשה את האקס(ex) שלה עד לוד(lude),יקיר,1,0,0.0,0
241,Excuse,תירוץ,האקס(ex) שלה כל פעם השתמש(use) בתירוץ אחר למה הוא מאחר - בגלל זה הם נפרדו,יקיר,1,0,0.0,0
242,Contend,"להתמודד, להיאבק",הוא היה חייב להתמודד ולהיאבק עם הנטייה שלו לגנוב דברים,יקיר,1,0,0.0,0
247,Extract,להפיק,Ex(תחילית חיצוני) trac(דיסק- track): הוא הוציא (להפוך לחיצוני )דיסק - הוא הפיק,יקיר,1,0,0.0,0
248,Genuine,"אמיתי, מקורי","Gen(גנים) ◄ זה לא מנותח , זה הגנים שלו כך - זה אמיתי",יקיר,1,0,0.0,0
249,Grant,העניק,אברם גרנט(grant) העניק לצ'לסי גביע אלופות,יקיר,1,0,0.0,0
250,Dash,"זינוק ,ריצה מהירה ,למהר,לזנק",דשה (dasha ) האצנית הרוסייה המהוללת מזנקת כל תחרות ופותחת בריצה מהירה על המסלול,נעה לין,1,0,0.0,0
251,Dedicate,להקדיש,אבא (dedi) הקדיש לקייט (cate) המון זמן כדי לטפל בה,נעה לין,1,0,0.0,0
252,Dedicate,להקדיש,אבא מקדיש המון זמן לחתול שלו,יקיר,1,0,0.0,0
253,Landmark,ציון דרך,"Mark(סימן) , land (קרקע) - ציון דרך הוא סימן הנעשה על הקרקע למציאת מקום",יקיר,1,0,0.0,0
254,Landscape,נוף,"Land(ארץ), scape(מזכיר קצת את המילה משקפת telescope) - כדי לראות את הנוף צריך משקפת",יקיר,1,0,0.0,0
255,Mayor,ראש העיר,אור נהיה ראש העיר בחודש מאי,יקיר,1,0,0.0,0
256,Mediate,"לגשר , לתווך",קשור למילה מידיום(medium) - אדם שמאמינים כי הוא מתווך בין עולם המתים לעולם החיים,יקיר,1,0,0.0,0
257,Mediocre,בינוני(במובן שלילי),כמו שבחולצות יש מידת מדיום שהיא מידת בינונית ,יקיר,1,0,0.0,0
258,Diagonal ,אלכסוני,רחוב הדיאגונל בברצלונה הוא רחוב שחוצה אותה באלכסון, נעה לין,1,0,0.0,0
259,Dial,לחייג,אני מחייגת אליה שתתן לי דוא״ל (Doal) זה דומה לdial,נעה לין,1,0,0.0,0
260,Incentive,תמריץ,הוא העלה את משכורתו בסנט (in cent) וזה שימש לו כתמריץ,יקיר,1,0,0.0,0
261,Indifference,אדישות,Indifference(לא- שונה ◄ שווה ) ◄שויון נפש = אדישות,יקיר,1,0,0.0,0
262,Intersection,צומת,(inter - תחילית בין ) section (חלק) צומת הוא מקום היוצר קשר בין חלקים,יקיר,1,0,0.0,0
263,Miserable,אומלל,"הם מייסרים(miser) אותו , הוא ממש אומלל",יקיר,1,0,0.0,0
264,Offshore,חוץ לארץ,אי אפשר לקחת לחו&quot;ל עוף ושור,יקיר,1,1,5.0,5
265,Orbit,"לחוג, להסתובב",אובריט הוא שם של מסטיק ◄ מסטיק עגול יכול להסתובב על השולחן,יקיר,1,1,3.0,3
266,Plot,עלילה,"בטעות , הוא &quot;פלט&quot; (פלוט ◄ plot) את סוף העלילה ",יקיר,1,0,0.0,0
267,Promote,לקדם,מכיל את המילה &quot;פרומו&quot; - פרומו הוא קטע וידאו קצר לקידום משהו,יקיר,1,0,0.0,0
268,Proponent,תומך,אני תמיד בעד(pro - תחילית בעד) לאן שהיא פונית(ponnet) - אני תומך שלה,יקיר,1,0,0.0,0
269,Prosperity,"צמיחה, שגשוג","(לצופי הסדרה &quot;שנות ה80&quot;) שלום אסייג אמר - אם פרוספר איתי , תהיה לי צמיחה ושגשוג (כי אז אביו נותן לו גב)",יקיר,1,0,0.0,0
270,Pump,"שאיבה , לשאוב",פומפה(דומה pump) היא כלי שאיבה המשמש לפתיחת סתימות,יקיר,1,0,0.0,0
271,Renovate,"לחדש, לשפץ",הוא החליט לשפץ את ה&quot;רנו&quot;(reno) ואת(v-ate) הבית,יקיר,1,0,0.0,0
272,Skyrocket,להאמיר (לעלות בהדרגה),הטיל(rocket) האמיר לשמיים(sky) במהרה,יקיר,1,0,0.0,0
273,Steamship,אוניית קיטור,"Steam(אדים) , ship(אוניה) - אוניית קיטור (קיטור = אד)",יקיר,1,0,0.0,0
274,Stricken,מוכה,מישהו &quot;ריקן&quot;(ricken) עליו את כל העצבים ועכשיו הוא מוכה,יקיר,1,0,0.0,0
275,Alternative,חלופי,Alter(אִלתר) נתיב(native) - הוא היה חייב למצוא דרך חלופית אז הוא אלתר נתיב,יקיר,1,0,0.0,0
276,Innate,מלידה,מזכירה את המילה נטע - &quot;הדבר נטוע בו מלידה - זה מולד&quot;,יקיר,1,0,0.0,0
277,Automobile,מכונית,Auto(אותו) mobile(מוביל) - הרכב של מוביל אותו לעבודה כל יום,יקיר,1,0,0.0,0
278,Ashame,בושה,כשאדם מרגיש אשם(asham) הוא חש בושה,יקיר,1,0,0.0,0
279,Assume,להניח,דומה למילה אשם - להאשים זה להניח שמישהו ביצע את העבירה,יקיר,1,0,0.0,0
280,Lobby,לשדל,לובי - מכיל את המילה לב - הוא ניסה להשפיע על ליבו ולשדל אותו לעשות מעשים אסורים,יקיר,1,0,0.0,0
281,Scatter,לפזר,כשהסקייטר רוכב שערו מתפזר ברוח,רוני,1,0,0.0,0
282,Poacher,"מסיג גבול, צייד לא מורשה","Po(פה), acher(אסר) - פה אסור לצוד",יקיר,1,0,0.0,0
283,Settle,להתיישב,דומה למילה sit(לשבת),יקיר,1,0,0.0,0
284,Terrify,"להפחיד, להבהיל",דומה למילה terror - להשליט טרור זה להפחיד ולהביל אנשים,יקיר,1,0,0.0,0
285,Obst,מיושן,"סולת זה מיושן, רק זקנים אוכלים את זה!",חן,1,0,0.0,0
286,Inquire,לשאול,הוא רצה לדעת אם הן(in- אכן) קרה(quira) הדבר - אז הוא שאל,יקיר,1,0,0.0,0
287,Intervene,להתערב,"Inter - דומה למילה enter(להיכנס) , vene (דומה למילה בין) - הוא היה צריך להיכנס ביניהם ולהתערב בסכסוך",יקיר,1,0,0.0,0
288,Neglect,"להזניח, הזנחה",Negl(נגלה) ect(קט) - זה נגלה לו כדבר קטן - ולכן הוא מזניח אותו,יקיר,1,0,0.0,0
289,Obedience,ציות,Obed(עובד◄ עבד) nce(נשא) - הוא נשא(לקח) לו עבד שיציית לו,יקיר,1,0,0.0,0
290,Piece,יצירה,נשמע כמו פסל - פסל הוא סוג של יצירה,יקיר,1,0,0.0,0
291,Rear,"לטפח, לגדל",ראה(re) ו-ar(הר) - הוא ראה בו הר של פוטנציאל והחליט לטפח אותו,יקיר,1,0,0.0,0
292,Reconcile,להתפייס,כדי להתפייס צריך לעשות ריקון(recon) וסילוק(cil) של הכעסים,יקיר,1,0,0.0,0
293,Revoke,"לבטל, לשלול",דומה למילה רווק - מי שרוצה להיות שוב רווק רוצה לבטל את הזוגיות שלו,יקיר,1,0,0.0,0
294,Screen,לסרוק,"כאשר סורקים משהו במכונת שיקוף , תוכנו מופיע בצג(screen)",יקיר,1,0,0.0,0
295,Stride,"לצעוד, לפסוע","הוא לא יכל לשבת(sit) כל הנסיעה(ride) , ולכן הוא התחיל לצעוד בתוך האוטובוס",יקיר,1,0,0.0,0
296,Strife,"מאבק, עימות",כולל את המילה ריב(rife) - לריב עם מישהו להיאבק עימו,יקיר,1,0,0.0,0
297,Spark,"גיץ,ניצוץ","יש (s-has) הרבה גיצים בפארק(park) , ביום העצמאות מכיוון שכולם עושים שם מנגל",יקיר,1,0,0.0,0
298,Stricken,מוכה,Str(סטר) - rickenn(ריקן) - כדי לרוקן את כעסיו הוא סטר לחברו המוכה,יקיר,1,0,0.0,0
300,Strife,"מאבק, עימות",הוא סטר(str) לו וכך נוצר הריב(rif),יקיר,1,0,0.0,0
301,Obesity,השמנת יתר,הם האביסו(פיטמו) אותו וכעת הוא סובל מהשמנת יתר,יקיר,1,0,0.0,0
302,Prompted,הביא לידי,טד(ted) הביא לידי כך שהנשף(prom) יבוטל,יקיר,1,0,0.0,0
303,Restrict,להגביל,ריק(ric) הגביל את שעות המנוחה(rest) שלו לשעתיים בלבד,יקיר,1,0,0.0,0
304,Revoke,"לבטל, לשלול","Re(ראה), voke(פקר) - הפקרה זהו ביטול של בעלות",יקיר,1,0,0.0,0
305,Screen,לסנן,"בשימוש במסך , רצוי לסנן קרינה של האור הכחול",יקיר,1,0,0.0,0
306,Severe,חמור,נשמע כמו &quot;סיביר&quot; - תנאי המזג האוויר בסיביר הם חמורים ביותר,יקיר,1,0,0.0,0
307,Sorrow,צער,המילה נשמעת כמו &quot;צער&quot; (s משמשת כ-צ'),יקיר,1,0,0.0,0
308,Sufficient,מספיק,מכיל את המילה (suff = סף ) ◄ סף קבלה הוא הערך המספיק כדי להתקבל למקום כלשהוא,יקיר,1,0,0.0,0
309,Superfluous,"מיותר, עודף",יש לו כל כך הרבה(סופר-super ) &quot;פלוס&quot; (floous-כסף בסלנג) - עד שאומרים עליו שיש לו כסף מיותר,יקיר,1,0,0.0,0
310,Vain,"לשוא , חסר תועלת",בו(vo) אין (ain) - אין בו שום ערך ותועלת,יקיר,1,0,0.0,0
311,Vain,שחצן,שחצן חושב: &quot;אני הכי טוב ואין(vain) עוד אחרים מלבדי&quot;,יקיר,1,0,0.0,0
313,Abide,לציית,"Bide דומה בהגייה ל-bite, נשיכה. לציית בצבא זה מבאס, כמו לקבל נשיכה.",מעין,1,0,0.0,0
314,Abundance,שפע,"Abun= כמעט about , וריקוד. &quot;על ריקוד&quot;- כשמדמיינים הופעה של ריקוד זה מזכיר שפע! ",מעין,1,0,0.0,0
315,Abuse,"לנצל, להתעלל ; התעללות, ניצול",Buse נשמע כמו בוז. בוז למי שמתעלל!!!!!! ,מעין,1,0,0.0,0
316,Accumulate,"לצבור, לאסוף ","Accum- נשמע כמו קיום בעברית, late= מאוחר. ככל שנהיה &quot;מאוחר&quot; בקיום, הבן אדם צובר ידע, אוסף ניסיון. ",מעין,1,0,0.0,0
317,Diminish,הצטמצם,"די 'מיני' ש - מיני, קטן, הוא נהפך למיני, הצטמצם",מיכל,1,0,0.0,0
318,Apparatus,מנגנון,לפרה(para) אין מנגון שיכול לגרום לה לטוס(atus),יקיר,1,0,0.0,0
319,Combat,לתקוף,הוא רצה לקום(com) עם מחבט(bat) ולתקוף אותו,יקיר,1,0,0.0,0
320,Grand,"גדול,מרשים",קיצור של המילה גרנדיוזי,יקיר,1,0,0.0,0
321,Gunpowder,אבק שריפה,"Gun(אקדח) , powder(אבקת פודרה) - אבק שריפה היא אבקה הנפלטת מאקדח",יקיר,1,0,0.0,0
322,Herd,עדר,בהיפוך אותיות קטן - מתקבלת המילה עדר,יקיר,1,0,0.0,0
323,Herd,לאסוף,"כדי ליצור עדר (herd) , צריך לאסוף את כולם למקום אחד",יקיר,1,0,0.0,0
324,Immoral,לא מוסרי,"Im(תחילית שלילה) , moral(מוסר - אדם מורלי - אדם מוסרי) ◄ לא מוסרי",יקיר,1,0,0.0,0
325,Independence,עצמאות,In(תחילית שלילה - אי) depend(תלוי) ◄ עצמאות היא לא להיות תלוי באף אחד,יקיר,1,0,0.0,0
326,Luxury,מותרות,למי שיש יכולת לקנות מותרות אומרים שהוא חייב ב&quot;לוקסוס&quot; (luxury),יקיר,1,0,0.0,0
327,Mobilize,"לנייד, להניע",הוא מוביל(mobil) - לכן תפקידו לנייד ממקום למקום,יקיר,1,0,0.0,0
328,Mobilize,"לנייד, להניע",טלפון נייד נקרא (mobile phone) - מכאן מבינים שנייד זה mobile,יקיר,1,0,0.0,0
329,Noble,אצילי,אדם שזוכה בפרס נובל(noble) הוא אדם אצילי,יקיר,1,0,0.0,0
330,Novel,חדש,"אחרי שהפרח נובל(novel) , צומח אחד חדש",יקיר,1,0,0.0,0
331,Offend,להעליב,מה שגרם לו להיות &quot;כבוי&quot; (off) הוא שבסוף(end) הנאום שלו כולם העליבו אותו,יקיר,1,0,0.0,0
332,Prejudice,דעה קדומה,Pre(לפני) - jud(לשפוט - judge) ◄ דעה קדומה היא ששופטים מישהו לפני שמכירים אותו,יקיר,1,0,0.0,0
333,Provoke,"להתגרות , להסית","פרובוקציה(provok) היא פעולה שמטרתה לעורר כעס, להתגרות או להסית",יקיר,1,0,0.0,0
334,Rapid,מהיר,ליודעי הספרדית - דומה למילה Rápido,יקיר,1,0,0.0,0
335,Tilt,להטות,תלתן(tilt) הוא ריבוע שהֻטָה ,יקיר,1,0,0.0,0
336,Track,מסלול,צעירים רבים טסים לדרום אמריקה לעשות טראקים (מסלולי הליכה),יקיר,1,0,0.0,0
337,Vanish,להיעלם,חומר הניקוי vanish גורם לכתם להיעלם,יקיר,1,0,0.0,0
338,Infiltrate,להסתנן,מזכיר מאד את המילה filter(פילטר - מסנן) -המים מסתננים דרך הפילטר בברז המים וכעת הם נקיים לשתיה,יקיר,1,0,0.0,0
339,Vanish,להיעלם,ואין(vain) איש(ish) - היעלמות,יקיר,1,0,0.0,0
340,Chariot,מרכבה,המרכבה של השר(char) יותר(iot) מפוארת משלי,יקיר,1,0,0.0,0
341,Corrupt,מושחת,ראש העיר אפתי(upt - לא אכפתי) אפילו כלפי האנשים הסובלים מקור(cor) - ולכן אני חושב שהוא מושחת,יקיר,1,0,0.0,0
342,Congregate,"התאסף, נקהל",לא היו שולחנות פנויות במסעדה ולכן התאסף קהל רב בשער(gate) של קפה גרג(greg),יקיר,1,0,0.0,0
344,Abstain,"להתנזר,להימנע ממשהו","בשביל abs(קוביות בבטן) , אין(ain) לאכול שוקולדים - צריך להתנזר מהם",יקיר,1,0,0.0,0
345,Alienation,"ניכור, הרחקה","Alien(חייזר) , tion(סיומת ההופך לשם פעולה) ◄ גרימה למישהו להרגיש כאילו הוא חייזר - מרוחק ומנוכר .",יקיר,1,0,0.0,0
346,Augment,"להרחיב, להגדיל",Aug(נשמע כמו huge - ענק) וment(סופית המייצגת פעולה/תהליך) -כדי להפוך משהו לענק צריך להגדיל ולהרחיב אותו,יקיר,1,0,0.0,0
347,Cater,לספק,Cater(כתר) - מי שיש לו כתר (דהיינו המלך) - הוא יכול לספק לעצמו מה שהוא רוצה,יקיר,1,0,0.0,0
348,Cheerful,"עליז, שמח","הוא עשה מלא(full) לחיים(cheers) - עכשיו הוא ממש שיכור, עליז ושמח",יקיר,1,0,0.0,0
349,Cheerful,"עליז, שמח",הוא קיבל מלא(full) עידוד(cheer) ולכן הוא כה עליז ושמח,יקיר,1,0,0.0,0
350,Concrete,בטון,"Con(כאן) , cre(כרה) , ete(את [חפירה]) ◄ הוא כרה כאן בורות באת כדי לשפוך לשם בטון שישמש לעמודים",יקיר,1,0,0.0,0
351,Contagious,מדבק,Con(עם) tag(תיוג) - הם הדביקו לו תיוג של אדם רע,יקיר,1,0,0.0,0
352,Contaminate,לזהם,"Con(עם) , tami(תמי 4) , nate(רשת - net) ◄הרשת של ברז התמי 4 גורם למים לא להיות מזוהמים",יקיר,1,0,0.0,0
353,Correlate,"לתאם , לקשר","Cor(קור) , elate(אילת) כמה שניסיתי לא הצלחתי לתאם ולקשר בין המושג קור לעיר אילת - תמיד חם פה ! ",יקיר,1,0,0.0,0
354,Cross,"צלב, להצליב","דומה למילה &quot;קרס&quot; ◄ החוק בגרמניה, אוסר על הצגת צלב קרס בפומבי",יקיר,1,0,0.0,0
355,Courtesy,נימוס,חייב להתנהג בנימוס בבית המשפט(court),יקיר,1,0,0.0,0
356,Cult,כת,נשמע כמו כת,יקיר,1,0,0.0,0
357,Infiltrate,להסתנן,In(בתוך) filtr(פילטר) - מה קורה בתוך הפילטר ? המים מסתננים,יקיר,1,0,0.0,0
358,Swing,"לנדנד, נדנדה",כנף(wing) המטוס מתנדנדת כשיש כיסי אוויר,יקיר,1,0,0.0,0
359,Accentuate,"להבליט, להדגיש","Cent(סנט) , ate(את) - כשקיבלתי את הסנט הבחנתי שיש עליו תבליט של הנשיא לינקולן",יקיר,1,0,0.0,0
360,Strain,להתאמץ,שההוא קופץ מרכבת לרכבת(כמן במשחק סאבווי סואפטר) הוא מתאמץ,אופיר,1,0,0.0,0
361,Accusation,האשמה,המילה כולל בתוכה cus (גורם - cause) -האשמה זה לומר שמישהו מסויים גרם לזה . ,יקיר,1,0,0.0,0
362,Annihilate,להשמיד,"Anni (אני) , hilate(כילֶיתי) - לכלות זה לחסל/להשמיד - אני כילֶיתי את השדה שלי",יקיר,1,0,0.0,0
363,Chase,לרדוף,הוא שסה(chase) את הכלב לרדוף אחריו,יקיר,1,0,0.0,0
364,Dawn,שחר,השמש היא כמו דאון(dawn) בזמן עלות השחר - היא דואה למעלה וזורחת,יקיר,1,0,0.0,0
365,Dealt,מחלק קלפים,תפקיד הדילר (dealer) בפוקר הוא לחלק את קלפים,יקיר,1,0,0.0,0
366,Disparage,"להמעיט בעלך , לזלזל",אל(dis) תזלזל בכוח של פר(par) בעל גיל(age) מבוגר,יקיר,1,0,0.0,0
367,Agony,ייסורים,"אגו(ago) גורם לייסורים , אם מוותרים עליו מרגישים הרבה יותר טוב",יקיר,1,0,0.0,0
368,Expense,הוצאות,העטים(pens) היוקרתיים שקניתי לאקס(ex) היו הוצאות כבדות בשבילי,יקיר,1,0,0.0,0
369,Grade,שיפוע,את הגראד(grad) יורים בשיפוע,יקיר,1,0,0.0,0
370,Offend,להעליב,כולם מעליבים אותו ומאחלים לו שיסיים(end) כמו עוף (off)בצלחת,יקיר,1,0,0.0,0
371,Immertion,שקיעה(השתקעות),"Imm(עם) er(ער) tion(שן/יושן) - ""עם ער ויושן "" - השתקעות היא מצב שהאדם הוא עם ערנות אך גם עם שינה",יקיר,1,0,0.0,0
373,Despair,להתייאש,"De(תחילית שמשמעותה שלילה) ,spair(ספייר/גלגל רזרבי) - גלגל הספייר תקול גם ! ולכן הוא התייאש",יקיר,1,0,0.0,0
374,Dislocate,"לפרוק, לנקוע","Dis(תחילית שמשמעותה ביטול), locate(למקם) ◄ לנקוע ולפרוק זה לבטל את העצם מהמקום שלה",יקיר,1,0,0.0,0
375,Eliminate,לחסל,"Elim(העלים) את(ate) - ""להעלים מישהו"" היא רמז לדרישה לחסל למישהו",יקיר,1,0,0.0,0
376,Emission,פליטה,Miss(לפספס) - התפספסה לו איזה מילה והוא פלט פליטת פה נוראית,יקיר,1,0,0.0,0
377,Flatter,להחמיא,דומה למילה לפלרטט - הוא מחמיא לה ומלפרטט איתה,יקיר,1,0,0.0,0
378,Supreme,עליון,"נשמע כמו ""סופרמן"" - סופר מן הוא אדם עליון",יקיר,1,0,0.0,0
379,Discipline,"להעניש, לחנך,משמעת","Skip(הבריז(יש אסוציאציה באתר)) line(שורה) - המורה חינכה אותו בכך שיכתוב על הלוח מאה שורות ""אני לא אבריז"".",יקיר,1,0,0.0,0
380,Skip,להבריז,Skip - זה לדלג ◄ להבריז זה לדלג על השיעור,יקיר,1,0,0.0,0
381,Discrepancy,פער,כשהוא ראה את הקרפ(crep) נוצר לו פער בפה,יקיר,1,0,0.0,0
382,Delegate,"להאציל,להסמיך",Deleg(דילג) ate(את) ◄ שמואל דילג את אחיו של דוד ולא האציל והסמיך עליהם את המלכות,יקיר,1,0,0.0,0
383,Venture,מסוכן,Venture- כמו קיצור לadventure(הרפתקה) הרפתקה היא דבר מסוכן,מיכל,1,0,0.0,0
384,Erupt,להתפרץ,"Er(ער/התעורר) , up(למעלה) ◄ הר הגעש התעורר והתפרץ למעלה",יקיר,1,0,0.0,0
385,Dynasty,שושלת,דין (dyn) וasty(אסתי/אסתר) - אם אתה מהשושלת של אסתי המלכה אז אתה יכול לגזור דין - כי גם אתה מלך,יקיר,1,0,0.0,0
386,Fellow,"חבר, עמית",יש אנשים שבשבילם בצק פילו הוא החבר האהוב עליהם ,יקיר,1,0,0.0,0
387,Harness,"לרתום, רתמה",הוא נפל מההר(har) אך הרתמה שהייתה קשורה לו הצילה אותו בנס(ness),יקיר,1,0,0.0,0
388,Mole,חפרפרת,החפרפרת עושה מלא חורים(holes) באדמה,יקיר,1,0,0.0,0
389,Insurmountable,שאין להתגבר עליו,ההר(mount) כל כך גבוה שאני בטוח(sure) שאין(in) לך יכולת(able) להתגבר עליו,יקיר,1,0,0.0,0
390,Oppressive,מעיק,מעיק זה לוחץ(press),יקיר,1,0,0.0,0
391,Oppressive,אכזרי,הוא לוחץ(press) עליו בנקודות הרגישות - הוא אכזרי,יקיר,1,0,0.0,0
392,Potent,"חזק, בעל כח השפעה",Pot(פוט) en(אין) - מי שאין לו פוט - הוא בעצם גבר - וידוע שהגברים חזקים יותר ובעלי כח השפעה רב יותר (לצורך דוגמה בלבד),יקיר,1,0,0.0,0
393,Rebuttal,"הפרכה, סתיר",Buttal(בוטל) - באמצעות הפרכה או סתירה אפשר לגרום למשהו להיות מבוטל,יקיר,1,0,0.0,0
394,Recollection,זיכרון,הזיכרון שלנו אוסף(collect) מחדש(re) כל יום מידע,יקיר,1,0,0.0,0
395,Recruit,לגייס,כולם קרואים(cui) להתגייס לצבא,יקיר,1,0,0.0,0
396,Recur,קרה שוב,"Re(תחילית שוב) , cru(דומה לקרה)",יקיר,1,0,0.0,0
397,Rodent,מכרסם,Dent(דנטלי - שקשור לשיניים) - מכרסמים הם יונקים הניכרים בשיניהם החותכות,יקיר,1,0,0.0,0
398,Satellite,לווין,Satel(נשמע כמו שאטל = מעבורת) lite(גרסה פשוטה יותר של דבר מה) - הלייון הוא הגרסה הפשוטה של מעבורת החלל,יקיר,1,0,0.0,0
399,Scare,נדיר,לסקאר(scare) הדמות ממלך האריות יש רעמה שחורה - וזה נדיר,יקיר,1,0,0.0,0
400,Score,"לחתוך, לחרוץ",Scor(סרק) - סרקו(חתכו) את בשרו של רבי עקיבא בברזל,יקיר,1,0,0.0,0
401,Secular,חילוני,"Se(זה) , cular(קולר) - אדם חילוני חושב שלהיות דתי זה כמו להיות קשור בקולר למישהו (יש הרבה הגבלות)",יקיר,1,0,0.0,0
402,Delinquent,"נזנח, נשכח",Deli(נשמע כמו delete = נמחק) uent(הלך=went) - הוא נמחק והלך לו - נשכח,יקיר,1,0,0.0,0
403,Hail,לשבח,הוא עושה חיל(hail) אז הוא שיבח אותו,יקיר,1,0,0.0,0
404,Hail,לשבח,המנהל שיבח אותו על כך שעשה חיל(hail) בחברה,יקיר,1,0,0.0,0
405,Incorporate,"לכלול, לשתף, לאגד","In(ב-) , cor(אקורד) , porate(פורט) ◄ באקורד אני פורט על כמה מיתרים - אני כולל משתף ומאגד אותם יחד",יקיר,1,0,0.0,0
406,Sink,כיור,S(יש - has) ו-ink(ינק) ◄ בכיור יש יניקה (ספיגה) - של מים,יקיר,1,0,0.0,0
407,Sink,לשקוע,המים בכיור(sink = יש אסוציאציה באתר) שוקעים,יקיר,1,0,0.0,0
408,Inevitable,"שאין מנוס ממנו,בלתי נמנע",In-evil-table - זה בלתי נמנע לקבל לפחות פעם אחת שולחן(table) רע (evil)בפוקר.,טל .פ.,1,0,0.0,0
409,Prophecy,נבואה,"לפרוספסורים(prophecy) יש המון ידע בתחום , עד שהם ממש יכולים לחזות את העתיד של התחום , ממש כמו נבואה.",יקיר,1,0,0.0,0
410,Fragile,"שביר, עדין","באופן רגיל(ragil) , זכוכית היא דבר שביר ועדין , אך יש יוצאי דופן",יקיר,1,0,0.0,0
411,Obsolete,מיושן,"נשמע כמו פסולת ,דבר מיושן שצריך לזרוק ",טל,1,0,0.0,0
412,Postpone,לדחות,"כשאתה פונה (pone) לדואר (Post) הם בד""כ דוחים דברים ",טל ,1,0,0.0,0
413,Stark,"שומם, עזוב","הירח הוא כוכב(star) שומם , שאין נפש חיה",יקיר,1,0,0.0,0
414,Stark,"שומם, עזוב","Star(כוכב) , rk(רוק rock) - יש הרבה כוכבי רוק שמרגישים עזובים ושוממים.",יקיר,1,0,0.0,0
415,Triumph,ניצחון,"דומה למילה(trump) - דולנד טראמפ ניצח בבחירות לנשיאות ארה""ב",יקיר,1,0,0.0,0
416,Prevalent,"נפוץ,שכיח,רווח","Pre(פרי), valent(יום האהבה valentine) ◄ התותים הם פרי נפוץ ביותר ביום האהבה",יקיר,1,0,0.0,0
418,Awful,נורא,או(aw) ריח של פול(ful) זה דבר נורא,עמית נחום,1,0,0.0,0
419,Generate,ליצור / לחולל ,"מזכיר את המילה גנרטור, שהתפקיד של גנרטור הוא לייצר חשמל.",טל,1,0,0.0,0
420,Hamper,"לעצור, למנוע",במפר מונע מהמכונית לנסוע מהר,גל,1,0,0.0,0
421,Thick,"עבה, סמיך",וואי התיק הזה כל כך סמיך ועבה שאי אפשר לראות כלום דרכו,נוגה,1,0,0.0,0
422,Inhabit,"לאכלס, ליישב","N(בתוך) , abit(הבית) ◄ הכניס לתוך הבית - ליישב",יקיר,1,0,0.0,0
423,Astonishment,"תדהמה,השתאות",האסטונים(astonish) גרמו לתדהמה,נטע,1,1,5.0,5
424,Comfort,נחמה,Comfort food = אוכל מנחם. ,נטע,1,0,0.0,0
425,Criteria,"אמת מידה, אבן בוחן","קרייטריה= נשמע כמו קטגוריה. (אמת מידה,אבן בוחן)",נטע,1,0,0.0,0
426,Degenerate,להתנוון,נשמע כמו הדור(generation). דור ה-Y מנוון. ,נטע,1,0,0.0,0
427,Detect,"לאתר,לגלות",דתק- מבנה בבסיס חיל האוויר( החיל שמאתר ומגלה מהשמיים). (=detect),נטע,1,0,0.0,0
428,Export,לייצא,"להוציא סחורה מהנמל(port), לייצא מהנמל (export)",נטע ,1,0,0.0,0
429,Populous,מאוכלס בצפיפות,פופקורן הוא צפוף (=פופולוס),נטע,1,0,0.0,0
430,Plot,עלילה,"Plot(לוט) , בספר בראשית יש עלילה המסופרת על לוט",יקיר,1,0,0.0,0
431,Gauge,להעריך,"דומה למילה 'גג' - כשמישהו אומר""אני אגיע גג עד שש"" הוא מעריך מתי יגיע",יקיר,1,0,0.0,0
432,Petition,"עצומה, עתירה",Pet(חיית מחמד) - הם הגישו עתירה הקוראת לאימוץ חיות מחמד,יקיר,1,0,0.0,0
433,Align,להסתדר בשורה,Al(על) lign(נשמע כמו line=שורה) - המפקד ביקש להסתדר על השורה,יקיר,1,0,0.0,0
434,Bashful,ביישן,Bash(בש-בושה) ful(מלא) - 'הוא מלא בושה',יקיר,1,0,0.0,0
435,Blend,לערבב,דומה למילה 'בלנדר' (blender) - הבלנדר מערבב דברים,יקיר,1,0,0.0,0
436,Bore,לקדוח(חור),"לקדוח חור , זה לעשות בור(bore) בקיר",יקיר,1,0,0.0,0
437,Bury,לקבור,Bur(בור) - לקבור זה להכניס את הנפטר לתוך בור באדמה,יקיר,1,0,0.0,0
438,Deform,לעוות,"De(תחילית שמשמעותה ביטול/שלילה) , form(צורה) - לעוות זה לבטל ולהרוס צורה של משהו",יקיר,1,0,0.0,0
439,Displacement,עקירה,Dis(תחילית שמשמעותה ביטול/ניתוק) placement(מיקום) - עקירה זה ניתוק מהמיקום,יקיר,1,0,0.0,0
440,Embryo,עובָּר,"Em(אם/אמא) , bryo(בריאו - בראה אותו) - העובר הוא בריאה של האם",יקיר,1,0,0.0,0
441,Finalize,לסכם,"Final(סיום) , ize(סיומת ההופכת לפועל) - לסכם זה לתמצת את הפרטים בסיום של דבר מה ",יקיר,1,0,0.0,0
442,Inhibit,לרסן,"Inhi(אין היא) , bit(נושכת bite) - הכלבה,אין היא נושכת , כי הוא ריסן אותה",יקיר,1,0,0.0,0
443,Penalty,קנס/עונש,Penalty(פנדל) - בכדורגל בעיטת פנדל הוא עונש/קנס לקבוצה שביצעה עבירה בתוך הרחבה,יקיר,1,0,0.0,0
444,Propel,"להניע, לדחוף",דומה למילה פרופלור - פרופלור הוא מדחף - אמצעי להנעה כלי שייט וכלי טייס,יקיר,1,0,0.0,0
445,Barking,לנבוח,המלך של הבר (המנהל) כל הזמן נובח(צועק) על העובדים שלו,טלוש,1,0,0.0,0
446,Repeat ,"חזרה, לחזור על","כמו השיר- eat, beach, sleep, repeat. כל הדברים הכי כייפים לעשות וחוזר חלילה",טלוש,1,0,0.0,0
447,Trial,"נסיון, צרה",למרות כל הצרות שעשית נתנו לך עוד נסיון וזה לא טרי(ו)יאל(י). ,טלוש,1,0,0.0,0
448,Thriving,משגשג,העסק שלך משגשג. תנסה לתת קצת לאנשים שאין להם. נשמע כמו try(giv)ing,טלוש,1,0,0.0,0
449,Proper,"הולם, תקין",פרוספר מהסדרה ״שנות ה-80״ תמיד מתנהג בצורה הולמת בתקינה מכיוון שהוא רב של בית כנסת ,טלוש,1,0,0.0,0
450,Prediction ,"נבואה, חיזוי",אני מצליחה לחזות לפני (pre) המבחן הפסיכומטרי את כל האוצר מילים (diction חלק מהמילה dictionary) שאבחן עליו ,טלוש,1,0,0.0,0
451,Stabbed,דקר (בזמן עבר),סתיו (Stab) דקר את חברו בזמן שישן במיטה (bed). רחמנא ליצלן ,טלוש,1,0,0.0,0
452,State,להצהיר,USA- יונייטד סטייט אוף אמריקה. הצהירה שחמישים מדינות באמריקה מתאחדות לאחת.,טלוש,1,0,0.0,0
453,Sacred ,קדוש,שק (sac) אדום (red) מסתמן כדבר קדוש אצל בני שבט ״חארטה״,טלוש,1,0,0.0,0
454,Sampling ,דגימה ,אני לוקחת לך כמה (some) דגימות מהפילינג (pling) החדש שלך,טלוש,1,0,0.0,0
455,Diminish,"לצמצם, להפחית",המסעדה הסינית מפחיתה את ההוצאות ומצמצת את ה״דים סאם״ (Dim) לכל איש (ish).,טלוש,1,0,0.0,0
460,Colossal,ענק,הוא בוודאות מטביע לסל (SSAL) כי כולו (COLO) ענק.,לישי,1,0,0.0,0
461,Adhere,לדבוק ב-,"Ad(מודעה) here (כאן) - בהרבה מקומות יש שלט ""אסור כאן להדביק מודעות"" - להדביק נשמע כמו לדבוק ב",יקיר,1,0,0.0,0
462,Advocate,לייעץ,אדבוק(advoc) ו-ate(את) ◄ cate(קייט) - הפרקליטה שלי קייט ייעצה לי לדבוק בגרסה שלי ,יקיר,1,0,0.0,0
463,Allowance,"קצבה , דמי כיס","Allow(להרשות) , ance(סיומת המתארת שם עצם) -בזכות הקצבה , אני יוכל להרשות לעצמי לקנות דברים",יקיר,1,0,0.0,0
464,Appraise,"להעריך(שווי) , לאמוד","App(אפליקציה) , raise(הרים) - אני מנסה לאמוד כמה שווה האפליקציה שהחברה ""הרימה"".",יקיר,1,0,0.0,0
465,Ark,"תיבה , ארון","אר""ק - ארון קבורה",יקיר,1,0,0.0,0
466,Arrogant,"יהיר, שחצן",Arrog(הרוג!) ant(נמלה) - אדם שהורג נמלה אין לו להשתחצן כאילו הרג אריה,יקיר,1,0,0.0,0
467,Candidate,מועמד,היו מקבלים את המועמד לעבודה רק אם הוא היה יכול לעשות את זה (can did it),לישי,1,0,0.0,0
468,Attire,לבוש,"Attire(אתייר) , אני רוצה לתייר ביפן , כדי לראות את הלבוש המסורתי - קימונו",יקיר,1,0,0.0,0
469,Attire,לבוש,Tire(צמיג) at(את) - את הצמיג מלבישים על הגלגל - הוא הלבוש שלו,יקיר,1,0,0.0,0
470,Cabin,בקתה,קבינה הוא תא הנהג - כמו בקתה קטנה,יקיר,1,0,0.0,0
471,Condone,"לסלוח , למחול","Con(עם) , done(נעשה) - לפעמים צריך להשלים עם דבר שנעשה ולמחול על כך",יקיר,1,0,0.0,0
472,Arrogant,"יהיר, שחצן","Arr(ער) , gant(ענק giant) - הוא נהיה שחצן - פתאום הוא התעורר לו ותפס מעצמו איזה ענק ",יקיר,1,0,0.0,0
473,Consolidate,"לאחד , לגבש","Sol(סולו - לבד) , date(פגישה) - ארגנתי פגישה על מנת לאחד ביניהם ושהוא לא ישאר יותר לבד",יקיר,1,0,0.0,0
474,Idolize,להעריץ,באמריקן איידול מתפרסמים אנשים ואז כולם מעריצים אותם ,יקיר,1,0,0.0,0
475,To confine,להגביל,מי שיעבור את הגבול יקבל קנס (FINE),לישי,1,0,0.0,0
476,Soar,"המריא, התרומם","Soar מזכיר קצת את roar (לשאוג), כשאריה שואג הוא מרים את הראש למעלה.",מרתה בורט,1,0,0.0,0
478,Abate,לצמצם,"מכיל את ate (לאכול), כשאוכלים מצמצמים את כמות האוכל.",מרתה בורט,1,0,0.0,0
479,Obstinate,עקשן,"מזכיר את obstacle (מכשול), אדם עקשן לעיתים מהווה מכשול לסובבים אותו כי הוא לא מוכן להקשיב לאף אחד.",מרתה בורט,1,0,0.0,0
480,Conceal,להסתיר ,"מרכיב את המילה (Concealer) ""קונסילר"" שתפקידו להסתיר כהויות מתחת לעיניים, פצעונים וכו'",טל,1,0,0.0,0
481,Accomplices,שותפים לדבר עבירה,"Accomp(נשמע כמו company - חברה) , plice(משטרה police) - המשטרה עצרה גם אותו כי הוא היה שותף לדבר עבירה",יקיר,1,0,0.0,0
482,Amusement,שעשוע,"Am(הם) , use(לנצל) - הוא שעשוע בשבילו , היא מנצלת אותו ולא באמת אוהבת אותו",יקיר,1,0,0.0,0
483,Atrocity,זוועה,"אם יש בעיר(city) איזשהו מראה זוועה , אני פשוט אטרוק(atroc) חזק את הדלת ולא אצא מהבית",יקיר,1,0,0.0,0
484,Bolster,לתמוך,אחותי(sister) תמיד הגיעה לתמוך בי כשהייתי משחק בכדור(bol) ובזכותה היום אני שחקן מעולה,יקיר,1,0,0.0,0
486,Cultivate,"לעבד, לטפח","Cul(קל) , tivat(תבעט) - אם כל יום תבעט בכדור אתה תטפח את עצמך ויהיה לך קל יותר להכניס גול",יקיר,1,0,0.0,0
487,Dampen,לדכא,"ירד לי דם(dam) כי נפצעתי מהעט(pen) , זה ממש מדכא",יקיר,1,0,0.0,0
488,Dare,"להעיז,תעוזה","הוא דר(dare) לבד מגיל צעיר , צריך המון תעוזה בשביל זה !",יקיר,1,0,0.0,0
489,Delicate,עדין,Delicate(דומה למילה דליקסט - מעדן) ,יקיר,1,0,0.0,0
490,Deflate,להוציא אוויר מ...,"Flat(שטוח) - אם מוציאים ממשהו את האוויר שבתוכו , הוא נהיה שטוח יותר",יקיר,1,0,0.0,0
491,Demean,"להנמיך, להשפיל","De(תחילית ביטול) , mean(משמעות) - להנמיך ולהשפיל מישהו זה לבטל את המשמעות שלו",יקיר,1,0,0.0,0
492,Congenital,מולד,"Con(תחילית עם) , gen(גן) - דבר שעובר בגנים זה דבר מולד",יקיר,1,0,0.0,0
493,Depreciate,להפחית,De(תחילית שלילה) preciate(דומה לה appreciate - להעריך) - הוא לא מעריך אותו ומפחית בערכו,יקיר,1,0,0.0,0
494,Disgrace,בושה,"Dis(תחילית לא) , grace(גראס) - בושה שחולים לא מקבלים את הגראס הרפואי שלהם בזמן",אופיר,1,0,0.0,0
495,Dispatch,לשגר,"Dis(תחילית לא) , patch(פאצ' / פצ (פיצוץ)) - הוא שיגר את הטיל אך לא היה פיצוץ",יקיר,1,0,0.0,0
496,Domestic,ביתי,"Dome(דומה), stic(סטיק/מקל) - הסטיק של השירותים שדומה למברשת שיניים הוא לשימוש ביתי",רפאל,1,0,0.0,0
497,Harass,להציק,Harass(הרס) - הוא הציק לי והרס לי את כל החוויה,יקיר,1,0,0.0,0
498,Suspense,מתח,"Sus(סוס), pense(מכנסיים) - מרוב מתח הסוס עשה במכנסיים",יקיר,1,0,0.0,0
499,Withdraw,"לסגת, לפרוש","With(ב-) , draw(תיקו) - גם אם המשחק הסתיים בתיקו , אין זה אומר שהקבוצה צריך לפרוש ממירוץ האליפות",יקיר,1,0,0.0,0
500,Articulate,"רהוט,לנסח",Art(מאמר article) - מאמרים אקדמיים צריכים להיות מנוסחים בצורה רהוטה.,יקיר,1,0,0.0,0
501,Revere,להעריץ,Evere(עיוור) - הערצה עיוורת,יקיר,1,0,0.0,0
502,Reproach,לגעור,"Proach(פרוץ) - הוא התפרץ עליו , גער בו",יקיר,1,0,0.0,0
503,Conform,"להתאים,להסתגל","התנהגות קונפורמית היא מצב של ""הליכה עם הזרם""",טל,1,0,0.0,0
504,Engrave,לחרוט ,"En-ב GRAVE- קבר, על הקבר חורטים את שם הנפטר ",טל ,1,0,0.0,0
505,Acquitted,זוכה מאשמה,"Quit(יצא)- ""הוא יצא מזה בשלום"" - זוכה מאשמה",יקיר,1,0,0.0,0
506,Amputation,קטיעה,Amput(אמפתיה) - מי שעובר קטיעה אנו נוטים לחוש כלפיו יותר אמפתיה,יקיר,1,0,0.0,0
507,Congenital,מולד,"Gen(גן) , nita(ניטע) - משהו מולד זה דבר שנטוע בגנים",יקיר,1,0,0.0,0
508,Cope,להתמודד,Cop(שוטר) - על השוטרים להתמודד מול מגוון אנשים מידי יום,יקיר,1,0,0.0,0
509,Credibility,אמינות,"Credit(קרדיט) - ""הוא נתן לי קרדיט"" - הוא מאמין בי ",יקיר,1,0,0.0,0
510,Despise,לתעב,"Spicy(חריף) - לרוב , יוצאי אשכנז מתעבים מאכלים חריפים",יקיר,1,0,0.0,0
511,Draw,לשלוף,Draw(לצייר) - כדי לצייר צריך לשלוף את המכחול לפני,יקיר,1,0,0.0,0
512,Eager,נלהב,Eager(היגר) - אני נלהב להגר לדרום אמריקה,יקיר,1,0,0.0,0
513,Enlist,להתגייס,"En(הן) , list(רשימה) -כשמחר הן התגייסו , הן יקבלו רשימת ציוד בבקום",יקיר,1,0,0.0,0
514,Entitled,זכאי,"En(אין) , title(טייטל/כותרת) - הוא יצא זכאי והטייל שהדביקו לו אינה קיימת יותר.",יקיר,1,0,0.0,0
515,Exert,להפעיל,קבצי exe הם קבצי הפעלה במחשב,יקיר,1,0,0.0,0
516,Flagrant,בוטה,"Flag(דגל) , ran(איראן) - להניף את דגל איראן עלול להתפרש כדבר בוטה",יקיר,1,0,0.0,0
517,Donor,תורם,מהמילה donate(לתרום(יש אסוציאציה באתר) ,יקיר,1,0,0.0,0
518,Engagement,התחייבות,האחרי האירוסין(engagement) - החתן והכלה מתחייבים לשמור אמונים זה לזו,יקיר,1,0,0.0,0
519,Garment,"בגד, לבוש","Gar(גר) , men(גברים) - לא מוכרים בגדי גברים היכן שאני גר",יקיר,1,0,0.0,0
520,Garment,"לבוש, בגד",גורמט(מן צמיד) הוא סוג של לבוש,יקיר,1,0,0.0,0
521,Genus,"סוג,מין",הגנים(gen) שלנו(us) - סוג הדם שלנו עבור בגנים שלנו,יקיר,1,0,0.0,0
522,Grief,"צער, יגון",Rief(ריף) - הדולפינים חשים בצער כשאין מבקרים בריף ,יקיר,1,0,0.0,0
523,Growl,נהמה,המילה נשמעת בדיוק כמו נהמה של אריה (גרָאוּל!!),יקיר,1,0,0.0,0
524,Halve,לחצות,דומה למילה half(חצי),יקיר,1,0,0.0,0
525,Hasten,"למהר , להחפז",Hast(נשמע כמו אָץ - hats) - להאיץ זה למהר,יקיר,1,0,0.0,0
526,Hatch,לבקוע(מביצה),(לחובבי פוקימון) האטץ'(hatch) קצ'ם הוא מאמן יצורים אשר בוקעים מפוקדורים,יקיר,1,0,0.0,0
527,Hatch,"פתח, צוהר","לפני שהאפרוח בוקע(hatch - יש אסוציאציה באתר) , הוא עושה לעצמו פתח בביצה",יקיר,1,0,0.0,0
528,Haul,לגרור,Haul(נשמע כמו חול) - האוטו שלי נתקע בחול וצריך לגרור אותו,יקיר,1,0,0.0,0
529,Hibernate,לישון שנת חורף,"Hiber(חיבר) , nate(לילה night) - לישון שנת חורף זה כאילו לחבר את כל הלילות ללילה אחד ארוך",יקיר,1,0,0.0,0
530,Illuminate,להאיר,"אילו(illu) מִנֵּית(minate) אותי , הייתי מאיר את עיניהם לפתרון הבעיה",יקיר,1,0,0.0,0
531,Illuminate,להאיר,Illum(עילום - הסתרה/כיסוי) ate(את) - לירח יש צד נעלם(מוסתר) שהשמש לא מאירה אותו,יקיר,1,0,0.0,0
532,Imitate,לחקות,"Im(עם) , itat(הִטֵּית) - לחקות הוא לייצר משהו דומה למקור אך עם הטיה קלה",יקיר,1,0,0.0,0
533,Imitate,לחקות,"Im(עם) , itat(הִטְעֵית) - לחקות זה לייצר משהו דומה למקור אך עם טעויות קלות",יקיר,1,0,0.0,0
535,Induce,לייצר,מזכיר את המילה induce)indus: industry) - בתעשייה מייצרים דברים,יקיר,1,0,0.0,0
536,Leisurely,"נינוח , רגוע","Lei(דומה לlie -לשכב) , sure(בטוח) - אני שוכב בביטחון על הערסל - כולי נינוח ורגוע",יקיר,1,0,0.0,0
537,Malformation,"עיוות , פגם","Mal(תחילית שפירושה רע) , form(צורה) - אם הצורה רעה , כנראה שיש פגם במוצר",יקיר,1,0,0.0,0
538,Repelled,"דחה , הגעיל",Pelled(נשמע כמו פלט/קיא) - הוא הוציא פלט וזה הגעיל אותי,יקיר,1,0,0.0,0
539,Reproduce,"להתרבות , לשכפל","Produce(לייצר) , re(תחילית שמשמעותה שוב) - לשכפל זה לייצר את אותו הדבר שוב",יקיר,1,0,0.0,0
540,Resigned,להתפטר,"Re(שוב) , signed(חתם) - שוב התפטרתי מהעבודה והלכתי לחתום אבטלה",יקיר,1,0,0.0,0
541,Aside,במאמר מוסגר,בוא הסידה (=הצידה) ואספר לך במאמר מוסגר,אביב,1,0,0.0,0
542,Bank,לערום,בבנקים יש ערימות של כסף,אביב,1,0,0.0,0
543,Spacious,מרווח,"Space(רווח) , ious(סופית שם תואר) - מרווח",יקיר,1,0,0.0,0
544,Suburban,פרברי,"Sub(תחילית שפירושה תת) , urban(עירוני) - פרבר היא סוג של תת עיר",יקיר,1,0,0.0,0
545,Impair,"לפגום , להחליש","Impair(אימפריה) - לפני שהחלישו אותה, רומא הייתה אימפריה עצומה",יקיר,1,0,0.0,0
546,Dim,לעמעם,שעת הדימדומים זה זמן שאור השמש מעומעם,לירון,1,0,0.0,0
547,Fatigue,"לעייף, עייפות, תשישות",Fat זה שמן.שמן הוא עייף ותשוש כל דבר מעייף אותו,לירון,1,0,0.0,0
548,Fault,"פגם , תקלה, אשמה","פאלטה זו תקלה, פגמתי משהו ועכשיו אני אשמה",לירון,1,0,0.0,0
549,Knees,ברכיים,רק עכשיו נזכרת לרדת על הברכיים ולהציע לה נישואים,לירון,1,0,0.0,0
550,Sparse,דליל,"מזכיר space - חלל , ובחלל האוויר הוא דליל",דניאלה,1,0,0.0,0
551,Drawback,חיסרון,"Draw(תיקו) , back(לאחור) - להיות אחורה מהתיקו - כלומר אם אתה בתיקו עם מישהו אז אתם שווים אך כאן אתה אחורה(back) - עוד לא הגעת לתיקו איתו יש לך חיסרון מסויים",יקיר,1,0,0.0,0
552,Expedite,לזרז,"Pedite(פדית / לפדות) - הוא גילה שזכה בלוטו , והזדרז לפדות את הטופס",יקיר,1,0,0.0,0
553,Stampede,מנוסה (בריחה),הבולים (stamps) עוברים מארץ לארץ כאילו הם במנוסה.,לישי,1,0,0.0,0
554,Docile,"כנוע, צייתן, נח",Doc(דוס - אדם חרדי) - הדוסים הם אנשים כנועים וצייתנים לאלוקים,יקיר,1,0,0.0,0
555,Infancy,ינקות,"In(תחילית לא) , fancy(משהו פנסי , יקר) - תינוק בגיל ינקות הוא לא מחפש לאכול פנסי , הוא מסתפק בחלב אמו",יקיר,1,0,0.0,0
556,Nuisance,מטרד,נגזר מהמילה noise - רעש,יקיר,1,0,0.0,0
557,Implore,"להתחנן, להפציר","Im(עם) , plor(פרח בספרדית flor) - הוא הביא לה פרחים והתחנן אליה שהיא תחזור אליו",יקיר,1,0,0.0,0
558,Insult,להעליב,"In(בתוך) , sult(מלח salt) - הוא אמר לה שהיא שמה בתבשיל המון מלח וזה העליב אותה ",יקיר,1,0,0.0,0
559,Lucrative,ריווחי,"Luc(לוק/נראה) , ra(רע) , tive(טיב/איכות) - הטיב של המוצב נראה רע ולכן הוא נקנה בזול - והוא ריווחי",יקיר,1,0,0.0,0
560,Preside,לנהל,קיצור של המילה president(נשיא) - הנשיא מנהל את המדינה,יקיר,1,0,0.0,0
561,Proof,חסין,Proof(ראיה) - הוא חסין מפני הרשעה בגלל הראיות שהציג,יקיר,1,0,0.0,0
562,Negate,לשלול,קיצור של המילה (negative) - שלילי,יקיר,1,0,0.0,0
563,Monarch,מלך,"Mona(מונה) , arch(ארץ) - המלך הוא אדם אשר מונה על הארץ",יקיר,1,0,0.0,0
565,Advance,מתקדם,(ad) עד שקונים (vans) (נעליים) אפשר להתקדם איתם ,יעל ,1,0,0.0,0
566,Forfeit,להפסיד,"For(בשביל) , feit(פיט) - אני ניצחתי תחילה , כדי ש""נהיה פיטים"" , אני צריך להפסיד לך",יקיר,1,0,0.0,0
567,Impact,התנגשות,"Im(אם) pac(פּאק) - אם במהלך הנסיעה שמעת ""פאק"" כנראה שהתנגשת במישהו",יקיר,1,0,0.0,0
568,Tranquilize,להרגיע,דומה למילה טרנקילו בספרדית - שפירושה להרגיע,יקיר,1,0,0.0,0
569,Translation,תרגום,Trans(תחילית שפירושה מעבר) - lation(לשון) - תרגום הוא מעבר לשון(שפה),יקיר,1,0,0.0,0
570,Attend,"להשתתף,להיות נוכח","At ב,אצל end סוף,סיום להשתתף/להיות נוכח במקום כלשהו עד הסוף",נעמי,1,0,0.0,0
571,Grasp,"לתפוס,להבין",צריך לתפוס את מי שמעשן גראס ולהסביר לו שזה לא טוב עד שיבין,נעמי,1,0,0.0,0
572,Augment,להרחיב,אוגמנטין(=סוג של אנטיביוטיקה) מרחיב את המאבק בחיידק.,נטע,1,0,0.0,0
573,Cater,לספק,קייטרינג מספק אוכל (cater= נשמע דומה לקייטרינג),נטע,1,0,0.0,0
574,Chariot,מרכבה,כשיש מהומה(riot) יושבים על הכיסא(דומה ל char) וצופים מהמרכבה,נטע,1,0,0.0,0
575,Congregate,"לאסוף קהל,לאסוף",קונגרס הוא מקום בו מתאסף קהל. (congregate = נשמע כמו קונגרס),נטע,1,0,0.0,0
576,Conspicuous,בולט,"הוא בולט כי הוא חשוד( spicuous= נשמע כמו suspicious,= חשוד) ",נטע,1,0,0.0,0
577,Corrupt,"להשחית,מושחת",השטיח מרופט(נשמע כמו rrupt) כי השחיתו אותו,נטע,1,0,0.0,0
578,Council,מועצה,"הקונסוליה, המועצה האמריקאית ",נטע ,1,0,0.0,0
579,Courteous,אדיב,מי שיצא מהcourt(= בית משפט) נהיה אדיב,נטע,1,0,0.0,0
580,Crossroad,צומת,צומת זה מקום שחוצים בו את הדרך (crossroad),נטע,1,0,0.0,0
581,Cruel,אכזרי ,קרואלה דוויל- האישה האכזרית מהסרט 101 כלבים דלמטיים,נטע,1,0,0.0,0
582,Decay,ריקבון,"העשור הזה רקוב! (decade= עשור, נשמע דומה)",נטע,1,0,0.0,0
583,Decipher,לפענח,הוא מפענח את הספר(cipher=נשמע כמו ספר) ,נטע,1,0,0.0,0
584,Delegate,"להאציל, להסמיך ","רה""מ דילג (deleg) בין השרים והסמיך/האציל אותם",נטע ,1,0,0.0,0
585,Delinquent,עבריין ,"בדלהי(deli נשמע כמו דלהי) בהודו, יש הרבה עבריינים",נטע,1,0,0.0,0
586,Desperate,נואש,"סדרת טלויזיה מוכרת= עקרות בית נואשות, desperate housewives",נטע,1,0,0.0,0
587,Discontent,חוסר שביעות רצון ,"אני לא מרוצה מבנק דיסקונט(dis= שלילה, disconent= נשמע כמו דיסקונט)",נטע,1,0,0.0,0
588,Discrepancy,"סתירה, פער ","קיבלתי קרפ(crep) וניל למרות שביקשתי שוקולד, הייתה כאן סתירה",נטע,1,0,0.0,0
589,Disparage,"לזלזל,להמעיט בערך ",כולם מזלזלים בעוגת פרג (parage= נשמע כמו פרג),נטע,1,0,0.0,0
590,Dissent,"להתנגד, חילוקי דעות ","לסנט(sent נשמע כמו מטבע סנט), יש שני צדדים מנוגדים",נטע,1,0,0.0,0
591,Distinction,הפרדה,"המרחק(=distance, נשמע כמו distinc) הרב מפריד בינינו",נטע,1,0,0.0,0
592,Distinguish,"להבדיל,להבחין",אפשר להבדיל בין הגבישים(guish=נשמע כמו) האלה,נטע,1,0,0.0,0
593,Dominate,לשלוט,הדומיננטי(=dominate) הוא השולט ,נטע,1,0,0.0,0
594,Dozen,תריסר,"פרוזן, (נשמע כמו dozen) הוא סרט לילדים עד גיל 12 (תריסר)",נטע,1,0,0.0,0
595,Drought,בצורת,בצורת היא דבר קשה(rough),נטע,1,0,0.0,0
596,Dynasty,שושלת,נסטי(nasty נשמע דומה) הוא משקה שעובר בשושלת המשפחתית שלנו ,נטע,1,0,0.0,0
597,Eliminate,"לחסל,לפסול",מכונת למינציה(נשמע כמו liminate)= מחסלת את הקמטים בדפים,נטע,1,0,0.0,0
598,Encounter,מפגש,קבענו מפגש בדוכן(counter=),נטע,1,0,0.0,0
599,Endurance,כוח סבל,"דור(dur) יכול להתאמן חמש שעות, יש לו כוח סבל גבוה מאוד",נטע,1,0,0.0,0
600,Endure,"לסבול,להחזיק מעמד","לדור(dur) יש כוח סבל גבוה, הוא יכול להתאמן חמש שעות ",נטע,1,0,0.0,0
601,Estate,"אחוזה,נכס ",אחוזה היא כמו מדינה קטנה(state),נטע,1,0,0.0,0
602,Fatal,סופני,הייתה חופשה סוף במלון פאטל,נטע,1,0,0.0,0
603,Fatal,סופני,פטל רעיל יכול להיות סופני,נטע,1,0,0.0,0
604,Flood,שטפון,הדם(blood) זורם בגוף בשטפון,נטע,1,0,0.0,0
605,Fragile,"עדין,שביר",אחרי לק ג'ל (gile= נשמע כמו) הציפרוניים שבירות ועדינות ,נטע,1,0,0.0,0
606,Gauge,"למדוד, להעריך, מידה ","(judge=שופט, נשמע דומה. השופט מודד ומעריך את הנאשם במשפט",נטע,1,0,0.0,0
607,Hail,ברד,יורד ברד בחוץ וזה גיהנום! (נשמע כמו Hell= גיהנום),נטע,1,0,0.0,0
608,Harness,לרתום,"צריך לרתום את כולם לעלות אל ההר(har), כדי לצפות בנסי(ness) הטבע",נטע,1,0,0.0,0
609,Illustrate,"להמחיש,להדגיש",המגזין ספורט אילוסטרייטד מדגיש וממחיש את חשיבות הספורט ,נטע,1,0,0.0,0
610,Inferior,נחות,זה לא פייר(infer) להרגיש נחות ,נטע,1,0,0.0,0
612,Invade,"לחדור, לפלוש ",המפגינים חדרו(in) לועידה(vade) הממשלתית,נטע,1,0,0.0,0
613,Invoke,"לעורר,לזמן ",שוט של וודקה(דומה לvoke) זה מעורר ,נטע,1,0,0.0,0
614,Labor,עבודה,מפלגת הלייבור בבריטניה = מפלגת העבודה ,נטע,1,0,0.0,0
615,Labor,להתאמץ,"הלבורנטית(=עובדת מעבדה), מתאמצת בעבודת המחקר",נטע,1,0,0.0,0
616,Laboratory,מעבדה,"כמו בתיכון, לבורנט= עובד מעבדה ",נטע,1,0,0.0,0
617,Layer,שכבה,שכבה זה דבר ששוכבים(=lay) עליו. layer,נטע,1,0,0.0,0
618,March,לצעוד ,כמו מרש צהלי- כשיש תהלוכה/צעדה צהלית והתזמורת מנגנת מרש,נטע,1,0,0.0,0
619,March,לצעוד ,כמו מרש צהלי- כשיש תהלוכה/צעדה צהלית והתזמורת מנגנת מרש,נטע,1,0,0.0,0
620,Match,גפרור,M-מדליק את האש (atch=נשמע כמו אש),נטע,1,0,0.0,0
621,Melt,להמיס,מלט(חומר בנייה) צריך להמיס ולערבב כדי לבנות בית,נטע,1,0,0.0,0
622,Missile,טיל,"לטיל אסור לפספס(miss), חייב לפגוע במטרה",נטע,1,0,0.0,0
623,Myriad,"רב,הרבה","נשמע כמו מיליון, הרבה",נטע,1,0,0.0,0
624,Narrow,צר,"השורה(row), צרה כמו נר(nar)",נטע,1,0,0.0,0
625,Nobility,אצולה,פרס נובל הוא פרס מאוד אצילי,נטע,1,0,0.0,0
626,Nobility,אצולה,הנובלות(יצירות ספרותיות) נכתבו מהרנסנס( תקופה בה הייתה אצולה),נטע,1,0,0.0,0
627,Noble,"אציל,אצילי",פרס נובל הוא פרס מאוד אצילי,נטע,1,0,0.0,0
628,Notion,"רעיון,מושג,נטייה",את הרעיונות שלי אני כותב באפליקצייה note בטלפון ,נטע,1,0,0.0,0
629,Ornament,קישוט,אורנה אוהבת לקשט ,נטע ,1,0,0.0,0
630,Prevalent,"נפוץ,שכיח,רווח",חגיגות יום האהבה(וולנטיין=valent) נפוצות ברחבי העולם,נטע,1,0,0.0,0
631,Province,"מחוז ,אזור",פרובנס הוא מחוז מפורסם בצרפת,נטע,1,0,0.0,0
632,Punctuate,הדגשה,הפנג שווי(שיטה לארגון חפצים) שעשית בחדר ממש מדגישה את היופי. ,נטע,1,0,0.0,0
633,Query,"שאלה,חקירה","כמו question(= שאלה), אותה תחילית",נטע,1,0,0.0,0
634,Rebuttal,"הפרכה,סתירה",הריבה(rebu) סותרת את החמאה(butter) בסנדוויץ,נטע,1,0,0.0,0
635,Recruit,לגייס,"נשמע כמו רי crew(= צוות), לגייס צוות חדש.",נטע,1,0,0.0,0
636,Slander,"השמצה,להשמיץ ",הקונים השמיצו את הסנדלר,נטע,1,0,0.0,0
637,Sprang,נבע,המעיין(spring) נובע,נטע,1,0,0.0,0
638,Stark,"שומם,עזוב","הכוכב(star) נשאר ריק(rk)= שומם,עזוב",נטע,1,0,0.0,0
639,Supreme,עליון,סופרן הוא הקול הכי גבוה במקהלה. הקול העליון ,נטע,1,0,0.0,0
640,Swing,"לנדנד,נדנדה",סוינג הוא ריקוד מפורסם בו מנדנדים את התחת,נטע,1,0,0.0,0
641,Timid,ביישן,תימי הוא ילד ביישן ,נטע,1,0,0.0,0
642,Veracity,"יושר,הגינות",וורייאטי היא עמותה ישרה והגונה,נטע,1,0,0.0,0
643,Verdict,"פסק דין,פסיקה",ורד השופטת הכריזה על פסק דין חמור,נטע,1,0,0.0,0
644,Intact,ללא פגע,"In(ב-) , tack(טקט) - כשאומרים למישהו משהו בטקט - הוא לא יפגע",יקיר,1,0,0.0,0
645,Absent ,"חסר,לא נוכח",הוא שתה אתמול אבסנט ולכן היה חסר/לא נוכח בשיעור ,נעמי,1,0,0.0,0
646,Abhor,"לשנוא, לתעב",Hor(חור) - הוא עשה לה חור בלב ולכן היא שונאת אותו ,יקיר,1,0,0.0,0
647,Appease,לפייס,Peace(פיס - שלום) - לפייס זה לעשות שלום,יקיר,1,0,0.0,0
648,Applaud,למחוא כפיים,Loud(רעש) - למחוא כפיים זה לעשות רעש,יקיר,1,0,0.0,0
649,Adolescence,בגרות,Adol(דומה לadult) - מבוגר,יקיר,1,0,0.0,0
650,Appetite,"תיאבון, רצון עז",כמו שאומרים בצרפתית - bon appetite - בון אפטיט - בתיאבון,יקיר,1,0,0.0,0
651,Aura,הילה,הילה היא סוג של אור (aur),יקיר,1,0,0.0,0
652,Bargain,"מציאה, עסקה","Bar(בר/בעל), gain(רווח) - זו עסקה ברת רווח(בעלת רווח) גדול - ממש מציאה !",יקיר,1,0,0.0,0
653,Bargain,להתמקח,"Bar(בר/בעל) , gain(רווח) המטרה בלהתמקח היא לצאת בר-רווח מהעסקה.",יקיר,1,0,0.0,0
654,Barn,אסם,אסם הוא מחסן של בר(bar/תבואה),יקיר,1,0,0.0,0
655,Behind,ישבן,Behind(מאחור) - הישבן נקרא גם אחוריים ,יקיר,1,0,0.0,0
656,Biblical,"תנכ""י","מהמילה bible(תנ""ך)",יקיר,1,0,0.0,0
657,Bland,תפל,"Bl(בל / ללא ) , and(יד hand) - אין פה יד שתיבלה את התבשיל לכן זה תפל",יקיר,1,0,0.0,0
658,Crowd,להצטופף,Crowd(קהל) - אם יש הרבה קהל - צריך להצטופף,יקיר,1,0,0.0,0
659,Crop,יבול,Crop(לקצץ) - את היבול מקצצים אחרי הבשלתו,יקיר,1,0,0.0,0
660,Disarmament,פירוק מנשק,"Dis(תחילית ביטול) , arma(צבא) - פירוק מנשק הוא ביטול הצבא",יקיר,1,0,0.0,0
661,Diseuse,חוסר שימוש,"Dis-תחילית ביטול , use- להשתמש ◄ביטול שימוש - חוסר שימוש",יקיר,1,0,0.0,0
662,Dose,"מנה,מינון",סם הדוסה(dosa) מסוכן - מינון של מנה קטנה עלול להזיק,יקיר,1,0,0.0,0
665,Drip,לטפטף,"Drip(דריף) - דריף , דריף , דריף - נשמע כמו טפטוף",יקיר,1,0,0.0,0
666,Dread,"פחד, לפחד",Read(לקרוא) - תמיד שאני קורא ספרי אימה אני מפחד,יקיר,1,0,0.0,0
667,Demented,"משוגע , מטורף","De(תחילית ביטול) , ment(קיצור של מנטלי - נפשי) - שיגעון זה כמו ביטול הנפש והמנטליות",יקיר,1,0,0.0,0
668,Depict,"להציג , לתאר , לשרטט","De(תחילית שלילה - אין) , pict(קיצור של picture - תמונה) - אם אתה צריך להציג או לתאר משהו ואין לך תמונה שלו , אז תשרטט את זה",יקיר,1,0,0.0,0
669,Dim,לעמעם,Dim(קיצור של דימדום) - דמדומי חמה זה הזמן שבו אור השמש מתעמעם ומגיע הלילה,יקיר,1,0,0.0,0
670,Discord,"סכסוך , מחלוקת","Dis(תחילית שלילה), cord(אקורד - צירוף של כמה מיתרים - איגוד) - הסכסוך והמחלוקת גרמו לכך שלא יהיה איגוד ביניהם",יקיר,1,0,0.0,0
671,Embalm,"לחנוט , לשמר","Em(הם) , balm(בלם/עצר) - הם חנטו את הגופה ובכך בלמו את הריקבון מלהגיע",יקיר,1,0,0.0,0
672,Embitter,גורם התמרמרות,"Em(הם) , bitter(ביטר) - הם שמעו שירים של אבי ביטר וזה גרם להם להתמרמרות",יקיר,1,0,0.0,0
673,Fault,"פגם, תקלה","Fault(פלטה) - הייתה איזו ""פלטה"" קטנה - תקלה קטנה",יקיר,1,0,0.0,0
674,Flavor,לתבל,"Flavor(טעם) - כדי שלמאכל יהיה טעם , צריך לתבל אותו",יקיר,1,0,0.0,0
675,Fur,פרווה,Fur(קיצור של פרווה),יקיר,1,0,0.0,0
676,Gamble,להמר,"Game(משחק) , ble(לבלבל) - משחקי הימורים מבלבלים אותך ונותנים לך תחושה שתזכה",יקיר,1,0,0.0,0
677,Glitch,תקלה,"בכדורגל, גליץ' מתבצע כדי לתקל את הכדור",יקיר,1,0,0.0,0
678,Grain,"גרעין, לטחון, תבואה","Grain(גרעין) - אם טוחנים את גרעין התבואה , נוצר קמח",יקיר,1,0,0.0,0
679,Intermediary,"מתווך , אמצעי","Inter(תחילית בין) , medium(מדיום) - המדיום מתווך בין המתים לנפטרים",יקיר,1,0,0.0,0
680,Intimidate,להפחיד,"Intimi(אינטימי) , date(דייט) - הדייט הראשון היה מאד אינטימי וזה הפחיד אותי",יקיר,1,0,0.0,0
681,Relieve,להקל,"Re(רע), lieve(עזב leave) - הוא גם לתחושה הרעה לעזוב אותי ובכך הקל עליי",יקיר,1,0,0.0,0
682,Emit,"לפלוט, להוציא",Emit(המית) - הוא איים להמית אותו אם לא יפלוט ויוציא את כל המידע שהוא יודע,יקיר,1,0,0.0,0
683,Erroneous,שגוי,קיצור של error - שגיאה,יקיר,1,0,0.0,0
684,Expatriate,"להגלות, לגרש","Ex(תחילית מחוץ ל-) , patriate(פטריוט) - הפטריוטים הגלו וגרשו את הפולשים מחוץ למדינה",יקיר,1,0,0.0,0
685,Gracious,"אדיב, חינני",Gracias(תודה בספרדית) - מי שתמיד אומר תודה הוא אדיב וחינני,יקיר,1,0,0.0,0
686,Inflammation,דלקת,"In(בתוך) , flame(להבה) - דלקת דומה לדליקה - בדליקה יש להבות אש",יקיר,1,0,0.0,0
687,Dye,"צבע, לצבוע",Dye(דומה לדיו) - דיו הוא סוג של צבע,יקיר,1,0,0.0,0
688,Miserable,אומלל,Miser(מיוסר) - מי שמיוסר (שעוברים עליו ייסורים) הוא אדם אומלל,יקיר,1,0,0.0,0
689,Inflate,לנפח,"In(תחילית לא) , flat(שטוח) - כדי שהבלון לא יהיה שטוח צריך לנפח אותו",יקיר,1,0,0.0,0
690,Butcher,"קצב, לשחוט",Butcher(בשר) - הקצב מתעסק בבשר,יקיר,1,0,0.0,0
691,Butcher,לשחוט,Butcher(נשמע כמו בצ'ר - בשר) - לשחוט בשר ,יקיר,1,0,0.0,0
692,Elderly,זקן,Elder - מזכיר את המילה older,יקיר,1,0,0.0,0
693,Fraction,שבר (מתמטיקה),"Frac(פרק) - פרק הוא חלק ממשהו , כפי ששבר הוא חלק ממשהו",יקיר,1,0,0.0,0
694,Rebuttal,"הפרכה, סתירה","נשמע כמו רובוט(rebutt). בכל הסרטים הרובוטים סותרים את פעולות האדם, מפריכים אותו",נטע,1,0,0.0,0
695,Stark,"בוטה,מוחלט,גמור","כוכבי רוק(star) בד""כ בוטים ",נטע,1,0,0.0,0
696,Strain,מתח נפשי ,"נשמע כמו -stress= לחץ, לחץ נפשי, מתח",נטע,1,0,0.0,0
697,Strain,"להתאמץ,למתוח, לנקוע",הרכבת(train) נוסעת מרחקים ארוכים ומתאמצת. וגם נראית כמו רכב מתוח(ארוכה),נטע,1,0,0.0,0
698,Prey,לטרוף,Prey(דומה למילה פרא) - חיות פרא נוהגות לטרוף ,יקיר,1,0,0.0,0
699,Mischief,"מעשה קונדס , נזק","Mis(תחילית אין) , chief(הצ'יף / אחראי) - כשאין על הילדים אחרי הם עושים מעשי קונדס וגורמים לנזקים",יקיר,1,0,0.0,0
700,Misty,מעורפל,משהו מיסטי - זה משהו מסתורי ומעורפל,יקיר,1,0,0.0,0
701,Monitor,להשגיח,הורים רבים משתמשים במוניטור כדי להשגיח על ילדיהם,יקיר,1,0,0.0,0
702,Plight,"סכנה, צרה",Plight(פ.ל.ט - מפלט) - מפלט הוא בריחה מסכנה,יקיר,1,0,0.0,0
703,Allusion,"אזכור,רמיזה","אני אתזכר אותך על הלו""ז (lussion)",נטע,1,0,0.0,0
704,Ample,"מספיק,שופע,גדול","מזכיר Apple=תפוח, התפוח גדול ושופע",נטע,1,0,0.0,0
705,Anesthesia,הרדמה ,אנסטיה הנסיכה הנרדמת(כמו הסרט),נטע,1,0,0.0,0
706,Ark,תיבה,בבית שלנו שמים את הערק(ark) בתיבה מיוחדת ,נטע,1,0,0.0,0
707,Command,"פקודה,לפקוד",המפקד(=commander) נותן לנו פקודות ,נטע,1,0,0.0,0
708,Bolster,לתמוך,"כל ההורים תומכים בבוסטר(נשמע כמו bolster) ברכב, כי הוא מגן על ילדיהם ",נטע,1,0,0.0,0
709,Condense,לדחוס,"כשאנחנו רוקדים(dance נשמע כמו dense) הרבה, אנחנו דוחסים את העצמות ",נטע,1,0,0.0,0
710,Condone,"לסלוח,למחול",הריב הסתיים(done) כי סלחתי לו ,נטע,1,0,0.0,0
711,Congenial,"נעים, ידידותי",ג'ני(geni) בחורה ממש נעימה וידידותית,נטע,1,0,0.0,0
712,Contest,תחרות,תחרות היא כמו מבחן(test) של היכולות שלך,נטע,1,0,0.0,0
713,Contest,למחות,כמו protest= למחות ,נטע,1,0,0.0,0
714,Convict,"אסיר,להרשיע",האסיר הורשע כי תקף את הקורבן(victim) = מילים דומות,נטע,1,0,0.0,0
715,Credibility,"אמינות, מהימנות ",לקוחות מצפים מחברות האשראי(נשמע כמו credit) לאמינות מלאה,נטע,1,0,0.0,0
716,Cultivate,"לעבד,לטפח",בחקלאות(agriculture= המילה cult) נוהגים לעבד ולטפח את הקרקע,נטע,1,0,0.0,0
717,Curve,"עקומה,פנייה",הפנייה הבאה ממש בקרוב(נשמע כמו curve),נטע,1,0,0.0,0
718,Damp,לח,"דמפלינגס הוא מאכל נפוץ במדינות המזרח, שהוא בצק לח ממולא בירקות",נטע,1,0,0.0,0
719,Consolidate,"לאחד,לגבש",הקונסוליות קבעו פגישה בה יאחדו ויגבשו את הצוות,נטע,1,0,0.0,0
720,Defer,"לעכב,לדחות",אם אתה מעכב משהו אתה מרחיק אותו ממך(כמו far=רחוק),נטע,1,0,0.0,0
721,Deflate,להוציא אוויר מ-,"אחרי שאני אוכל מופלטה(נשמע כמו flate), אני חייב לנשום ולהוציא אוויר",נטע,1,0,0.0,0
722,Deform,לעוות,הוא שינה את הפורמט במחשב(כמו form) ועיוות אותו(di תחילית של שלילי),נטע,1,0,0.0,0
723,Deformity,"מום,עיוות",העיוות בפורמט בניתוח גרם למום ,נטע,1,0,0.0,0
724,Demean,"להנמיך,להשפיל ",De(תחילית שלילה) mean(שפל). להשפיל מישהו ,נטע,1,0,0.0,0
725,Depreciate,להפחית ,"Appreciate=להעריך, de= תחילית שלילית,לא להעריך זה להפחית מערכו של אדם",נטע,1,0,0.0,0
726,Disdain,"זלזול,בוז",כולם בכיתה מזלזלים בדין(כמו dain) ובזים לו ,נטע,1,0,0.0,0
727,Disguise,תחפושת ,הבחורים האלה(נשמע כמו=this guys) מתחפשים לכל מסיבה,נטע,1,0,0.0,0
728,Disparagement,זלזול,כולם מזלזלים בעוגת פרג(כמו parage),נטע,1,0,0.0,0
729,Disseminate,להפיץ,סם(sem) הפיץ לכולם על המסיבה הלילה(nate נשמע כמו night),נטע,1,0,0.0,0
730,Domestic,ביתי,הדום(אוהל שגרים בו) שלכם ממש ביתי,נטע,1,0,0.0,0
731,Enrage,"להרגיז,להכעיס","Rage=זעם, להרגיז ולהכעיס גורמים לזעם ",נטע,1,0,0.0,0
732,Esteemed,מכובד,"מי שמכובד, מאוד מוערך(esteem=להעריך)",נטע,1,0,0.0,0
733,Entitled,זכאי,הנמלים (נשמע כמו ent) זכאיות לנוע באדמה,נטע,1,0,0.0,0
734,Exaggerate,להגזים,הוא ממש הגזים כשאמר שהיא זמרת טובה(great נשמע כמו),נטע,1,0,0.0,0
735,Exhaust,"פליטה,צינור מפלט",בכל בית(haust נשמע כמו) יש צינור מפלט שפולט החוצה הכל ,נטע,1,0,0.0,0
736,Expedite,לזרז,המומחה לתזונה(כמו expert=מומחה) מזרז את הדיאטה(נשמע כמו dite) שלי,נטע,1,0,0.0,0
737,Expendable,ניתן לוותר עליו ,מה שיקר(expend) אפשר(able) לוותר עליו ,נטע,1,0,0.0,0
738,Fertile,פורה,"מה שיש לו שפע פירות(fert נשמע כמו fruit) הוא פורה, שופע בפירות ",נטע,1,0,0.0,0
739,Fetus,עובר ,כמו פיסטוק(fetus) קטן ברחם ,נטע,1,0,0.0,0
740,Fluctuation,חוסר יציבות ,פליקפלאק(fluc) הוא מצב(situation) של חוסר יציבות,נטע,1,0,0.0,0
741,Fluency,שטף,רנו פלואנס(דגם של רכב) מהירה ושוטפת את הכביש,נטע,1,0,0.0,0
742,Fluent,שוטף,רנו פלואנס(דגם של רכב) מהירה ושוטפת את הכביש ,נטע,1,0,0.0,0
743,Fluid,נוזל,נשמע כמו liquid= נוזל ,נטע,1,0,0.0,0
744,Fort,"מצודה,מבצר",כמו במשחק פורטנייט שמשחקים בו במצודות ואבירים ,נטע,1,0,0.0,0
745,Garment,"בגד,לבוש","הגרמנים(כמו garmen) יודעים להתלבש טוב, יש להם אחלה בגדים ",נטע,1,0,0.0,0
746,Guarantee,"להבטיח,ערבות",הבטחתי לגור(gur) את הערבות על הדירה ,נטע,1,0,0.0,0
747,Halve,לחצות,כל יום אני אוכל חלבה(נשמע כמו halve) וחוצה אותה,נטע,1,0,0.0,0
748,Hasten,"למהר,להחפז",נשמע כמו fasten=מהיר ,נטע,1,0,0.0,0
749,Haul,לגרור,שאול(נשמע כמו haul) גרר אותי למסיבה הגרועה הזאת ,נטע,1,0,0.0,0
750,Heed,לשים לב,"בגלל שאתה הולך בראש(heed כמו head) הטור,שים לב למה שקורה מסביב",נטע,1,0,0.0,0
751,Hive,כוורת,כוורת בנויה מצורות של מחומשים(hive כמו five),נטע,1,0,0.0,0
752,Hinder,לעכב,טינדר( כמו הינדר) מעכב זוגיות ,נטע,1,0,0.0,0
753,Caution,"אזהרה, זהירות, להזהיר",כמו נהר הקישון-מזהירים מלהיכנס אליו.,קרין ,1,0,0.0,0
754,Interest,"עיניין, ריבית","יש לי אינטרס (עיניין) להרוויח יותר , לקבל ריבית גדולה יותר",מרים,1,0,0.0,0
755,Trip,למעוד,מעדתי בטראקים שעשיתי בטיול(trip) אחרי צבא,יקיר,1,0,0.0,0
756,Plot,"לזמום, לקשור קשר",מסופר על בנות לוט(lot) שהן זממו לשכב עם אביהן,יקיר,1,0,0.0,0
757,Imitate,לחקות ,מאז שאני קטנה אני מחקה את אמא שלי(כמו imitate) כי אני מעריצה אותה,נטע,1,0,0.0,0
758,Inadvertently,"בלי לשים לב, בלי כוונה",נדב(כמו nadve) לא שם לב שהוא נתקע בילדה ברחוב,נטע,1,0,0.0,0
759,Infancy,ינקות,"ינקות זו התקופה הכי פנסי(זוהרת) בילדות, אין לך שום דאגות",נטע,1,0,0.0,0
760,Inspect,"לבחון,לבדוק",צריך לבדוק את הבעיה מכל האספקטים(כמו spect) האפשריים ,נטע,1,0,0.0,0
761,Lucrative,רווחי,מי שהוא יצירתי(criative) הוא עובד רווח ומשתלם ,נטע,1,0,0.0,0
762,Luminous,"זוהר,בוהק",מכונת למינציה(כמו luminous) מבריקה את הדפים והופכת אותם לבוהקים ,נטע,1,0,0.0,0
763,Lurking,"לארוב,להתגנב",דני ארב לאיש העשיר והתגנב לחנייה(נשמע כמו parking) של הבניין היוקרתי,נטע,1,0,0.0,0
764,Merit,"ערך,הישג",למורים(כמו merit) יש ערכים טובים והם דוחפים להישגים מרשימים,נטע,1,0,0.0,0
765,Monarch,מלך,"מונרכיה= צורת שלטון יחיד , יש מלך אחד ",נטע,1,0,0.0,0
766,Morose,"קודר, עגמומי","כשאין ורדים(כמו rose) בגינה, הכל קודר ועצוב",נטע,1,0,0.0,0
767,Nurture,"לטפל,להזין,לחנך",כמו nature= טבע. אנחנו מחנכים את ילדנו לטפח ולהזין את הטבע ולדאוג לו ,נטע,1,0,0.0,0
768,Offset,לקזז,Off- להוריד מהסט -set. הייתי צריכה לקזז כמה בגדים מסט הבגדים שלקחתי ,נטע,1,0,0.0,0
769,Peddler,"רוכל,סוחר",נשמע כמו סנדלר(peddler) הסנדלר יושב בשוק ומתקן נעליים וסוחר בהן ,נטע,1,0,0.0,0
770,Penalty,"קנס,עונש","כמו פנדל(בכדורגל), עונש,קנס",נטע,1,0,0.0,0
771,Pest,"מטרד,מזיק (חרקים)","כמו pet= חיה, רק חיות מטרידות ומזיקות= חרקים ",נטע,1,0,0.0,0
772,Petroleum,נפט,"Patrol=דלק , אז דלק לאומי(כמו leum) הוא נפט ",נטע,1,0,0.0,0
773,Plague,מגפה,הפלגאין(מועדון קריוקי) נהיה ממש כמו מגפה! כולם הולכים לשם ,נטע,1,0,0.0,0
774,Plague,מגפה,"המגפה מפלגת(plague)בין כולם, לא יצאנו מהבתים חודשיים ",נטע,1,0,0.0,0
775,Pole,מוט,כמו המשחק פול/סנוקר- משחקים עם מוט ,נטע,1,0,0.0,0
776,Praise,לשבח,"לשבח מישהו זה כמו להעלות את ה""השווי"" שלו(דומה לprice=מחיר)",נטע,1,0,0.0,0
777,Prestigious,יוקרתי,כמו נשיא(=president) תפקיד הנשיא הוא תפקיד יוקרתי,נטע,1,0,0.0,0
778,Proliferate,התפשטות מהירה,המגפה התפשטה מהר כקצב החיים(כמו life rate),נטע,1,0,0.0,0
779,Prolific,"פורה,שופע","Pro=חיובי, lific= כמו life. החיים שופעים בטוב",נטע,1,0,0.0,0
780,Prolong,מתמשך ,"נשמע כמו פרולוג= חלק בסיפור, וסיפור הוא דבר מתמשך(long=ארוך)",נטע,1,0,0.0,0
781,Prominent,"בולט,חשוב",פרומפטור= מכשיר קריינות בנאומים. מדגיש מה שחשוב ובולט לנואם,נטע,1,0,0.0,0
782,Propel,"להניע,לדחוף",הפרופלור(החלק העליון במסוק) מניע ודוחף אותו באוויר ,נטע,1,0,0.0,0
783,Reassurance,"הבטחה,הרגעה","כמו ביטוח insurance= עשיתי לו ביטוח והרגעתי אותו, הבטחתי שייסתדר",נטע,1,0,0.0,0
784,Reliable,"אמין,ניתן לסמוך עליו ",אמין זה מישהו שאפשר(able) להישען עליו (lia כמו lie),נטע,1,0,0.0,0
785,Relic,"שארית,שריד","מה שנשאר מהלק(כמו lic), אחרי שהורדתי אותו, השארית ",נטע,1,0,0.0,0
786,Remedy,תרופה,כמו רמדיה(חברה שהייתה פעם לחלב תינוקות),נטע,1,0,0.0,0
787,Replica,העתק מדויק,מהמילה duplicate= להעתיק ,נטע,1,0,0.0,0
788,Revise,"לתקן,לשפר",אני נותן לו עצה(advise) כדי לתקן ולשפר את הריצה שלו ,נטע,1,0,0.0,0
789,Rim,"שפה,שוליים,קצה ",כדי להרים(rim) צריך לתפוס בקצה ,נטע,1,0,0.0,0
790,Rub,לשפשף,השודד(robber= נשמע דומה) שיפשף את כולו כשברח מהחנות ,נטע,1,0,0.0,0
791,Sanction,"קנס,עונש,עידוד",הטלת סנקציה יכולה להיות חיובית או שלילית עונש/עידוד,נטע,1,0,0.0,0
792,Shell,"קליפה,מעטפת ",כמו שאל= צעיף שעוטפים איתו את הגוף,נטע,1,0,0.0,0
793,Slant,"אלכסון,נטייה",נשמע כמו סלנג= נטייה של השפה לשפת רחוב,נטע,1,0,0.0,0
794,Slate,להכניס מישהו לרשימה ,הוא איחר(late) למסיבה אז הכנסתי אותו לרשימה ,נטע,1,0,0.0,0
795,Slaughter,"לטבוח,לשחוט,טבח",החיילים טבחו בכל הבנות(daughter) של מנהיגי הכפר,נטע,1,0,0.0,0
796,Slope,"שיפוע,מדרון ","כביש שיש בו לופים, יש בו שיפועים ומדרונות חדים ",נטע,1,0,0.0,0
797,Snicker,גיחוך,הסניקרס(נעליים) שלו מוזרות וזה מעלה לכולם גיחוך ,נטע,1,0,0.0,0
798,Solitary,מבודד,"בידוד= isolate, וsolo= יחיד,בודד. להסתכל על התחילית sol",נטע,1,0,0.0,0
799,Splendor,פאר,"Splendid= נהדר, שוקולד ספלנדיד הוא שוקולד יוקרתי המבטא פאר",נטע,1,0,0.0,0
800,Stress,להדגיש,הלחץ(סטרס) מדגיש את הקושי בתקופה זו ,נטע,1,0,0.0,0
801,Strict,נוקשה,"Restrict= להגביל, הגבלה היא נוקשית= strict ",נטע,1,0,0.0,0
802,Supplement,תוסף ,"Supply=אספקה, אספקה היא להוסיף פריטים, תוספים ",נטע,1,0,0.0,0
803,Susceptible,רגישות ,נשמע כמו סקפטי= מי שספקן לגביי הרבה דברים הוא יותר רגיש ועדין ,נטע,1,0,0.0,0
804,Timber,עץ,בלוגו של נעלי טימברלנד יש עץ(ככה לזכור),נטע,1,0,0.0,0
805,Trait,תכונה,בציור פורטרט( כמו trait) הצייר מנסה להדגיש את התכונות של האדם ,נטע,1,0,0.0,0
806,Transaction,עסקה ,השבוע חברת הרכבת(כמו tran) חתמה על עסקה(כמו sac) ,נטע,1,0,0.0,0
807,Transcend,להתעלות ,"Trans= תחילית של תהליך מעבר, לעלות מעל החול(scend)",נטע,1,0,0.0,0
808,Transparent,שקוף,יש הורים(parent) ששקופים עם ילדיהם ,נטע,1,0,0.0,0
809,Vacant,"ריק,פנוי ",יוצאים לחופשה(vaction) רק כשהלוז פנוי וריק ,נטע,1,0,0.0,0
810,Virtue,מעלה ,לאנשים וירטואוזים(אומנותיים) יש מעלות ותכונות טובות ,נטע,1,0,0.0,0
811,Vital,חיוני,ויטמין( כמו vital) הוא חיוני לגוף ,נטע,1,0,0.0,0
812,Groom,"לטפח, לגדל",החתן(groom) מטפח את עצמו ביום חתונתו,יקיר,1,0,0.0,0
813,Horn,קרן של בעל חיים,"Horn(צופר) - אפשר להכין מקרן של בעלי חיים צופר שקרוי בשם ""שופר""",יקיר,1,0,0.0,0
814,Kite,עפיפון,גלישת קייט(kite) היא גלישה בעזרת עפיפון,יקיר,1,0,0.0,0
815,Inanimate,"דומם, חסר רוח חיים.",הנה-אני-מת (נשמע דומה),איתמר,1,0,0.0,0
816,Tale,"סיפור, אגדה",נשמע כמו tell(לספר),יקיר,1,0,0.0,0
817,Arable,מתאים לעיבוד ,"כמו לערבל(arable) ,אפשר לעבד אותו ",נטע,1,0,0.0,0
818,Awkward,מגושם,היה ממש מביך(awkward=) כי הוא אדם ממש מגושם ,נטע,1,0,0.0,0
819,Bail,"ערבות,לשחרר בערבות ",כדי להשתחרר מהכלא(=jail) צריך ערבות(bail). בייל וג'ייל מתחרז,נטע,1,0,0.0,0
820,Basin ,"אגן,כיור ","הכיור הוא הבסיס(כמו base) של מתקן המים, והאגן הוא הבסיס של כל נחל(אגן ניקוז)",נטע,1,0,0.0,0
821,Beard,זקן( שיער פנים),הזקן שלו כל כך ארוך! כמו כיכר לחם(bread=),נטע,1,0,0.0,0
822,Bland,תפל,הבלנדר הוא מכשיר תפל(חסר משמעות) לעומת מכונת אספרסו ,נטע,1,0,0.0,0
823,Blink,למצמץ,"הוא שלח לי מלא לינקים(קישורים),הסתנוורתי ומיצמתי",נטע,1,0,0.0,0
824,Breed,"להרביע,להפרות",הדבורה(bee=נשמע דומה) מאביקה ומפרה הרבה צמחים ,נטע,1,0,0.0,0
825,Breed,"מין,גזע",יש הרבה מינים של דבורים(bee) בטבע ,נטע,1,0,0.0,0
826,Burglar,פורץ,הפורץ פרץ להמבורגריה( נשמע כמו burg),נטע,1,0,0.0,0
827,Burglar,פורץ,"כדי לפרוץ,הפורץ מוציא את הברגים(כמו burg) מהחלונות ",נטע ,1,0,0.0,0
828,Butcher,"קצב,לשחוט",הקצב שוחט את העוף על הבוצ'ר(משטח מעץ לחיתוך בשר),נטע,1,0,0.0,0
829,Cavity,"חור,חלל ריק",כמו מערה(cave) =חור גדול באבן ,נטע,1,0,0.0,0
830,Cavity,"חור,חלל ריק",כמו מערה(cave) =חור גדול באבן ,נטע,1,0,0.0,0
831,Cavity,"חור,חלל ריק",כמו מערה(cave) =חור גדול באבן ,נטע,1,0,0.0,0
832,Cavity,"חור,חלל ריק",כמו מערה(cave) =חור גדול באבן ,נטע,1,0,0.0,0
833,Clash,"התנגשות,עימות ",כמו הצליל שנשמע= קלאץ'! התנגשות ,נטע,1,0,0.0,0
834,Cloak,"מסווה,להסוות ",השעון יד הגדול שלי(כמו clock) מסווה את הצלקת שיש מתחת ,נטע,1,0,0.0,0
835,Cloak,"מסווה,להסוות ",השעון יד הגדול שלי(כמו clock) מסווה את הצלקת שיש מתחת ,נטע,1,0,0.0,0
836,Cloak,"מסווה,להסוות ",השעון יד הגדול שלי(כמו clock) מסווה את הצלקת שיש מתחת ,נטע,1,0,0.0,0
837,Cloak,"מסווה,להסוות",השעון יד הגדול שלי(כמו clock) מסווה את הצלקת בידי,נטע,1,0,0.0,0
838,Cosmopolitan,אוניברסלי,"התפיסה הקוסמופוליטית= האנושות היא יחידה אחת, אוניברסלית ",נטע,1,0,0.0,0
839,Cough,"שיעול,להשתעל ",שתיתי את הקפה(כמו cough) מהר מידי אז השתעלתי ,נטע,1,0,0.0,0
840,Cripple,להטיל מום ,מי שיש לו מום הוא קריפי(מפחיד) ,נטע,1,0,0.0,0
841,Curtain,וילון ,הוילון עשוי מכותנה(כמו curtain),נטע,1,0,0.0,0
842,Dagger,פיגיון(סכין חדה עתיקה),אני משתמשת בפגיון כדי לפלט את הדג(כמו dagger) ,נטע ,1,0,0.0,0
843,Dandy,גנדרני ,דני(כמו dan) הוא אדם ממש גנדרני ,נטע,1,0,0.0,0
844,Densely,בצפיפות ,כולם רוקדים(כמו dance) אז נהיה צפוף ,נטע,1,0,0.0,0
845,Derision,לעג,כולם לועגים לדריה(כמו deri) בגלל שמה ,נטע,1,0,0.0,0
846,Detrimental,מזיק,"De=תחילית שלילית, הטיפול (treatment) כבר נהיה מזיק מאשר מויעל ",נטע,1,0,0.0,0
847,Discord,"סכסוך,מחלוקת ",הזמרים נקלעו לסכסוך עקב ריב על אקורדים בשיר ,נטע,1,0,0.0,0
848,Draft,משיכה,"הוא ממש חתיך כשהוא לובש דרייפיט(כמו draft), כולן נמשכות אליו ",נטע,1,0,0.0,0
849,Drench,"להרטיב,להספיג","כדי להכין פרנצ'(כמו drench) טוסט, צריך להספיג אותו בביצה ",נטע,1,0,0.0,0
850,Dump,"לשפוך,לזרוק ","הוא זרק(dumped)אותי אתמול, הייתה פרידה קשה ",נטע,1,0,0.0,0
851,Encroach,"להסיג גבול, לפלוש ",אח שלי ניסה לפלוש לי לספה (נשמע כמו קאוץ'),נטע,1,0,0.0,0
852,Envy,"קנאה,לקנא",כולן מקנאות בענבל כי היא הכי יפה ,נטע,1,0,0.0,0
853,Glitch,"תקלה,הפרעה",התגלשתי במגלשה והפריעו לי ,נטע,1,0,0.0,0
854,Glorify,להאדיר,Glory= תפארת,נטע,1,0,0.0,0
855,Markedly,בצורה ניכרת,זה היה ברור בצורה כל כך ניכרת שלא היה צריך לסמן את זה במרקר (Mark),אלה,1,0,0.0,0
856,Capitalize,לנצל,הקפיטליסטים מנצלים את פשוטי העם,אלה,1,0,0.0,0
857,Disclose,"לגלות, לחשוף",Dis היא קידומת שלילה- לא סגרת (Dis-close) את התיבה וחשפת את כל הסודות שלנו,אלה,1,0,0.0,0
858,Result in,הסתיים ב-,התוצאה בפנים (Result in)! המשחק הסתיים בתיקו,אלה,1,0,0.0,0
859,Volume,1. עוצמת קול 2. כרך 3. נפח,אתה יכול להנמיך את עוצמת הקול (1)? זה מפריע לי לקרוא את הכרך (2) השני של ספר המדעים שעוסק במדידת נפח (3).,אלה,1,0,0.0,0
860,Airborne,נישא באוויר,איך ילדים באים לעולם? הם נולדים באוויר (air born) וחסידות נושאות אותם באוויר,אלה,1,0,0.0,0
861,Coincide,"להקביל, לחפוף",למטבע (coin) יש צד (side) שמקביל וחופף לצד השני שלו,אלה,1,0,0.0,0
862,Amend,"תיקון, שינוי לטובה",אמן (Amen) יהיה כאן שינוי לטובה!,אלה,1,0,0.0,0
864,Charge,1. להאשים 2. לחייב 3. להסתער 4. לגבות,השכן הסתער (3) והאשים (1) את ועד הבית על כך שגבו (4) ממנו הרבה כסף וחייבו (2) אותו על שיפוץ החניה,אלה,1,0,0.0,0
865,Considerable,"הרבה, רבות",יש לשקול (to consider) את העניין הרבה/ רבות,אלה,1,0,0.0,0
866,Interest,ריבית,יש להם אינטרס לחייב אותך בריבית!,אלה,1,0,0.0,0
867,Expansion,התפתחות,Expand= להרחיב. להרחיב נושא זה לפתח אותו ,נטע,1,0,0.0,0
868,Extrapolate,לאמוד על סמך מידע קיים ,Extra= הרבה polate= כמו מנומס. הוא כזה מנומס ותמים שהוא מסתמך רק על המידע הקיים ,נטע,1,0,0.0,0
869,Faint,להתעלף ,הוא ירה עליי כדור בפיינטבול(כמו faint) והתעלפתי במקום ,נטע,1,0,0.0,0
870,Fault,"פגם,תקלה","כמו fail= כשלון. יש הרבה תקלות במכשיר הזה, אז הוא כושל ",נטע,1,0,0.0,0
871,"Flee, fled","להימלט, נמלט","כמו לטוס=fly, אני עף מכאן, אני נמלט ",נטע,1,0,0.0,0
872,Flow,זרם,"Fly= לעוף, לטוס. לזרום באוויר ",נטע,1,0,0.0,0
873,Fraud,"מרמה,הונאה",כמו פרויד(הוגה חשוב). יש כאלו שחושבים שדבריו של פרויד הם הונאה אחת גדולה ,נטע,1,0,0.0,0
874,Frightening,מפחיד ,כמו afraid= מפחד ,נטע,1,0,0.0,0
875,Fringes,שוליים ,"אצבעות= fingers, הם השוליים של הגוף, הקצה ",נטע,1,0,0.0,0
876,Frugal,חסכני,לעשות לק ג'ל(כמו gal) זה ממש לא חסכני ,נטע,1,0,0.0,0
877,Fungus,פטרת,באצבעות(fingers) הרגליים יש תמיד פטריות ,נטע,1,0,0.0,0
878,Intrusive,פולשני,"Intru נשמע כמו פנימה, sive כמו אינטנסיבי. פולשני ",נטע,1,0,0.0,0
879,Jagged,משונן ,ג'ק הוא בחור מאוד חד(משונן),נטע,1,0,0.0,0
880,Linger,"להתעכב,להשתאות ","נשמע כמו Longer= ארוך, לקח לו הרבה זמן אז הוא התעכב ",נטע,1,0,0.0,0
881,Mischief,"נזק,מעשה קונדס",הפושע עשה מעשה קונדס לאשתו(Mis) של הצ'יף(chief),נטע,1,0,0.0,0
882,Mourning,"אבל,מתאבל ",אבל זו תקופה ממש מרה(כמו mour),נטע,1,0,0.0,0
883,Numb,"רדום,חסר תחושה ","הוא נם(כמו num),הוא רדום ...",נטע,1,0,0.0,0
884,Ode,שיר הלל,Ode(הודיה) - שיר הלל הוא שירה הודיה (להודות),יקיר,1,0,0.0,0
885,Pan,מחבת,"Pan(מחבת) , cake(עוגה) - פנקייק היא עוגה שנעשית במחבת",יקיר,1,0,0.0,0
886,Plaster,טיח,"אם יש נזק ביד שמים פלסטר , כמו כן בקיר , אם יש בו נזק שמים טיח.",יקיר,1,0,0.0,0
887,Purse,ארנק,מי שימצא לי את הארנק יקבל פרס(purse),יקיר,1,0,0.0,0
888,Hearsay,שמועה,"Hear- לשמוע, say- אמירה- אמירה ששמעתי- שמועה",גיל,1,0,0.0,0
889,Logic,הגיון,ערוץ לוגי שם משדרים תוכניות הגיון,גיל,1,0,0.0,0
890,Carry,לסחוב,את התבלין קארי סוחבים מהודו עד לישראל,גיל,1,0,0.0,0
891,Shepherd,רועה צאן,"Herd(עדר (יש אסוציאציה באתר)) - sheph(שף) - השף של העדר , זה שנותן להם לאכול , קרוי רועה צאן",יקיר,1,0,0.0,0
892,Stalk,"לעקוב, הטריד",Stalker(סטוקר) - הוא אדם שנוהג לעקוב אחרי מישהו אחר ולהטריד אותו בכך,יקיר,1,0,0.0,0
893,Snarl,לנחור,סנורלקס(snorlax) הוא פוקימון שתמיד ישן ונוחר,יקיר,1,0,0.0,0
894,Fellow,"חבר, עמית","Fell(נפל) , low(נמוך/שפל) - חבר אמיתי עוזר לך גם כשנפלתי ואתה מרגיש בשפל",יקיר,1,0,0.0,0
895,Desert,לנטוש,"Desert- גם מדבר, מדבר הוא מקום נטוש",גיל,1,0,0.0,0
896,Sneeze,להתעטש,שיש נזלת(neez) מתעטשים,יקיר,1,0,0.0,0
898,Captivity,"שבי, מאסר",Capt(כפות) - מי שנמצא במאסר הוא כפות(קשור ידיו) באזיקים,יקיר,1,0,0.0,0
899,Pest,"מטרד, מזיק (חרקים)",בפסטו יכול להיות הרבה חרקים אשר הזיקו לצמחים שמהם הוכן(כמו בזיליקום),יקיר,1,0,0.0,0
900,Differentiate,"להבדיל , להבחין",ניתן להבדיל ולהבחין בין שני דברים שונים (different),נעמי,1,0,0.0,0
901,Inhospitable,"לא ידידותי, עוין, לא מסביר פנים",בתוך בית החולים (hospital) העובדים לא ידידותיים ,אנונימי,1,0,0.0,0
902,Principles,עקרונות,למנהל בית הספר (principal) יש עקרונות,אנונימי,1,0,0.0,0
903,Nobles,אצילים,רק אנשים אצילים מעשנים את הסיגריות נובלס,אנונימי,1,0,0.0,0
904,Yawns,פיהוקים,יואו (מזכיר yaw) כמה אתה מפהק?,אנונימי,1,0,0.0,0
905,Alterations,שינויים; התאמות; תיקונים,צריך לעשות תיקונים לאלתר!!,אנונימי,1,0,0.0,0
906,Alliances,בעלי ברית,כל החייזרים (aliens) בעלי ברית,אנונימי,1,0,0.0,0
907,Dwarf,"לגמד,גמד","נשמע כמו down= למטה.גמד,נמוך",נטע,1,0,0.0,0
908,Dwindle,"הידלדל,התמעט",הכמות התמעטה וכמעט עפה ברוח( כמו wind),נטע,1,0,0.0,0
909,Echo,הד,לדיג'יית אקו יש הד מטורף כשהיא מנגנת ,נטע,1,0,0.0,0
910,Flimsy,"עדין,שביר",פילם של מצלמה הוא מאוד עדין ,נטע,1,0,0.0,0
911,Furnish,לרהט ,אני נוהגת לרהט כל נישה(nish) בבית שלי ,נטע,1,0,0.0,0
912,Gland,בלוטה ,לגלן יש בעיה בבלוטת התריס ,נטע,1,0,0.0,0
913,Grammatical,דקדוקי ,"Grammer= דקדוק, כמו בתיכון ",נטע,1,0,0.0,0
914,Groom,לטפח,אני נוהגת לטפח את החדר שלי(room),נטע,1,0,0.0,0
915,Handicap,נכה,נכה צריך מישהו שיסחוב אותו עם הידיים(hand),נטע,1,0,0.0,0
916,Howl,יללה,נשמע כמו נביחה/יללה של כלב אהווווווו,נטע,1,0,0.0,0
917,Horn,"קרן(של בע""ח)",יוניקורן= חד קרן ,נטע,1,0,0.0,0
918,Horn,צופר,"כשמגיע אור( or) ראשון, נשמע צופר חזק ברקע ",נטע,1,0,0.0,0
919,Inn,פונדק,פונדק דרכים מזמין להיכנס אליו( in),נטע,1,0,0.0,0
920,Intoxicate,להלהיב ,השמעתי לקייט(cate) את השיר טוקסיק של בריטני ספירס כדי להלהיב אותה ,נטע,1,0,0.0,0
921,Invertebrate,חסר חוליות ,In= תחילית לא. ורטה(verta) מבוגרת ויש לה בעיות בחוליות הגב ,נטע,1,0,0.0,0
922,Janitor,שרת,השרת דואג לגנרטור(כמו janitor),נטע,1,0,0.0,0
923,Jug,כד,יש ג'וק ענק בתוך הכד ,נטע ,1,0,0.0,0
924,Kettle,קומקום,יש אנשים ששמים פטל( נשמע כמו kettle) בקומקום ,נטע,1,0,0.0,0
925,Kettle,קומקום,הרתחת מים בקומקום קוטלת(כמו kettle) את כל החיידקים ,נטע,1,0,0.0,0
926,Dart,חץ,D= תחילית שלילה. הוא ירה חץ על יצירת האומנות(art),נטע,1,0,0.0,0
927,Leopard,נמר ,Lion= אריה. נמר הוא חלק(part)/ סוג אחר של אריה,נטע,1,0,0.0,0
928,Leniency,"חמלה,רחמים ",ללנין לא היו רחמים כלפי האזרחים ,נטע,1,0,0.0,0
929,Liver,כבד,המשלוח(delivery) ממש כבד ,נטע,1,0,0.0,0
930,Loathe,לתעב,אשת לוט הפכה למלח בעקבות התיעוב והשנאה בסדום ,נטע,1,0,0.0,0
931,Marsupial,חיית כיס,הכיס של הקנגרו נראה כמו כוס של מרק( כמו sup),נטע,1,0,0.0,0
932,Mock,ללעוג,כולם לועגים לטעם מוקה כי הוא גרוע ,נטע,1,0,0.0,0
933,Nausea,בחילה,ברגע(nau כמו now) שאני מפליג בים(sea) יש לי בחילה ,נטע,1,0,0.0,0
934,Fasten,להדק,להדק זה יותר מהיר (fast) מלהדביק,נעמי,1,0,0.0,0
935,Overhaul,"שיפוץ,אוברול ",פועלים תמיד לובשים אוברול בעבודות שיפוצים ,נטע,1,0,0.0,0
936,Paddle,מחבט ,"המחבט מכה בכדור, כמו שמכים בפדל עם הרגל (כשמדוושים)",נטע,1,0,0.0,0
937,Perch,ענף,הפרח(נשמע כמו perch) צומחים על הענפים ,נטע,1,0,0.0,0
938,Pick,מפרט לגיטרה,צביקה פיק פורט על הגיטרה בכשרון רב ,נטע,1,0,0.0,0
939,Pinch,לצבוט,כלבי פינצ'ר ממש חמודים אז כולם צובטים אותם בלחי ,נטע,1,0,0.0,0
940,Pit,בור,פיט נפל לבור עמוק ,נטע,1,0,0.0,0
941,Prank,מתיחה,פרנק נוהג לעשות מתיחות כל בוקר ,נטע,1,0,0.0,0
942,Prick,לדקור,Prick= קוץ. כולם חושבים שפריקים דוקרים כי הם נראים מפחיד ,נטע,1,0,0.0,0
943,Propaganda,תעמולה,באוגנדה עושים הרבה תעמולה לקראת הבחירות ,נטע,1,0,0.0,0
944,Prowess,"מיומנות,יכולת ",לכל אחד יש כוחות(power) שהן המיומנויות שלו ,נטע,1,0,0.0,0
945,Quarrelsome,וכחני ,יש המון ויכוחים על הכיכר( כמו squre) החדשה ,נטע,1,0,0.0,0
946,Resurgence,תחייה,"אחרי הניתוח(כמו surgen) אחיה מחדש, אחוש תחייה ",נטע,1,0,0.0,0
947,Rhyme,חרוז(בשיר),בכל שיר יש קצב= rhythm וחרוזים ,נטע,1,0,0.0,0
948,Ring,זירה,זירת הקרב עגולה כמו טבעת(ring),נטע ,1,0,0.0,0
949,Robe,"גלימה,חלוק",רובין הוד היה לובש גלימות ברחבי העיר ,נטע,1,0,0.0,0
950,Shingles,רעף,בימי הקיץ הרעפים זורחים(shine) כשהשמש פוגעת בהם ,נטע,1,0,0.0,0
951,Smog,ערפיח(ערפל וזיהום אוויר),כמעשנים(smoke) יש ערפל באוויר בגלל העשן ,נטע,1,0,0.0,0
952,Snap ,במהירות(בסלנג),התמונות בסנפצ'אט עוברות במהירות ,נטע,1,0,0.0,0
953,Snap,להישבר,אני מנסה להיגמל מהסנפצ'אט ומקווה לא להישבר ,נטע ,1,0,0.0,0
954,Speck,כתם,דומה לspot= כתם ,נטע,1,0,0.0,0
955,Spread,"התפשטות,פיזור ","כמו ספריי, מתפשט לכל עבר, מתפזר ",נטע,1,0,0.0,0
956,Staunch,"חזק, מוצק/ לחסום, לעצור ",מזכיר strong= חזק. המחסום היה חזק מאוד ולכן עצר את האזרחים ,נטע,1,0,0.0,0
957,Stove,"תנור,כיריים ",כשמחממים את האוכל בתנור או הכיריים או הופך להיות ממש טוב(כמו tov),נטע,1,0,0.0,0
958,Stroke,"ליטוף/ שבץ , אירוע מוחי",כשמישהו מקבל שבץ צריך ללטף אותו ולהרגיע,נטע,1,0,0.0,0
959,Stunt,פעלול,דודה(aunt) שלי עושה פעלולים מטורף ,נטע,1,0,0.0,0
960,Subtraction,חיסור(חשבון),"Sub= תחילית של מתחת,חיסור מחסר ומוריד לתחתית",נטע,1,0,0.0,0
961,Sword,חרב,מילים יכולות להכאיב כמו חרב,נטע,1,0,0.0,0
962,Sword,חרב,ללורד יש הרבה חרבות ,נטע,1,0,0.0,0
963,Swindler,רמאי ,רמאי הוא מי שחותר(כמו swim) תחת אחרים ,נטע,1,0,0.0,0
964,Syllable,הברה,סי ולה הן כמו שתי הברות ,נטע,1,0,0.0,0
965,Thimble,אצבעון(לתפירה),טימי אוהב לתפור אז הוא שם אצבעון שיגן עליו ,נטע,1,0,0.0,0
966,Tin,"בדיל,עשוי מפיח(יסוד כימי)","בדיל הוא ממש דק, כמו tiny= זעיר ",נטע,1,0,0.0,0
967,Treaty,"אמנה,הסכם,חוזה ",הרופאים חתמו על אמנה לטיפול(treat) בחולים במסירות ,נטע,1,0,0.0,0
968,Purifiaction,טיהור ,בפורים (puri) המן הרשע רצה לעשות טיהור ליהודים. ,אנונימי,1,0,0.0,0
969,Trim,לגזום,אם הפירות טריים(כמו trim) אפשר לגזום אותם ,נטע,1,0,0.0,0
970,Unearth,"לחשוף,לחפור","כמו under= מתחת לאדמה, חופרים וחושפים תגליות ",נטע,1,0,0.0,0
971,Usher,סדרן,אשר הוא סדרן מצטיין בקולנוע ,נטע,1,0,0.0,0
972,Upbringing,"גידול,חינוך ",כשאתה מגדל ילדים את שואף להעלות אותם למעלה (upbringing),נטע,1,0,0.0,0
973,Upholstery,ריפוד,הפוליאסטר(סוג של בד) מעלה(up) את הרמה של הריפוד,נטע,1,0,0.0,0
974,Villain,"רשע,נבל","ויליין נשמע כמו נבלות,רשעות ",נטע,1,0,0.0,0
975,Villain,"רשעות, נבלות",לפעמים אנשים עשירים עם וילה הם רשעים ,נטע,1,0,0.0,0
976,Vinegar,חומץ,רוטב ויניגרט מכיל חומץ ,נטע,1,0,0.0,0
977,Viper,צפע,"יש גדוד בצבא שנקרא וייפר= צפע, תוקפני ",נטע,1,0,0.0,0
978,Vociferous,רעשני,"מהמילה voice=קול , רעשני הוא מי שיש לו קול גדול ",נטע,1,0,0.0,0
979,Wart,יבלת ,יבלת מזהירה(warn) שהולך להיות כואב בעור ,נטע,1,0,0.0,0
980,Weave,"לטוות,לארוג",כשאורגים זה נראה כמו גל =wave,נטע,1,0,0.0,0
981,Zealot,"קנאי,פנאטי",קנאי הוא מי שמסתכל על הזולת(סביבה) ומקנא/ פנאטי קיצוני ביחס לזולת בדעותיו ,נטע,1,0,0.0,0
982,Nominated,מועמד,נעמי (nomi) היא מועמדת מצוינת לראשות העיר,אנונימי ,1,0,0.0,0
983,Trail,לגרור,משאית סמי טריילר(trailer) - זו משאית שגוררת עגלה/מטען,יקיר,1,0,0.0,0
984,Accumulate ,לצבור,"Accum = כמו המילה ״הכל״ , mulate = כמו המילה ״מלא״. הכל מלא = לצבור. ",אורטל ,1,0,0.0,0
985,Allocate,להקצות,הקציתי מקום בחדר לקיטי(הלו קיטי),לירון,1,0,0.0,0
986,Brief,"תדריך, תקציר",לפני כניסה לריף הדולפינים עוברים תדריך,לירון,1,0,0.0,0
987,Derive,לשאוב/ להפיק,"מזכיר- drive, כשנוהגים שואבים דלק",גיל,1,0,0.0,0
988,Tame,לאלף,"Tame זה כמו ""תם"" ואדם תמים עושה כל מה שאומרים לו כמו שכשמאלפים חיה גורמים לה לעשות את מה שאומרים לה",נטע ש,1,0,0.0,0
990,Locate,לאתר,קייט cate החתולה לא lo נמצאת. נעלמה. ולכן עלי לאתר אותה,לירון,1,0,0.0,0
991,Rocket,טיל,רוקט זהכמו ראקטה - טיל ששולחים במלחמה,לירון,1,0,0.0,0
992,Rational,רציונלי הגיוני,"כמו שמשתמשים במילה ב""עברית"" רציונלי",לירון,1,0,0.0,0
993,Confer,להתייעץ,להתייעץ עם קון (con) זה פייר (fer).,שיר,1,0,0.0,0
994,Appeal,משיכה ,"אפשר לזכור את זה לפי המשפט ""סקס אפיל"" ",טל,1,0,0.0,0
995,Secular,חילוני,"למי שלמד וקטורים. מזכיר סקלר , משהו שאין לו גודל וכיוון, בדיוק כמו החילונים שאין להם גודל או כיוון ללכת אליו בחיים (כמו שהדתיים חושבים)",נעמה,1,0,0.0,0
996,Sustain," החזיק ,תמך","כשתומכים במישהו שעושה כושר, אומרים לו סוס, תן, אתה יכול עוד",עידו,1,0,0.0,0
997,Yield ," להניב , להפיק ",בקרבות שמפילים מישהו לאדמה (שמניבה יבול) הוא תמיד צועק yield!,עידו,1,0,0.0,0
998,Wage," לערוך ,משכורת /שכר",-הם ערכו(wage) ישיבה בנוגע לשכר (wage) -היינו רוצים משכורת גדולה-כבדה (דומה קצת באיות לWeight),עידו,1,0,0.0,0
999,Assimilate ,להטמיע, אשים ואז אחרי זמן רב late הוא כבר נטמע,עידו,1,0,0.0,0
1000,Serene," שלו, רגוע", הסרן בצבא הוא תמיד רגוע ושלו ,עידו,1,0,0.0,0
1001,Abduct,"חטיפה, לחטוף","עבדו, קאט. עבדו על הסרט ובחטיפה עשו קאט ",מיטב,1,0,0.0,0
1002,Comply,"לציית, להסכים","אם אתה רוצה לבוא (come) ולשחק (play - ply), את צריך לציית לחוקי המשחק",אלה,1,0,0.0,0
1003,Ward,מחלקה,"במחלקה שלנו כותבים את המסמכים ב""וורד""",אלה,1,0,0.0,0
1004,Dissolve,להתמוסס,"Dis- תחילית שלילה - אם החומר יתמוסס, זה לא יפתור (dis- solve) את הבעיה, אלא רק יחמיר אותה",אלה,1,0,0.0,0
1005,Poacher,"מסיג גבול, צייד לא מורשה",איך מזהים מסיגי גבול? הם היחידים שהולכים עם פאוץ' (poach),אלה,1,0,0.0,0
1006,Orbit,"לחוג, להסתובב","אני תמיד מסתובבת עם מסטיקים של ""אורביט"" בתיק",אלה,1,1,3.0,3
1007,Mediate,"לגשר, לתווך",מתקשר למילה medium- אמצע- Mediate זה לגשר בין שני אנשים כדי שיגיעו לאמצע ,אלה,1,0,0.0,0
1008,Rear,"1. אחורי 2. לטפח, לגדל",אני מטפחת את החלק האחורי שלי שיהיה כמו של קים קרדשיאן,אלה,1,0,0.0,0
1009,Superfluous,"מיותר, עודף","במילה Superfluous יש אותיות מיותרות, יש U עודף",אלה,1,0,0.0,0
1010,Vain,1. שחצן 2. לשווא,"הוא ממש שחצן, אבל אני יודעת שזאת הצגת שווא",אלה,1,0,0.0,0
1011,Remainder,שארית,"מגיע מהמילה remian (להישאר)- זאת שארית, שיישאר שם (remain there= remainder)",אלה,1,0,0.0,0
1012,Innate,מולד,בתוך נייט (In nate) יש פגם מולד,אלה,1,0,0.0,0
1013,Implicate,"לסבך, לערב","Im(עם) , plicate(פלקט/קרש) - הוא הרביץ לו עם פלקט עץ וזה עלול לסבך אותו",יקיר,1,0,0.0,0
1014,Canal ,תעלה ,כמו צורת הפסטה קנלוני שהיא בצורת תעלה,אורטל ,1,0,0.0,0
1015,"Associate , association","לקשר, איגוד",צריך לקשר associate בין העובדים לאיגוד association,לירון,1,0,0.0,0
1016,Bat,עטלף מחבט,צריך להכות את העטלף bat עם מחבט bat,לירון,1,0,0.0,0
1017,Avoid,"להמנע , להתחמק",אבוי avoid לו שהוא מנסה להתחמק ולהמנע,לירון,1,0,0.0,0
1018,Bear,"דוב, לסבול/ לשאת",איך הדוב bear יכול לשאת/לסבול את החום הזה?,לירון,1,0,0.0,0
1019,Bewilder,לבלבל,להיות פראי יותר (wilder) זה מבלבל,בר,1,0,0.0,0
1020,Desert,"זנח,נטש",המדבר (desert) הוא מקום נטוש,בר,1,0,0.0,0
1021,Abide,לציית,דומה למילה העביד - להעביד זה לגרום למישהו לציית לך,יקיר,1,0,0.0,0
1022,Stimulate,לעורר,"Stim(סתימה) , late(מאוחר) - טיפול מאוחר בסתימה שנפלה מהשן עלול לעורר בעיות רבות",יקיר,1,0,0.0,0
1023,Elaborate,"לפרט, להרחיב",El(אל) abor(הבור) ate(את) - כדי שנוכל לרדת אל הבור צריך להרחיב אותו,יקיר,1,0,0.0,0
1024,Spring,קפיצה,"במעיין(spring) , המים קופצים מן האדמה",יקיר,1,0,0.0,0
1025,Controversy,"מַחֲלֹקֶת, וִכּוּחַ, סִכְסוּךְ",כאן ( con) אתה רבה (trov),דוראל דוד,1,0,0.0,0
1026,Precise,מדויק,Cise כמו size- מידה צריכה להיות מדויקת,גיל,1,0,0.0,0
1027,Chart,"גיליון, תרשים","פעמים רבות האמנות (art) פועלים על פי גיליון, תרשים (chart)",שיר,1,0,0.0,0
1028,Convict,אסיר,"קונור (con), הפושע הידוע לשמצה, הפך בעצמו לקורבן (vict*im*)",שובל,1,0,0.0,0
1029,Exert,"להתאמץ, להפעיל",להתאמץ= להפעיל את הלב (נשמע כמו heart),נעה,1,0,0.0,0
1030,Firm,"חברה (פירמה), נחוש, תקיף, מוצק",בעל הפירמה היה תקיף ונחוש שהחברה תייצר פירה מוצק (פירה דומה לאותיות של firm),נעה,1,0,0.0,0
1031,Luminous,"זוהר, בוהק",הצבע של הלימון (lumin דומה ל-lemon) הוא זוהר ובוהק,נעה,1,0,0.0,0
1032,Plentiful,"מלא, שופע",Plent דומה ל-plant (צמח) - השדה שופע ומלא בצמחים,נעה,1,0,0.0,0
1033,Rebuke,לנזוף,נזפתי בו כי הוא כתב את השם של חברת הנעלים Reebok עם u,אופיר,1,0,0.0,0
1034,Abduct,חטיפה,"Abdu(אבדה) - היא לא אבדה , אלא נחטפה",יקיר,1,0,0.0,0
1035,Looting,בזיזה,במשחק פורטנייט לסט נשקים קוראים loot וכל הזמן אתה רוצה לבזוז מהאחר את הנשקים שלי,אופיר,1,0,0.0,0
1036,Demolish,להרוס,מזכיר פוליש שעושים לקיר ומתקנים אותואז (de) = הפוך והורסים אותו,אופיר,1,0,0.0,0
1037,Diverge,לסטות,"Di קידומת של שלילה verge מזכיר average (ממוצע), לא בממוצע= סטייה, לסטות. ",אנונימית ,1,0,0.0,0
1038,Accomplishment,הישג,על הישגים נוהגים לקבל הרבה קומפלימנטים (מזכיר את המילה),אנונימית,1,0,0.0,0
1039,Lobby,לשדל,הוא ניסה לשדל אותה להיכנס ללובי בניגוד לרצונה ,אנונימית ,1,0,0.0,0
1040,Bush,שיח ,ג'ורג' בוש דומה לשיח ,אנונימית,1,0,0.0,0
1041, execute,להוציא להורג,המילה מורכבת מאיקס (exe) וחמוד (cute)- להוציא להורג זה לא חמוד בכלל.,אנונימית,1,0,0.0,0
1042,Agony,ייסורים,Agony - דומה מאד למילה יגון,יקיר,1,0,0.0,0
1043,Admit,להודות,"Ad(עד) , mit(אמת) - להודות זה להעיד את האמת על עצמך",יקיר,1,0,0.0,0
1044,Exercise,ליישם,יש ליישם exercise (התעמלות) כדי באמת להגיע לתוצאות,דוראל דוד,1,0,0.0,0
1045,Gross,"ענק, דוחה",הדשא (grass) הוא דוחה (gross(,Dorel David,1,0,0.0,0
1046,Admonish,נזף,"Admon - אדום , onish - עונש - לפני שהשופט שולף כרטיס אדום בתור עונש , הוא נוזף בשחקן",יקיר,1,0,0.0,0
1047,Admonish,"לנזוף , להוכיח","Admon(אדמון/אדום) , ish(איש) - כשהאיש נזף בך , כל הפרצוף שלו היה אדום מכעס",יקיר,1,0,0.0,0
1048,Mammal,יונק,היונק זקוק לאמא שלו בתחילת חייו.,אנונימית ,1,0,0.0,0
1049,Sin,חטא ,סין הפיצו את הקורונה וזה חטא,נ. ,1,0,0.0,0
1050,Colony,מושבה,קול (col) עני (ony) יכול להרשות לעצמו לגור במושבה,אילה,1,0,0.0,0
1052,Ban,"חרם, איסור",הלהקה (band) החרימה את האות d,אילה,1,0,0.0,0
1053,Approximately,"בערך, בקירוב","זה ככל הנראה בערב, בקירוב בהמילה הארוכה בתבל",אילה,1,0,0.0,0
1054,Accordance,התאמה,יש התאמה בין ה acord (נשמע כמו אקורד של כל נגינה) ל- dance (ריקוד),דוראל דוד,1,0,0.0,0
1055,Maritime,ימי,זהו זמן (time) למרינה (mari) שנמצאת בים,דוראל דוד,1,0,0.0,0
1056,Habitat,"סביבת מגורים, בית גידול",Habit + at (נראה כמו הבית ב..) - סביבת המגורים היא היכן שהבית נמצא,נעה,1,0,0.0,0
1057,Inhabit,"לאכלס, ליישב, לגור","In + habit (נראה כמו בתוך ""הבית"") - לגור/להתאכלס/ לשכון בתוך בית",נעה,1,0,0.0,0
1058,Inhabitants,תושבים,"Inhabitant = ליישב/לאכלס/לגור (אסוציאציה של in+habit = לגור בתוך ""הבית""), התושבים הם אלו שגרים/מתיישבים/מאכלסים את הבית",נעה,1,0,0.0,0
1059,Burden,"עול, נטל",Bird + eden - לטפל בציפורים היה נטל עבור עדן,נעה,1,0,0.0,0
1060,In order,"תקין, מסודר",In (ב...) + order (סדר) = בסדר = תקין,נעה,1,0,0.0,0
1061,Neglect,"הזנחה, רישול","נשמע כמו נזלת - ילד מנוזל נראה מוזנח, מרושל",אילה,1,0,0.0,0
1062,Vaccine,חיסון,"דומה ל-vacation (חופשה), לפני החופשה צריך לעשות חיסון",נעה,1,0,0.0,0
1063,Wise,"חכם, פיקח","דומה לוויז, מי שהמציא את וויז הוא חכם",נעה,1,0,0.0,0
1064,Audit,"ביקורת, בדיקה",באודישן (audition) אתה עובר ביקורת/בדיקה,נעה,1,0,0.0,0
1065,Distract,להסיח את הדעת,"דומה ל- disturb + act (להפריע לפעולה, להסיח את הדעת)",נעה,1,0,0.0,0
1066,Terminate,"לסיים, לחסל, לבטל","הטרמינל הוא התחנה הסופית, הוא *מסיים* את הנסיעה",נעה,1,0,0.0,0
1067,Agitate,"להסעיר, לזעזע, לעצבן",התחילית מזכירה את המילה edge (קצה) - להביא מישהו לקצה,נעה,1,0,0.0,0
1068,Brief,"תדריך, תקציר","במסעדות נותנים לך ""בריף"" של הדברים החדשים",אילה,1,0,0.0,0
1069,Exclaim,צעק,"Claim (לטעון) ו- ex (חבר לשעבר) שאת רוצה לטעון נגד האקס, את צועקת עליו",דוראל דוד,1,0,0.0,0
1070,Amenable,"ממושמע, צייתני","כלבים אומרים ""אמן"" (amen) , על כל מה שהבעלים(able) שלהם אומרים להם לעשות",יקיר,1,0,0.0,0
1071,Rarly,לעיתים נדירות ,Rar (מידת עשייה) לעיתים נדירות אני מזמין המבורגר רייר,אביחי,1,0,0.0,0
1073,Enroll,להירשם,נרשמתי לקורס להכנת רול סושי,נעה,1,0,0.0,0
1074,Assassinate,להתנקש,"Assa(עשה) , sin(חטא) - להתנקש במישהו זה לעשות חטא גדול",יקיר,1,0,0.0,0
1075,Assassinate,להתנקש,"Assa(עשה) , sina(שנאה) - הוא התנקש בו .. מה ששנאה עושה..",יקיר,1,0,0.0,0
1076,Currently,"כרגע, נכון לעכשיו","במילה זו מסתתרת המילה rent (=שכירות), גובה מחיר השכירות הוא בהתאם לערך הדירה כרגע, נכון לעכשיו.",שושי,1,0,0.0,0
1077,Lumber,בול עץ,דומה ל-timber (עץ),נעה,1,0,0.0,0
1078,Concentrate,להתרכז,בקונצרט (דומה לconcentrate) צריך להתרכז כדי לשמוע את המוסיקה,אילה,1,0,0.0,0
1079,Depart,לעזוב,"(de) שלילה באנגלית (part) חלק באנגלית - אני לא חלק, אני עוזב את השלם",אילה,1,0,0.0,0
1080,Devote,להקדיש,אני לא (de) מקדיש זמן להצביע (vote),אילה,1,0,0.0,0
1081,Distinct,"ברור, נפרד","זה ברור מי הסריח (stink, דומה למילה) ואנחנו שמים אותו בנפרד",אילה,1,0,0.0,0
1082,Essential,חיוני,כל סנט הוא חיוני,אילה,1,0,0.0,0
1083,Inadequate,"לקוי, לא מספיק",פרסומת (ad) לא (in) שקטה (הסוף דומה לQuiet) היא לקויה ולא מספיקה כדי לעורר תשומת לב,אילה,1,0,0.0,0
1084,Inhabit,"לאכלס, ליישב",אין הבית - בתוך הבית,רשל שורץ,1,0,0.0,0
1085,Abrupt,פתאומי,היא עשתה הפלה (abort) באופן פתאומי,רשל שורץ,1,0,0.0,0
1086,Bat,מחבט,"עטלף עף למרחקים , מחבט מעיף למרחקים",רשל שורץ,1,0,0.0,0
1087,Gathering,התאספות,"כמו together - ביחד , אז כשכולם ביחד זה נקרא התאספות",רשל שורץ,1,0,0.0,0
1088,Thus,"לכן, כך ש","למיכל יש תכשיט של thus , לכן היא פרחה",רשל שורץ,1,0,0.0,0
1089,Complain,להתלונן,"הקומפוט במטוס (plane) לא היה טעים, לכן כולם התלוננו",רשל שורץ,1,0,0.0,0
1090,Whether,"אם, באם, האם","כמו מזג אוויר - אם יהיה חם ללבוש קצר , אם קר ללבוש ארוך",רשל שורץ,1,0,0.0,0
1091,Occassion,"אירוע, סיבה, הזדמנות",אירוע באוקיינוס,רשל שורץ,1,0,0.0,0
1092,Lack,חוסר,ללק הזה יש מחסור בפגמנט,רשל שורץ,1,0,0.0,0
1093,Discoveries,תגליות,תוכנית דיסאקברי - תגלית,רשל שורץ,1,0,0.0,0
1094,Mandatory,חובה,המנדט הבריטי הטיל חובה על אנשים לציית לו,רשל שורץ,1,0,0.0,0
1095,Confiscation ,החרמה,קונפי מחרים מלשבים,רשל,1,0,0.0,0
1096,Exhibit,להציג,"אקס(ex) , הִבִּיט(hibit) - האקס שלי הִבִּיט במה שהצגתי לו",יקיר,1,0,0.0,0
1097,Exhibit,להציג,"Ex(אקס) , hibit(הביט) - האקס הביט בקנאה בבן הזוג החדש שהצגתי",יקיר,1,0,0.0,0
1098,Abort,להפיל,Abor - הוא נפל לתוך הבור,יקיר,1,0,0.0,0
1099,Lamentable,"מצער, מעציב",Lam(a) en table? = למה אין שולחן? זה מצער ומעציב ,נ. ,1,0,0.0,0
1100,Colossal,עצום,הקולוסיאום ברומא הוא עצום,גיל,1,0,0.0,0
1101,Groan,"גניחה , אנקה",Groan(גרון) - גניחה ואנקה הן קולות היוצאים מן הגרון.,יקיר,1,0,0.0,0
1102,Chase,לרדוף,"בשחמט (chase), השחקנים רודפים אחד את השני.",דוראל דוד,1,0,0.0,0
1103,Mimic,לחקות,מקדונלס חיקו את השם mic (נשמע כמו mac) מapple.,דוראל דוד,1,0,0.0,0
1104,Scorn,בוז,"הקהל משמיע ssss וזורק פופקורן (corn) על השחקנים היריבים, ובכך מביע בוז",דוראל דוד,1,0,0.0,0
1105,Disguise,תחפושת,"הם לא (dis) היו בנים (נשמע כמו guys), זאת היתה תחפושת",דוראל דוד,1,0,0.0,0
1107,Arise,"הופיע, עלה, צץ",במהלך גידולו של האורז (נשמע כמו rice) הוא עולה ומופיע\צץ מעל מפלס המים שבו הוא גדל,דוראל דוד,1,0,0.0,0
1108,Axle,ציר,"נשמע כמו האפליקציה excel, שהיא בנויה מצירים הנחתכים אחד עם השני.",דוראל דוד,1,0,0.0,0
1109,Succession,רציפות,כדי להצליח (success) צריך רציפות של הישגים.,דוראל דוד,1,0,0.0,0
1110,Hoax,"תעלול, מתיחה",קוסם אומר הוקוס פוקוס (הוקוס נשמע כמו hoax) מתי שהוא עושה תעלול.,דוראל דוד,1,0,0.0,0
1111,Capacity,קיבולת,"Cap- כמו cup- גביע, acity- ה-עיר. גביע העיר, לגביע הזה יש קיבולת כל כך גדולה שהוא מכיל את העיר. ",נ.,1,0,0.0,0
1112,Ambassador,שגריר,"נהגה ""אמבסדור"", 'בסדור' נשמע כמו 'בסדר' עילג. שגריר נמצא בארץ זרה ולכן הוא בסדר אבל עילג.",שושי,1,0,0.0,0
1113,Apology,התנצלות,"נשמע דומה לאפילוג, באפילוג הסופר מתנצל על סוף הספר...",שושי,1,0,0.0,0
1114,Modest ,צנוע,אופנה צנועה זה הכי במודה ,אנונימית,1,0,0.0,0
1115, omission," הזנחה, השמטה","או, הזנחנו את המשימה (mission)",אנונימית,1,0,0.0,0
1116,Omit,"להזניח, להשמיט ",הזנחנו את הטיפול בגוזל והוא מת (o-mit),אנונימית,1,0,0.0,0
1117,Permanent,קבוע,אתה צריך לקחת את הכדור כל יום פר (per) מנה (mane),אנונימית,1,0,0.0,0
1118,Profit,רווח,הבעלים של פרו-פיט (נשמע כמו משקה חלבון) עושה הרבה רווח,אנונימית,1,0,0.0,0
1119,Route,"מסלול, דרך ","עברנו את כל המסלול עם מכשירי הקשר בקריאות :""רות (route) , עבור""",אנונימית,1,0,0.0,0
1120,Priority,עדיפות,"Prior זה קודם, אנחנו קודם עושים משהו שיש לו עדיפות",אנונימית,1,0,0.0,0
1121,Repetition,חזרה,במילה יש חזרה על האותיות e t i ,אנונימית,1,0,0.0,0
1122,Columm,טור ,כולם (מזכיר את המילה) להסתדר בטור!!,אנונימית,1,0,0.0,0
1123,Isle,אי,כמו האי *אי*סלנד ,נ. ,1,0,0.0,0
1124,Massacre,טבח (כמו רצח),"הסוף מזכיר את סקאר, סקאר טבח את מופאסה. ",נ.,1,0,0.0,0
1125,Officiate,"לכהן, לערוך","אנו נעזרים בתוכנות של אפליקציית office (וורד, פאוורפוינט וכו'..)כדי לערוך דברים",נ.,1,0,0.0,0
1126,Merchandise,"מוצרים , סחורה ",ההתחלה מזכירה מרצדס- מרצדס זו סחורה טובה. ,נ. ,1,0,0.0,0
1127,Regime,"שלטון, משטר",לכל region(אזור) יש משטר. ,נ.,1,0,0.0,0
1128,Shuttle,מעבורת,"Shut- סגור , tle- לטייל. משהו סגור שמטיילים בו (במים)- מעבורת. ",נ. ,1,0,0.0,0
1129,Attribute,"1. לייחס, לקשר 2. תכונה, מאפיין","(at)את (rib)רבה (ute)יותר- את רבה יותר, ואני *מקשר* ו*מייחס* את זה ל*תכונות* שלך.",נ. ,1,0,0.0,0
1130,Administer,"לתת, לחלק ","המשמעות המוכרת יותר- לנהל, ומנהל אמיתי יודע לתת ולחלק תפקידים. ",נ. ,1,0,0.0,0
1131,Forgery,זיוף ,"בשביל גרי, בשביל גרי מהפיג'מות זיוף של המבורגרים זה עניין שבשגרה. ",נ.,1,0,0.0,0
1132,Malfunction,"כשל, ליקוי ","Mal(תחילית שמשמעותה)- רע function- פונקציה. פונקציה רעה- כשל, ליקוי. ",נ. ,1,0,0.0,0
1133,Derive,"לשאוב, להפיק, לגזור מ- ","River-נהר, אנחנו שואבים מהנהר. ",נ. ,1,0,0.0,0
1134,Embody,"כלל, הכיל",הם (em) כללו כל אחד ( כמו every body) בתוכנית שלהם.,דוראל דוד,1,0,0.0,0
1135,Endurance,סיבולת,"מי שעמיד (durable) במהלך ריצה ארוכה(run) , יש לו סיבולת",רועי,1,0,0.0,0
1136,Duty ,חובה,חובה לעבור בדיוטי פרי לפני הטיסה!!,אנונימית,1,0,0.0,0
1137,Validate,"אימת, נתן תוקף",תאריך (date) הלידה של הולד (מזכיר valid) אימת את גילו. ,אנונימית ,1,0,0.0,0
1138,Participate,השתתף,אם הוא השתתף אז הוא לקח חלק (part),אנונימית,1,0,0.0,0
1139,Concrete,בטון,בעברית גם אומרים קונקרטי כלומר מוחשי. אני יודע שבטוח לא חלמתי כי אחרי שנתקעתי בקיר הבטון הכאב היה מאוד מוחשי,אופק,1,0,0.0,0
1140,Endurance,"סיבולת , כח סבל","End(גמר) , u(אתה) , ran(רץ) - אתה רצת קצת וזה גמר אותך , הסיבולת שלך חלשה",יקיר,1,0,0.0,0
1141,Commit,"לבצע, ביצוע",הוא ביקש ממני לבצע פעולה קומית,אנונימית,1,0,0.0,0
1142,Convoy,שיירה,שיירה של קאובויים (מזכיר את המילה) עברה בעיר אתמול ,אנונימית,1,0,0.0,0
1143,Critic,מבקר,מבקר המסעדה ציין דברים שלא היו קריטיים בכלל,אנונימית,1,0,0.0,0
1144,Limber,"גמיש,זריז", מי שמשתתף בלימבו (limb) הוא חייב להיות גמיש,דניאל,1,0,0.0,0
1145,Fast,צום,"חשבתי שהצום יהיה קשה, אבל הוא עבר מהר (fast)",אנונימית,1,0,0.0,0
1146,Convoy,שיירה,נשמע כמו קאובוי. שיירה של קונבוי (קואובים נוסעים בשיירה),שילת ולוך :),1,0,0.0,0
1147,Degenerate,להתנוון,דג'נרט מזכיר את אלן דג'נרס. מי שיושב כל היום מול הטלוויזיה ורואה תוכניות טלויזיה כמו אלן דג'נרס - בסוף מתנוון!,שילת ?,1,0,0.0,0
1148,Dispose,להפטר,"דיס זה שלילי, pose זה פוזה. אז מי שעושה פוזה נפטרים ממנו כי הוא מעצבן",שילת,1,0,0.0,0
1149,Conservative,שמרני ,הקונסרבטיבים לא שמרנים כמו האורתודוקסים ,אנונימית,1,0,0.0,0
1150,Betray,לבגוד,היא בגדה בו כי היא חשבה שיש לה רע(חבר)(ray) יותר טוב(better) ,רועי,1,0,0.0,0
1151,Audit,ביקורת,אוודי (audi) זה רכב שתמיד מקבל ביקורת חיובית,רועי,1,0,0.0,0
1152,Abdicate,להתפטר,"Abd(עבד) , cat(קאט) - הוא עבד שם שנים עד שהחליט לעשות קאט ולהתפטר",יקיר,1,0,0.0,0
1153,Guidance,"הנחיה, הכוונה ",לפני שגיא (gui) התחיל לרקוד (dance) הוא קיבל הכוונה מהמורה שלו.,אנונימית,1,0,0.0,0
1154,Abide,לציית,זאת יד(ide) אבא(ab) וצריך לציית לה,נ. ,1,0,0.0,0
1155,Interact,"לתקשר, להשפיע ",בעברית אנו משתמשים במילה &quot;אינטרקציה&quot; לתאר תקשורת. ,נ. ,1,0,0.0,0
1156,Conspiracy,"קשר, מזימה",העלו הרבה קונספירציות (מזכיר את המילה) בקשר למזימתו של הפושע.,אנונימית,1,0,0.0,0
1157,Heritage,מורשת, her-it-age אני מתחתן איתה כשהיא בגיל הזה בגלל שבגיל זה היא מקבלת ירושה ,אופק,1,0,0.0,0
1158,Accessible,"נגיש, זמין","קצת מזכיר לי בצלילים אובססיבל... מי שאובססיבי למשהו צריך אותו נגיש, זמין...",שושי,1,0,0.0,0
1159,Crisis,משבר,"מזכיר את המילה קריסה, משבר הוא סוג של קריסה של משהו",שושי,1,0,0.0,0
1160,Deny,לסרב/להכחיש,"פילוסוף צרפתי בשם זה, דני דידרו, סירב להאמין באלוקים והכחיש את קיומו.",שושי,1,0,0.0,0
1161,Imminent,"שעומד להתרחש בקרוב, ממשמש ובא","נשמע כמו in a minute, בעוד רגע, בעוד דקה",זוהרית מויאל,1,0,0.0,0
1162,Oblivion,"שכחה, נשייה, אבדון","נשמע כמו olive=זית, זיתים גורמים לשכחה",זוהר,1,0,0.0,0
1163,Startle,"הבהיל, החריד, הקפיץ","Start=התחיל le=נשמע כמו יללה. נשמע כמו התחיל ליילל, מרוב פחד, בהלה",זוהר,1,0,0.0,0
1164,Terrify,להפחיד,כשג'ון טרי (terry) היה נופל כל הקהל של צ'לסי היה מפחד,רועי,1,0,0.0,0
1165,Incomprehensible,לא מובן,לא מובן איך אמורים לקרוא את המילה המסובכת הזאת,שושי,1,0,0.0,0
1166,Influx,זרם,אנשים שלא (תחילית In) גמישים (flexible) הולכים עם הזרם,דוראל דוד,1,0,0.0,0
1167,PERVASIVE,"מתפשט, מחלחל",פרווה + סיב - כשנוזל נשפך על פרווה הוא מחלחל דרך הסיבים שלה,אופק,1,0,0.0,0
1168,Credibility,אמינות,"Cred נשמע כמו card באנגלית, קלף וibility נשמע כמו ability, יכולת. מי שיש לו יכולת לשחק בקלפים הוא משדר אמינות",אילה,1,0,0.0,0
1169,Willpower,כוח רצון,Will הוא עם רצון לpower - כוח רצון,אילה,1,0,0.0,0
1170,Staple,להדק,"Apple, אכילת תפוחים מהדקת את הגזרה ",נ. ,1,0,0.0,0
1171,Apparent,גלוי,"Parent- הורה, כדאי לך להיות גלוי מול ההורה שלך",נ. ,1,0,0.0,0
1172,Readiness,מוכנות,במוכנות לכיתה א' הילדים לומדים לקרוא (read).,אנונימית ,1,0,0.0,0
1173,Apathetic,אדיש,מי שאדיש הוא פשוט פתטי!!!,אנונימית ,1,0,0.0,0
1174,Fuel,דלק,מילאתי את הדלק ברכב על פול טנק,אנונימית ,1,0,0.0,0
1175,Foresee,לצפות מראש,"For כמו before שזה לפני, וsee כמו לראות. לראות לפני כולם זה לצפות מראש",דניאל,1,0,0.0,0
1176,Likley,סביר,"אנשים שהם like (כמו) ly (כמו lee מתא הנשיקות) הם סבירים, לא מעולים כמו אח שלהם",אילה,1,0,0.0,0
1177,Poll,סקר דעת קהל,"מזכיר בריכה- pool, כולם רוצים לשחות בבריכה ע&quot;פ סקר דעת קהל",מישמש,1,0,0.0,0
1178,Proper,"הולם, ראוי",איך הג'ינס הזה הולם אותך! לפני (pro) היית נראה כמו פרה (per),אילה,1,0,0.0,0
1179,Reveal,"לגלות, לחשוף",אתה באמת רוצה לגלות ולחשוף את החוצפן שהכניס את האות V למילה real??,אילה,1,0,0.0,0
1180,Rigid,"נוקשה, מחמיר","הוא פ-ריג'ידי, נוקשה ומחמיר",אילה,1,0,0.0,0
1181,Superfluous,"מיותר, עודף","סופר+פלוס- יש יותר מידי פלוס. זה כבר מיותר, עודף. ",נ. ,1,0,0.0,0
1182,Seek,1. לחפש 2. לבקש ,1. מזכיר את search- לחפש. 2. מזכיר את sick- מי שחולה מרבה לבקש עזרה. ,נ.,1,0,0.0,0
1183,Miserable,אומלל,"Miser- מייסר, מי שמייסרים אותו הוא אומלל",נ. ,1,0,0.0,0
1184,License,"1. לאשר, להתיר 2. רישיון","Li+cense - הם הביאו לי-קנס, כי אין לי רישיון שמתיר לי לנהוג. ",נ. ,1,0,0.0,0
1185,Comfortable,נוחות,בואי לשולחן יהיה לך נח- come for table,Ety,1,0,0.0,0
1186,Appealing,"מושך,מענין,מקסים",למעלה(ap) הפיל(peal) מקסים,אתי,1,0,0.0,0
1187,Artificial,מלאכותי,האומנות (art) הזאת מלאכותית ולא רשמית (official),תפארת,1,0,0.0,0
1188,Perfect,"לשפר, להשלים",רון וויזלי נהיה מדריך (פרפקט) כדי לשפר את הביטחון העצמי שלו,אילה,1,0,0.0,0
1189,Absence,מחסור,אבא (ab) עשה סצנה (sence) כי היה מחסור,אילה,1,0,0.0,0
1190,Absent,"חסר, לא נוכח",שלחנו (sent) את אבא (ab) ולכן הוא לא נוכח,אילה,1,0,0.0,0
1191,Abundance,שפע,אבא (ab) של יודע לרקוד יש בשפע!,אילה,1,0,0.0,0
1192,Acquire,"לרכוש, להשיג",אני רוצה ללרכוש ולהשיג אקווריום כזה,אילה,1,0,0.0,0
1193,Aid,"עזרה, לסייע",צריך לסייע למי שחולה באייד(ס),אילה,1,0,0.0,0
1194,Airline,חברת תעופה,כל מטוס של כל חברת תעופה עומד באוויר בשורה,אילה,1,0,0.0,0
1195,Alike,דומה,כשאתה רואה משהו שדומה למה שאהבת את חושב רגע (אאא...) ואז עושה לייק,אילה,1,0,0.0,0
1196,Ally,בן-ברית,עלי הוא בן ברית טוב,עלי,1,0,0.0,0
1197,Alter,"שינה, לשנות","כשמשהו קורה אתה צריך לשנות את המסלול, (ל)אלתר",אילה,1,0,0.0,0
1198,Amateur,חובבן,התיאור &quot;עמה&quot; הוא תיאור של חובבן,אילה,1,0,0.0,0
1199,Amend,"תיקון, שינוי לטובה","בסוף הבוקר (AM) תוכל לעשות תיקון, שינוי לטובה",אילה,1,0,0.0,0
1200,Apparent,גלוי,כדאי להיות גלויים לגבי האפליקציות (app) בפני ההורים שלך,אילה,1,0,0.0,0
1202,Appreciate,עליה בערך,"Ci נשמע כמו she, היא אכלה פרי והעלתה את ערכו",אילה,1,0,0.0,0
1203,Assess,"להעריך, לאמוד",קשה להעריך ולאמוד את כמות הs שיש במילה זו,אילה,1,0,0.0,0
1204,Assign,"למנות, להקצות",כשהמנהיג שווה לישבן (ass) זה סימן (sign) שצריך למנות אחד חדש,אילה,1,0,0.0,0
1205,Attendant,"משרת, מטפל, מלווה","את (att) תסיימי (end) כמו נמלה (ant), תעבדי כל היום כמו משרת, מטפל, מלווה",אילה,1,0,0.0,0
1206,Bare,"לחשוף, לגלות, חשוף",לדב (bear) יש כח לחשוף ולגלות גם מה שמתחת לדברים כבדים,אילה,1,0,0.0,0
1207,Bare,"חשוף, ריק, לגלות",בר ריק הוא חשוף לחובות כלכליים ויכול לגלות קושי,אילה,1,0,0.0,0
1208,Bush,ערבה,ג'ורג' בוש גר בערבה,אילה,1,0,0.0,0
1209,Case,תיבה,לתיבה יש כיסוי,אילה,1,0,0.0,0
1210,Bode,"לנבא, לבשר",מי שבודה(bode - ממציא סיפורים) מליבו נקרא נביא שקר ולא באמת יודע לנבא,יקיר,1,0,0.0,0
1211,Prophet,נביא,"Pro-בעד , het- חטא : מי שבעד הנביא , לא אוהב את החטא(לחטוא)",יקיר,1,0,0.0,0
1212,Extinct,נכחד,טי (ti) רקס (ex) נכחד מהעולם,Daniel,1,0,0.0,0
1214,Consume,לצרוך,"Con - עם. sume - דומה לסם. עם סמים, לצרוך סמים",דניאל,1,0,0.0,0
1215,Communal,"ציבורי, שיתופי, קהילתי",מזכיר את המילה 'קומונה' - חיים שיתופיים (בדר&quot;כ מכירים משנת שירות),דניאל,1,0,0.0,0
1216,Cautious,זהיר,כמו בסימנים הצהובים עם הסימן קריאה באמצע המשולש שכתוב עליהם caution שזה אזהרה מפני חומרים רעילים,אילה אשר,1,0,0.0,0
1217,Compress,לדחוס,בוא (com) ותעזור לי ללחוץ (press) על המזוודה כדי לדחוס את הבגדים שלי,אילה אשר,1,0,0.0,0
1218,Comprise,לכלול,אם אדם פרייס יבוא (com) נוכל לכלולל גם אותו,אילה אשר,1,0,0.0,0
1219,Confer,להתייעץ,כל עוד אנחנו יחד (con - תחילית של יחד) זה פייר להתייעץ,אילה אשר,1,0,0.0,0
1220,Confer,"להתייעץ, להעניק, להסביר",כל עוד אנחנו יחד בקקבוצה (con - תחילית של יחד) זה פייר להעניק הסבר או ייעוץ אחד לשני,אילה אשר,1,0,0.0,0
1221,Conjecture,"סברה, לשער","יחד, ג'ק ותור חשבו על סברה",אילה,1,0,0.0,0
1222,Decline,ירידה,"Dec - שלילה, line - שורה. נגמרה השורה, צריך לרדת שורה",דניאל,1,0,0.0,0
1223,Distress,מצוקה,"הוא ב-סטרס, הוא במצוקה.",דניאל,1,0,0.0,0
1224,Elaborate,"לפרט, להרחיב",אלה מרחיבה ומפרטת לגבי גבינת הבוראטה,אילה אשר,1,0,0.0,0
1225,Eminent,"בולט, בכיר",הזמר אמינם הוא הזמר הבולט והבכיר בתחום הt,אילה אשר,1,0,0.0,0
1226,Enclose,לצרף,"קרוב (close), לכן enclose זה לצרף משהו כדי שיהיה יותר קרוב",אילה אשר,1,0,0.0,0
1227,Epedimc,מגיפה,האקדמיה זאת המגיפה של הדור שלנו,אילה אשר,1,0,0.0,0
1228,Equivalent,שווה ערך,"Equal (שווה), value (ערך). שווה ערך",אילה,1,0,0.0,0
1229,Establish,לייסד," היא עשתה את זה בלי איש, ייסדה את זה לבד",אילה,1,0,0.0,0
1230,Execute,"להוציא לפועל, להוציא להורג","האקס שלי כבר לא חמוד, צריך להוציא לפועל את ההרג שלו",אילה,1,0,0.0,0
1231,Facility,מתקן,"תפסל איתי (ככה זה נשמע, בלי הת' בהתחלה) את המתקן הזה",אילה,1,0,0.0,0
1232,Feature,"להציג, סרט באורך מלא, תכונה/מאפיין",אנחנו מציגים סרט באורך מלא על הפניצ'ר שלנו שיש לו תכונות ומאפיינים מהממים!,אילה,1,0,0.0,0
1233,Secrifice,להקריב,שה מתקרב לסוף שלן כקורבן,Kc,1,0,0.0,0
1234,Impair,"לפגום, להחליש","Im תחילית של שלילה, pair זוג,כדי לפגום ולהחליש את אהבתם צריך לגרום לכך שלא יהיו זוג",אילה אשר,1,0,0.0,0
1235,Impart,"להעביר, לקנות","Im תחילית של שלילה, Part חלק, זה כבר לא חלק ממני, מישהו רוצה לקנות את זה, אני צריך להעביר את זה אליו",אילה,1,0,0.0,0
1236,Impartially,"באופן הוגן, ללא אפליה","Im תחילית שלילה, part חלק, ally בעל ברית, אני לא חלק מברית מסויימת, אני הוגן ולא עושה אפליות לאף אחד.",אילה,1,0,0.0,0
1237,Import,לייבא,חשוב (important) לייבא ממדינות אחרות בשביל פוליטיקה,אילה ,1,0,0.0,0
1238,Impose,לכפות,הצלם כפה על הדוגמנית להצטלם בפוזה,אילה,1,0,0.0,0
1239,Tender,"עדין, רך",כמו thunder - רעם. רק עדין יותר,דניאל,1,0,0.0,0
1240,Increase,"להגדיל, להגביר",כשאני בקריזה כלתגובה שלי מוגברת ומוגדלת,אילה,1,0,0.0,0
1241,Industry,תעשייה,מי שעובד בתעשייה אוכל אבק (dust),אילה,1,0,0.0,0
1242,Inferred,"נגזר, משתמע","In - תחילית שלילה, לא פרד אלא ג'ורג' וויזלי נגזרה לו האוזן (בספר השביעי)",אילה,1,0,0.0,0
1243,Inform,"להודיע, לעדכן","מלשון information, מידע שצריך להביא למישהו",אילה,1,0,0.0,0
1244,Innovate,"לחדש, להמציא",נשמע כמו Invent שזה גם להמציא,אילה ,1,0,0.0,0
1245,Interact,"לתקשר, להשפיע","מלשון אינטרקציה, לתקשר וכך אפשר להשפיע על אנשים",אילה,1,0,0.0,0
1246,Interest,"ריבית, עניין",אני לא מתעניינת במה שהבנקאי אומר עד שהוא מתחיל לדבר על הריבית המוגזמת!,אילה,1,0,0.0,0
1247,Launch,"לשגר, להוציא לדרך, להשיק, להתחיל",כדי להתחיל את הדיאטה שלי אני מתחילה בלשגר את הרגל שלי ולעשות לאנצ'ים,אילה,1,0,0.0,0
1248,Lobby,"לשדל, לובי",נשמע כמו dobby שבהארי פוטר הוא שידל את הארי לא להגיע לבית ספר,אילה,1,0,0.0,0
1249,Moderate,מתון,אנשים מודרנים בדרך כלל יותר מתונים,אילה,1,0,0.0,0
1250,Mold,לעצב,"סיכול אותיות של מודל, מעצבים את המודל שלך",אילה,1,0,0.0,0
1251,Obtain,להשיג,"(ob) אבא (tain) תן, דרך להשיג דברים",אילה,1,0,0.0,0
1252,Nutrition,תזונה,"ההתחלה נשמעת כמו new tree, יש עץ חדש שטוב לתזונה",אילה,1,0,0.0,0
1253,Operate,"לפעול, להפעיל, לתפעל, לנתח",באופרה צריך להפעיל את הגרון ולנתח אותו לפעמים,אילה,1,0,0.0,0
1254,Operate,"לפעול, להפעיל, לתפעל, לנתח",באופרה צריך להפעיל את הגרון ולנתח אותו לפעמים,אילה,1,0,0.0,0
1255,Operation,"מבצע, פעולה",בצה&quot;ל יש פעולות ומבצעים בשגרה ויש באופרטיבי,אילה,1,0,0.0,0
1256,Opposition,"התנגדות, אופזיציה",Position מצב. op-ההפך... המצב ההפוך כלומר התנגדות כי זה tion של שם עצם,אילה,1,0,0.0,0
1257,Outbreak,התפרצות,בהתפרצות אני יוצא החוצה (out) ושובר דברים (break),אילה,1,0,0.0,0
1258,Overdue,"מאחר, שעבר זמן ההגשה שלו",שמע אני יודע שהשקעת הרבה בפרוייקט אבל its over dude.. מועד ההגשה עבר.. אתה מאחר!,אילה,1,0,0.0,0
1259,Overdo,"להפריז, להגזים","אני עושה (do) יותר (over) ממה שצריך, אני מפריז ומגזים",אילה,1,0,0.0,0
1260,Pace,קצב,לשלום (peace) יש את הקצב שלו,אילה,1,0,0.0,0
1261,Participate,השתתף,סי (ci) השתתף במסיבה (parti נשמע כמו party) של הפיתה (pate),אילה,1,0,0.0,0
1262,Particular,"מיוחד, לא רגיל","המסיבה הזאת (parti, נשמע כמו party) היא של קולרים, לכן היא מיוחדת ולא רגילה",אילה,1,0,0.0,0
1263,Persist,"להתמיד, להתעקש",אחיות (sister) הן עקשניות! והן מתמידות בזה,אילה,1,0,0.0,0
1264,Phase,"שלב, דרגה",באיזה שהוא שלב כולם פותחים פייס(בוק),אילה,1,0,0.0,0
1265,Phenomenon,"תופעה, יוצאת דופן","כמו המושג פנומנלי - תופעה יוצאת דופן, לא מהעולם הזה",אילה,1,0,0.0,0
1266,Pioneer,חלוץ,תשלם עליה (pay on her) ותיהיה הראשון (החלוץ) לזכות בה,אילה,1,0,0.0,0
1268,Poverty,עוני,"מפה עברתי, מהשכונת עוני הזאת",אילה,1,0,0.0,0
1269,Upheaval,"מהפך, תהפוכות","אפ-למעלה, היבל-כמו היבן (גן עדן). כשמתים ועולים לשמים לגן עדן, זה מהפך לכולם",שירה,1,0,0.0,0
1270,Endeavor,"ניסיון, מאמץ",כל פעם אני נותן להפרעות להמשיך. עכשיו אעשה מאמץ ואנסה לשים לזה end וזה לא יעבור (eavour) ,יואל,1,0,0.0,0
1271,Envy,"קנאה, לקנא","אין &quot;וי&quot; (V), הקנאי לא שלם עם עצמו (לא מסמן ב&quot;וי&quot;) כי הוא רודף אחרי השואה לזולת",יואל,1,0,0.0,0
1272,Erroneously,בטעות.,הייתי בטוח שזה אומר &quot;אירוני&quot;. כמה אירוני. טעיתי,יואל,1,0,0.0,0
1273,Excel,להצטיין,עובד שיודע טוב אקסל (התכנה) הוא כנראה עובד מצטיין,ביל,1,0,0.0,0
1274,Exploit,"לנצל, להפיק תועלת",הפסולת המעבר( ex) שנפלטה (פלוט) מנוצלת לשימוש חוזר,גרטה טונברג,1,0,0.0,0
1275,Expulsion,"גירוש, סילוק",האקס (ex) סילק אותי בבת אחת (בפולס מיידי),ישראלה,1,0,0.0,0
1276,Expulsion,"סילוק, גירוש",Ex (בעבר) היהודים פילסו (pulsion)את דרכם כשגורשו מארצם.,אדולף,1,0,0.0,0
1277,Extent,"תחום, גבול",לאחר (ex) היציאה מלבנון עומדים על הגבול אוהלים (tent) של האו&quot;ם,נסראללה,1,0,0.0,0
1278,Feasible,"מעשי, בר עשייה","פיזי - זה ממשי, לא בשמים. אז אפשר (a]ble]) לעשות את זה",יואל,1,0,0.0,0
1279,Fee,"שכר, גמול","פייי, שמעתם איזו משכורת יוסי מקבל?",יוסי,1,0,0.0,0
1280,Ferment,תסיסה,ההסתה יצרה תסיסה בחברה.מצב (ment זה סופית לתיאור מצב) בו הפר את הסדר(fer) ,יואל,1,0,0.0,0
1281,Festivity,חגיגיות,פסטיבל הוא מצב (סיומת ity) בו חוגגים,יואל,1,0,0.0,0
1282,Fling,"להשליך, לזרוק",כשמשליכים חפץ הוא סוג של עף (flying) אבל לא לגמרי אז תוריד אות,יואל,1,0,0.0,0
1283,Fragile,שביר,אם אתם זוכרים את פרגלי מ&quot;יומנו של חנון&quot; אז תדעו לכם שהוא אדם שברירי,ג'ף קיני,1,0,0.0,0
1284,Fragrant,מפיץ ריח טוב,"ריח פראי (fra) וטוב, הוא מעניק (=grant)",Grant,1,0,0.0,0
1285,Frustrated,"מיואש, מתוסכל",הוא מתוסכל כי עסק הירקות הקפואים (כמו סנפרוסט frust) שלו מדורג (rated) נמוך,יואל,1,0,0.0,0
1286,Futile,"חסר תועלת, עקר",ליצור מרצפת (tile) בצורת כף רגל (foot כמו fut) זה חסר תועלת,יואל,1,0,0.0,0
1287,Glare,מבט חודר,שיער גלי (גל-הייר) ויפה גורר מבטים חודרים,יואל,1,0,0.0,0
1288,Grime,לזהם,נשמע כמו פשע (crime). הוא לא גר בטבע אלא מגיע ומזהם.,יואל,1,0,0.0,0
1289,Gross,ברוטו,קיבלת סכום אבל זה ברוטו. תיכף מס הכנסה יגרוס חצי,יואל,1,0,0.0,0
1290,Hail,לקרוא לשלום,כשהנאצים ראו את מנהיגם הם קראו 'הייל ...',מקווה שזה בסדר,1,0,0.0,0
1291,Haze,"להשפיל, לטשטש",תמיד הוא השפיל אותי בחברה. כשהגעתי תמיד אמר &quot;היי! זה (haze) יוסי השמן!&quot;,יוסי השמן,1,0,0.0,0
1292,Headgear,כיסוי ראש,בכל מיני תרבויות יש כובעים מוזרים. פעם ראיתי מישהו חובש גיר (gear)על הראש ,יואל,1,0,0.0,0
1293,Hectic,עמוס\ מלא רגש,חיים הכט (hect) הוא אדם עמוס. למרות זאת מתנהג ברגישות.,חיים,1,0,0.0,0
1294,Heir,יורש,נשמע כמו hair. ממי ירשת את השיער הנפלא הזה?,יואל,1,0,0.0,0
1295,Hostile,עוין,אם תהיה אצל מארח (host) שלא מרגיש טוב (ile כמו ill) הוא עלול להיות קצת עוין כי לא באת לו בטוב,יואל,1,0,0.0,0
1296,Hypocrisy,צביעות,ההיפופוטם קרס כשישבה עליו ציפור?! נשמע שקר (צבוע),היפו,1,0,0.0,0
1297,Immune,"לחסן, מחוסן",אם תתמיד באימון תהיה מחוסן להרמת משקלים כבדים,יואל,1,0,0.0,0
1298,Imprint,"חותם, הטבעה",כשלא (im = שלילה) היו מדפסות (print) היו חותמים על ידי הטבעה בחרס,אחשוורוש,1,0,0.0,0
1299,Inadequate,בלתי מתאים,אדם שאינו (in = שלילה) מחונך (educate כמו adequate) לא מתאים למשרה שלנו,יואל,1,0,0.0,0
1300,Inanimate,דומם,שאינו (in) מונפש (באנימציה animate),יואל,1,0,0.0,0
1301,Inaudible,שלא ניתן לשמוע,רכב חדשני של אאודי audi שלא ניתן לשמוע,ז'וז'ו,1,0,0.0,0
1302,Indignant,"ממורמר, עצוב שלא נעשה עמו צדק",כולם הלכו לחפור (dig) כדי למצוא זהב אבל הוא היחיד שלא (in) מצא,חפראווי,1,0,0.0,0
1303,Indulge,לפנק,בוא נתפנק במסעדה הודית (indu),ילד,1,0,0.0,0
1304,Industriously,בשקדנות,השקדן לומד כמו מכונה תעשייתית (industry) והוא נורא רציני (seriously),יואל,1,0,0.0,0
1305,Inert,אדיש,"אדיש, לא מעניין אותו שום דבר שקורה בתוך (in) העולם (earth כמו ert)",יואל,1,0,0.0,0
1306,Inhale,לשאוף,הלוויתן (whale כמו hale) שואף הרבה אוויר לתוכו )in) ,יוסי,1,0,0.0,0
1307,Latter,"השני, האחרון","דומה ל- later, אחר כך.",יואל,1,0,0.0,0
1308,Legacy,"נחלה, מורשת, ירושה",נחל האסי (acy) הוא נחלת הכלל ולכולם זכות לדרוך עליו ברגליים(leg),היי רגע מה?!,1,0,0.0,0
1309,Liberally,בנדיבות,יש לו לב (libe) רחב באמת (really כמו rally),יואל,1,0,0.0,0
1310,Merely,רק,אני שומר רק את בוב מרלי.,בוב ספוג,1,0,0.0,0
1311,Moratorium,דחייה,המורה! (mora) תורי (tor) להגיש את העבודה יידחה בעוד יום (ium)?,צילה,1,0,0.0,0
1312,Nutrition,תזונה,תנוזה נכונה שומרת (נוטרת nutri) על הבריאות,יואל,1,0,0.0,0
1313,Pit,בור,איזה מטרד זה כשיש חור בפיתה,יואל,1,0,0.0,0
1314,Ignorant,"בור, חסר השכלה",מישהו שהתעלמו ממנו (ignor) יגדל להיות חסר השכלה,שקדי,1,0,0.0,0
1315,Odd,מוזר,הוא לא סתם odd (עוד) אחד,שקדי,1,0,0.0,0
1316,Industrious,"חרוץ, שקדן",אוהב לקרוא את הההוראות (industrious) של איקאה לפני שהוא מתחיל להרכיב,שקדי,1,0,0.0,0
1317,Coat,"שכבה (של צבע, בטון וכו')","כמו שמעיל (coat) הוא שכבה לבן אדם, גם לקיר יש שכבה (coat)",שקדי,1,0,0.0,0
1318,Variable,משתנה,כמו variety - מגוון,שקדי,1,0,0.0,0
1319,Stem,גזע,כמו שטם (בעברית - שנא) - אנשים שונאים גזע סתם (נשמע כמו שילוב של שטם וstem),שקדי,1,0,0.0,0
1320,Precede,"להקדים, לבוא לפני","Pre תחילית של לפני. Cede כמו סיד שהיה במירוץ למיליון. בשביל לנצח צריך לבוא לפניו, להקדים אותו",שירנ,1,0,0.0,0
1321,Interest,ריבית ,מעניין מה הריבית שלי ,חן,1,0,0.0,0
1322,Commence,להתחיל ,בוא נתחיל את היום בנס קפה,חן,1,0,0.0,0
1323,Asset,נכס,במונופול המטרה לאסוף סט של נכסים ,גילעד,1,0,0.0,0
1324,Quote,ציטוט,במשחק 'קהוט' (Kahoot) יש ציטוט ולאחריו שאלות על הציטוט,דניאל,1,0,0.0,0
1325,Uncharted,לא מתועד/ לא נחקר,"Un = לא , chart = טבלה. לא בטבלה - לא מתועד",דניאל,1,0,0.0,0
1326,Uphold,לתמוך / לדגול,"Up - למעלה , hold - להחזיק. מחזיקים למעלה שלט תמיכה (בהפגנות)",דניאל,1,0,0.0,0
1327,Debit,חיוב,חיוב בביט (bit),Implicitman,1,0,0.0,0
1328,Foster,לטפח,בשביל להפוך מישהו למהיר יותר(faster) צריך לטפח אותו,Implicitman,1,0,0.0,0
1329,Kindle,להדליק,נשמע כמו candle(נר). להדליק נר,Implicitman,1,0,0.0,0
1330,Invoice,חשבונית,In- מילת שלילה. voice- קול. קבלה זה להגיד כמה שילמת בלי קול (כתוב),Implicitman,1,0,0.0,0
1331,Profound,"מעמיק, מוחלט, מאוד",בגלל שאני בעד (pro) למצוא (found) אני מגיע לדברים מעמיקים מאוד,אילה,1,0,0.0,0
1332,Protest,"למחות, הפגנה",אני בעד (pro) למחות ולהפגין על מצב הטסטים,אילה,1,0,0.0,0
1333,Rail,"מעקה, מסילה","בגשם (rain, נשמע כמו rail) אני מחזיק במעקה כדי לא להחליק על המסילה",אילה,1,0,0.0,0
1334,Reconstruct,לשחזר,"אני חוזר על זה שוב, אפשר לשחזר רק קונוסים ומשאיות",אילה,1,0,0.0,0
1335,Refute,"להפריך, לסתור",Refute - refuse+ true לסרב להאמין שזאת האמת=להפריך לסתור,אילה,1,0,0.0,0
1336,Relate,"להתייחס, לקשר",אני כל הזמן מאחר ומתחילים לקשר את זה לאופי שלי ולהתייחס אליי כאל תינוק,אילה,1,0,0.0,0
1337,Reluctant,"מסוייג, לא מתעניין",Really tant הוא ממש מסוייג ולא מעוניין ולא רצה לגור בתוך אוהל,אילה,1,0,0.0,0
1339,Solicit,"לבקש/לחפש בתחינה, לשדל/להדיח",סולי ביקש וחיפש בתחינה את מי שביכולותו לשדל את סיט להדיח את המלך,אילה,1,0,0.0,0
1340,Solitude,בדידות,"רק (soli) מזכיר לבד, tude - סופית של שם עצם",אילה,1,0,0.0,0
1341,Sort,"למיין/לסווג, סוג/מין",הוא מהסוג השורט. צריך למיין את כל השורטים בצד אחד,אילה,1,0,0.0,0
1342,Stamina,"כושר עמידה, סיבולת","אינה סתם מריצה אותנו כל היום, יש לי כבר כושר עמידה וסיבולת !",אילה,1,0,0.0,0
1343,Steady,"יציב, סדיר, קבוע, לייצב","היכון, הכן, צא! רדי, סטדי, גו! תתכונן, תייצב את עצמך, צא!",אילה,1,0,0.0,0
1344,Stimulate,"לעורר, להמריץ","סטים, אתה מאחר כי התעוררת מאוחר? צריך משהו כדי לעורר ולהמריץ אותך!",אילה,1,0,0.0,0
1345,Stock,"מניה, מלאי, לאחסן",יש לי סטוקיםשל מניות שאני צריך לאחסן איפשהו,אילה,1,0,0.0,0
1346,Superior,עליון,יש חדרים במלון מסוג &quot;סופריור&quot; - חדרים משובחים יש חדרים במלון מסוג &quot;סופריור&quot; - חדרים משובחים וגדולים לאנשים עליונים,אילה,1,0,0.0,0
1347,Successor,יורש,מי שיורש הרבה כסף הוא לא בהכרח סיפור הצלחה( success),אילה,1,0,0.0,0
1348,Strive,"לחתור ל-, לשאוף, להתאמץ",כדי לא לגווע ברעב (starve) צריך לחתור למאמץ ולשאוף לקבל אוכל,אילה,1,0,0.0,0
1349,Supervise,"לפקח, להשגיח",בחול צריך סופר לפקח ולהשגיח על הויזה שלך,אילה,1,0,0.0,0
1350,Thrive,"לשגשג, להצליח","Thri - שלוש, v - סימן הניצחון. 3 ניצחונות זה הצלחה, שגשוג \ להצליח לנצח 3 פעמים",אילה,1,0,0.0,0
1351,Thick,"עבה, צפוף, סמיך","Thin - רזה, צר. Thick- עבה, צפוף, סמיך.",אילה,1,0,0.0,0
1352,Temporary,זמנית,כמו הטמפרטורה היא תמיד זמנית,אילה,1,0,0.0,0
1353,Swift,מהיר,הקריירה של טיילור סוויפט צמחה באופן מהיר,אילה,1,0,0.0,0
1354,Valid,תקף,החוק לגביי עולים חדשים תקף גם על וליד,אילה,1,0,0.0,0
1355,Valid,תקף,החוק לגביי עולים חדשים תקף גם על וליד,אילה,1,0,0.0,0
1356,Amount,כמות,נשמע כמו המון ,שירה,1,0,0.0,0
1357,Loose,"רופף, משחורר",הפסדתי (lose) את האגוזי לוז כי השקית שלהם משוחררת והסגירה רופפת,שירה,1,0,0.0,0
1358,Debilitate,להחליש,"Debilit(דבילית) , ate(את) , כשאומרים למישהי &quot;את דבילית!&quot; - מתכוונים שיש לה שכל חלש",יקיר,1,0,0.0,0
1359,Amend,"תיקון, שינוי לטובה",A men (גבר) end (סוף) בסוף הגבר יתקן את זה וישתנה לטובה,אילה,1,0,0.0,0
1360,Apply,"להגיש מועמדות, לפנות",אני מגיש מועמדות כדי להפעיל (play) את האפליקציה (app) שתעזור בלפנות אנשים,אילה,1,0,0.0,0
1361,Coordinator,מתאם ,קואורדינציה היא תיאום,חן,1,0,0.0,0
1362,Bare,"חשוף, ריק, לחשוף","בר רפאלי לא אוהבת לחשוף אודות חייה, כי אז יהיו ריקים מתוכן",אילה,1,0,0.0,0
1363,Burden,עול,לשמור על הגבול זה עול למדינה,אילה,1,0,0.0,0
1364,Coincide,"להקביל, לחפוף","Co-ביחד,incident-תקרית. שתי תקריות שקורות במקביל, חופפות",אילה,1,0,0.0,0
1365,Commence,להתחיל,בוא (com) לחנות של הגברים (men) צריך להתחיל ממשהו,אילה,1,0,0.0,0
1366,Comprise,לכלול,זה מגיע עם פרס (come with a prize) שנכלל מראש בחבילה,אילה,1,0,0.0,0
1367,Pit,בור,חופרים בור בעזרת כפית,שירה,1,0,0.0,0
1368,Futile,חסר תועלת,"לעשות פו על גדר תיל זה חסר תועלת, לא יעזור",שירה,1,0,0.0,0
1369,Spill,"לשפוך, להתיז, דליפה",הפיל מתיז מים מהחדק שלו,שירה,1,0,0.0,0
1370,Authority,"סמכות, רשות",נשמע כמו אסור-author איתי-ity . אסור (ללכת) איתי כי אין לי את הסכמות או הרשות,דניאל,1,0,0.0,0
1371,Absorb,"לקלוט, לספוג",זה אבסורד שצריך לקלוט כול כך הרבה מילים ולספוג אותן,אילה,1,0,0.0,0
1372,Mist,ערפל,לפספס (miss) את הדרך בגלל הערפל (mist),גאורגי,1,0,0.0,0
1373,Ornamental,קישוטי,אורנה תולה קישוטים בריח מנטה,גאורגי,1,0,0.0,0
1374,Outcast,"מנודה, מוחרם",&quot;!OUT CAT&quot; -----&gt; החתול מנודה ומוחרם מהסביבה.,גאורגי,1,0,0.0,0
1375,Consider,"לקחת בחשבון, לשקול","קון סידר את המשמרות , הוא לקח אותי בחשבון ושקל את אילוציי",אילה,1,0,0.0,0
1376,Convey,"להעביר, למסור",תעבירי לי את זה עם (con) וויי (vey),אילה,1,0,0.0,0
1377,Decade,עשור,"דה קייד חי כבר עשור, הוא בן 10 שנים",אילה,1,0,0.0,0
1378,Force,"כוח, לכפות",ביער (forest) אפשר לכפות על אנשים ולהשתמש בכוח,אילה,1,0,0.0,0
1379,Intention,"כוונה, מטרה",אני באוהל ולשון אין כוונה או מטרה להיכנס איצי אליו,אילה,1,0,0.0,0
1380,Interpretation,"פרשנות, תרגום",צריך להיכנס (inter) לפרטים ולפרש ולתרגם אותם כדי שמישהו ישים לב אליהם (attention),אילה,1,0,0.0,0
1381,Submerge,"להטביע, לכסות, לקבור, להחביא","Sub (תחילית של מתחת) merge (מרגי) מרגי הוא מתחת לכל הזמרים, צריך להטביע , לקבור ולהחביא את השירים שלו",אילה,1,0,0.0,0
1382,Greet,"לקדם את פניו של מישהו, לברך לשלום",Great to see you,אילה,1,0,0.0,0
1383,Parachute,מצנח,"פרק(parac) , חוט(hute) - הוא פרק את החוט ושיחרר את המצנח",יקיר,1,0,0.0,0
1384,Parachute,מצנח,"פרה(para) , שיוט(chute) - אם תשים לפרה מצנח , היא תוכל לבצע שיוט. (שיוט באוויר)",יקיר,1,0,0.0,0
1385,Allocate,להקצות,סדרת הלו קטי היא סדרה ממכרת לכן יש להקצות זמן מסודר לצפייה בה,ליאור כצנלסון ,1,0,0.0,0
1386,Vivid,"חד, בהיר, מלא חיים","ויוי היא ילדה בהירה, מלאת חיים ועם שכל חד",אילה,1,0,0.0,0
1387,Assemble,"לכנס, לאסוף, להרכיב","בלי (ble)ביסלי ובמבה, אסם (assem) היו צריכים לכנס ולאסוף את האנשים המוכשרים ביותר ולהרכיב וועדה שתעלה את ערכם",אילה,1,0,0.0,0
1388,Condense,"לדחוס, לרכז, לעבות",כדי לרקוד (dense) יחד (con) צריך לרכז את כל המאמצים ולדחוס ללו&quot;ז מלא אימונים,אילה,1,0,0.0,0
1389,Indicate,להצביע על,*מצביע על חתול* תראו זה חתול הודי!,ליאור כצנלסון ,1,0,0.0,0
1390,Initial,ראשי תיבות,ראשי תיבות של i.n.i זה I'm not idiot,ליאור כצנלסון ,1,0,0.0,0
1391,Distinction,"הבחנה, הבדל, הוקרה, מצויינות",1. הוא מקבל אות הוקרה ומצויינות בגלל שהוא stink (מסריח) 2. אפשר להבחין בו ולהבדיל אותו מהשאר כי הוא מסריח (stink),אילה,1,0,0.0,0
1392,Accentuate ,להדגיש,הaccent של האדם מדגיש את המוצא שלו,Mad jony,1,0,0.0,0
1394,Adept,מומחה,מומחה הוא מי שמבין מבין משהו עד (ad) לעומק (depth - דומה ל dept),שיר,1,0,0.0,0
1395,Admire,"להעריץ, להתפעל",הייתי מויסף (ad) מאייר (mire) כדי שיעירצו ויתפעלו יותר מהספר שלי,אילה,1,0,0.0,0
1396,Admirable,"נערץ, ראוי להערצה","אדמיר יכול (able) להיות נערץ, ראוי להערצה",אילה,1,0,0.0,0
1397,Adore,"העריץ, אהב",הוא העריץ ואהב את הדלת (dore) שלו שהגנה עליו מפני זרים,אילה,1,0,0.0,0
1398,Adverse,"שלילי, נגדי","כמו קיצור של advertisement, בגלל שקיצרו את הפרסומת היא יצרה שליליות והרבה אנשים נגדם עכשיו",אילה,1,0,0.0,0
1399,Analog,אנולגי (ההיפך מדיגיטלי),אני לומדת מהספרים של הפסיכומטרי ולא מהדיגיטלי את האנולוגיות,אילה,1,0,0.0,0
1400,Ancestor,אב קדמון,החנות (store) העתיקה (ancient) ביותר הייתה של האב הקדמון,אילה,1,0,0.0,0
1401,Ancestry,"מוצא, ייחוס",אני מנסה (try) להיות עתיק (ancient) כדי לגלות המוצא שלי ומה הייחוס שלו,אילה,1,0,0.0,0
1402,Ancient,"עתיק, קדום",אנשיין נשמע כמו אינשטיין שהוא עתיק וקדום,אילה,1,0,0.0,0
1403,Astonishment,"תדהמה, השתאות","האיש (ish) האסטוני (astoni) מת (ment), איזה תדהמה!",אילה,1,0,0.0,0
1404,Implore,"להתחנן, להפציר",Implrore זה לרדת על הfloor (רצפה) ולהתחנן. ,מיכאל,1,0,0.0,0
1405,Cord,מיתר,בגיטרה מנגנים אקורדים (דומה לcord) עם מיתרים. ,מיכאל,1,0,0.0,0
1406,Astound,להדהים,הסאונד הזה יכול להדהים אותי כל פעם מחדש,אילה,1,0,0.0,0
1407,At your disposal,לרשותך,בפוזה הזאת כל גבר/אישה י/תעמוד לרשותך,אילה,1,0,0.0,0
1408,Background,רקע,מאחורי האדמה שמים רקע ואז היא תהיה יפה,אילה,1,0,0.0,0
1409,Benefactors,"נדבנים, תורמים","אם תהיו נדבנים טובים (bene) ותתרמו לי הרבה כסף, אעשה לכם פקטור (factor) במבחן",אילה,1,0,0.0,0
1410,Beneficial,"מועיל, רווחי",בני פישל ולכן הוא כבר לא מועיל ולא עושה לנו רווח,אילה,1,0,0.0,0
1411,Bold,"בולט, אמיץ, נועז, חצוף",זה מאוד בולט שמי שכותב בbold בword הוא נועז ואמיץ על גבול החצוף,אילה,1,0,0.0,0
1412,Boundary,גבול,בוא נראה עם בונד יעז (dare) לעבור את הגבול,אילה,1,0,0.0,0
1413,Branch,"ענף, סניף","אנחנו נאכל בראנץ' בענף המסעדנות, רק צריך לבחור סניף",אילה,1,0,0.0,0
1414,Persuasion,שכנוע; אמונה,&quot;pers&quot; מזכירה את המילה ארנק &quot;Purse&quot;. לאחר שכנוע ואמונה רבים שיביא לה את הארנק שלו הוא השתכנע והביא לה,ליאור כצנלסון,1,0,0.0,0
1415,Deception,רמאות; הטעיה; הונאה,"CEP הוא מדד הדיוק של נשק כלשהו, &quot;המדד הזה הוא הטעיה והונאה לציבור כדי שיקנו יותר נשק&quot;",ליאור כצנלסון,1,0,0.0,0
1416,Industrious,שקדן; חרוץ,Industri דומה ל industry (תעשייה). כדי לעבוד בתעשייה אתם צריכים להיות חרוצים ושקדנים.,ליאור כצנלסון,1,0,0.0,0
1417,Defaced,השחית,*אחרי ניתוח פלסטי*- תראה מה עשית לפנים (face) שלך! השחתת אותם!,ליאור כצנלסון,1,0,0.0,0
1418,Buttress ,"לתמוך,לחזק,משענת",לתמוך / לחזק / משענת לישבן. Butt - ישבן. ,לילך ,1,0,0.0,0
1419,At your disposal,לרשותך,אצלך (at your) אפשר להיפטר (dispos) מכל (al) הגברים שעמדו לרשותך,אילה,1,0,0.0,0
1420,Broaden,להרחיב,"נשמע כמו אח (brother) כשנולד עוד אח, המשפחה מתרחבת",אילה,1,0,0.0,0
1421,Canal,תעלה,קנלוני (סוג של פסטה) הוא בצורת תעלה גדולה,אילה,1,0,0.0,0
1422,Cast,"להשליך, לגרש, צוות שחקנים",צוות השחקנים רצו לגרש ולהשליך את החתולה מהסט,אילה,1,0,0.0,0
1423,Caste,מעמד חברתי,מי שגר בטירה (Castle) הוא בבירור ממעמד חברתי גבוה,אילה,1,0,0.0,0
1424,Chief,"מנהיג, ראשי, עיקרי",הצ'יף של השבט הוא המנהיג ולכן דבריו הם הראשיים והעיקריים,אילה,1,0,0.0,0
1425,Clarify,להבהיר,"Clear - ברור, בהיר",אילה,1,0,0.0,0
1426,Climate,"אקלים, מזג אוויר",מה ה(א)קלים מאט? מה המזג אוויר?,אילה,1,0,0.0,0
1427,Coexistence,דו-קיום,"Co - תחילית של יחד, existence - קיום, מתקיימים ביחד, דו-קיום",אילה,1,0,0.0,0
1428,Collaborate,שיתוף פעולה,צריך להיות ביחד (co) ולשתף פעולה במעבדה (lab) כדי להשיג ציון (rate) טוב,אילה,1,0,0.0,0
1429,Collapse,"להתמוטט, התמוטטות",באקופליקסה הכל יתמוטט,אילה,1,0,0.0,0
1430,Column,"עמוד, טור",&quot;כל יום&quot; - יש עמוד או טור בעיתון שאני אוהב לקרוא,אילה,1,0,0.0,0
1431,Commerce,מסחר,"הכומר לא עוסק במסחר, הוא עוסק בדת",אילה,1,0,0.0,0
1432,Commercial,"מסחרי, פרסומת בטלוויזיה","מהמילה commerce זה מסחר, commercial זה מסחרי, מועבר באמצעות פרסומת בטלויזיה",אילה,1,0,0.0,0
1433,Commit,"לבצע, ביצוע, להתחייב","אני עומד לבצע פעולה, אבל לא יכול להתחייב שהיא תהיה קומית",אילה,1,0,0.0,0
1434,Committee,ועדה,"בוא (com) לפגוששש (mittee) את כולם, זה קורה בועדה",אילה,1,0,0.0,0
1435,Complex,"מסובך, מורכב","Complicate מסובך, מורכב",אילה,1,0,0.0,0
1436,Compromise,להתפשר,בוא (com) תבטיח (promise) שתוכל להתפשר,אילה,1,0,0.0,0
1437,Concern,"להדאיג, עניין/דאגה",סירנה (cern) יכולה להדאיג אותי אבל זה לא עניין או דאגה שלי,אילה,1,0,0.0,0
1438,Condition,"תנאי, מצב/תנאים","איזה תנאים יש במלון הזה, הוא במצב מצויין ויש בו קונדישינר (מרכך) במקלחת",אילה,1,0,0.0,0
1439,Condition,"להכשיר, להתאים",ביחד (con) די ושון יוכלו להכשיר ולהתאים את הצוות למטרה,אילה,1,0,0.0,0
1440,Conduct,"לנהל, לקיים",האם (con נשמע כמו can) הדוקטור (duct) יוכל לקיים ולנהל אורך חיים נורמלי למרות שכל הזמן מבקשים ממנו עזרה?,אילה,1,0,0.0,0
1441,Confront,"לעמת, להתעמת",אם נהיה ביחד (con) בחזית (front) נוכל להתעמת עם האויב בקלות!,אילה,1,0,0.0,0
1442,Consideration,"שיקול, התחשבות",ראש הממשלה מתחשב (consider) ב-nation וכל שיקול שהוא עושה זה מתוך התחשבות בכולם,אילה,1,0,0.0,0
1443,Constant,קבוע רצוף,באופן קבוע צריך לשים קונוסים (cons) כשבונים אוהל (tant),אילה,1,0,0.0,0
1444,Consitute,מהווים,מה שמכיל (consist) תות מהווה מאכל טעים!,אילה,1,0,0.0,0
1445,Consult,להתייעץ,האם (con) מלח (sult) יכול להתייעץ עם הסוכר?,אילה,1,0,0.0,0
1446,Context,הקשר,כשיש את כל הטקסט יחד (con) אפשר להבין את ההקשר,אילה,1,0,0.0,0
1447,Contract,"ללקות/להידבק, הסכם/חוזה, להתכווץ",אני חותם על החוזה הזה כדי שאני אוכל שלא ללקות במחלה שגורמת לי להתכווץ מרוב כאבים,אילה,1,0,0.0,0
1448,Registration,הרשמה,נשמע כמו station ובקורנהנ צריך להרשם לתחנה של הרכבת,שירקו,1,0,0.0,0
1449,Region,"אזור, תחום",ג'ין (משקה אלכוהולי) מותר לשתות אותו רק באזור או תחום מסוים,שירקו,1,0,0.0,0
1450,Criteria,"אמת מידה, אבן בחן",הקריקטורה (נשמע דומה) הזאת היא עם אמת מידה אוניברסלית של הומור,אילה,1,0,0.0,0
1451,Critic,מבקר,זה מאוד קריטי שיהיו מבקרים במקומות תירותיים,אילה,1,0,0.0,0
1452,Shatter,"לנפץ, להרוס",מי שניפצו והרסו לו את הבית צריך מקלט (shelter - דומה לshatter),מיכאל,1,0,0.0,0
1453,Degree,"מעלה (טמפרטורה), דרגה, מידה, תואר (אקדמי)",אני לא (de) מסכים שהמעלות יעלו מעבר למידה הנכונה! יש לי דרגה ותואר ואני דורש שיקשיבו לי!,אילה,1,0,0.0,0
1454,Delight,"שמחה, עונג, הנאה, תענוג",האור פה (the light) גורם לי לשמחה רבה! כי הוא גורם לתמונות להראות טוב וזה מסב לי עונג,אילה,1,0,0.0,0
1455,Design,"לתכנן/לעצב, תכנית/דוגמה/תרשים",לפני כל עיצוב צריך לתכנן תוכנית ולעשות דוגמאות בעזרת תרשים ורק בסוף לעצב,אילה,1,0,0.0,0
1456,Detect,"לאתר, לגלות",מה הבלש עושה? (Detective) הוא מאתר ומגלה את הרוצח!,אילה,1,0,0.0,0
1457,Determine,"לקבוע, להחליט",דטרמינזם - לאדם אין אפשרות לקבוע והחליט,אילה,1,0,0.0,0
1458,Determined,"נחוש, נחרץ, החלטי","המוח (mined) של דטר הוא נחוש, נחרץ והחלטי ",אילה,1,0,0.0,0
1459,Dialact,"דיאלקט, ניב","חייג (dial) אליה ושחק אותה (act) עם השפה הגבוהה שלך, הדיאלקטים שלך והניבים",אילה,1,0,0.0,0
1460,Differences,חילוקי דעות,"השוני (diffrence) בינינו גורם למעט חילוקי דעות, אבל אנחנו נתגבר!",אילה,1,0,0.0,0
1461,Differentiate,"להבדיל, להבחין",צריך להבדיל ולהבחין בין סוגי אכילה (ate) שונים (different),אילה,1,0,0.0,0
1462,Diminish,להצטמצם,האיש (ish) נאלץ להצטמצם ולהיות מיני (mini),אילה,1,0,0.0,0
1463,Efficeint,יעיל,"אפי שווה לסנט אחד בשעה, ולכן זה יעיל לקחת אותו",אילה,1,0,0.0,0
1464,Exploit,"לנצל/להפיק תועלת, פעולות/מעשים",האקס שלי היה טייס (pilot) ולכן ניסיתי לנצל עד כמה שניתן את הזמן איתו גם אם זה היה בפעולות ומעשים לא ראויים,אילה,1,0,0.0,0
1465,Effort,מאמץ,"נשמע כמו אפוד, נדרש מאמץ לשים אפוד/וסט מלא בציוד",אילה,1,0,0.0,0
1466,Enact,לחוקק,ח&quot;כ יכול (תחילית של en) לבחור האם לפעול (act) ולחוקק חוקים או שלא בא לו,אילה,1,0,0.0,0
1467,Excel,להצטיין,אני יכול להצטיין בלעבוד בתוכנת excel אם אעבור קורס,אילה,1,0,0.0,0
1468,Experiment,"ניסוי, להתנסות",המומחה (expert) עשה ניסוי שבו הכניס מנטה (ment) לתוך קולה,אילה,1,0,0.0,0
1469,Fine,"קנס, משובח/מצויין, משביע רצון, קטן/עדין/דקיק","בגלל שעשיתי מעשה מצויין ומשובח, הקנס שקיבלתי היה עדין, קטן וממש דקיק לעומת הקנס שקיבל חברי שעשה מעשה רק &quot;משביע רצון&quot;",אילה,1,0,0.0,0
1470,Feminine,נשי,"פמיניזם, כח נשי מגיע מלשון פמינים",אילה,1,0,0.0,0
1471,Fasten,להדק,אנחנו הולכים לטוס מהר (fast) ולכן צריך להדק את חגורות הבטיחות!,אילה,1,0,0.0,0
1472,Fast,"מהיר, צום",כדי לעשות דיאטה צריך לרוץ באופן מהיר ולעשות צום,אילה,1,0,0.0,0
1473,Fall apart,להתפרק,"נפל (fall) חלק (a part) מהמבנה שבניתי, הוא מתחיל להתפרק!",אילה,1,0,3.0,0
1474,Facilitate,"לסייע, לעזור, להקל",אם תפסל פסל בצורת תה זה יכול לסייע בהקלת המחלה,אילה,1,0,0.0,0
1475,Extensive,נרחב,"מזכיר את המילה יקר (expensive), שמבטאת רכוש נרחב מאוד של אדם",אילה,1,0,0.0,0
1476,Compulsion,כפייה,זה com מגיע עם דחיפה pulse כפייה,אביחי הגבר,1,0,0.0,0
1477,Fit,"להתאים, בכושר",צריך להילחם (fight) כדי להיכנס לכושר ולהתאים לקרבי,אילה,1,0,0.0,0
1478,Flight,"טיסה, בריחה, מנוסה",אני עולה על טיסה כדי לברוח ולנוס,אילה,1,0,0.0,0
1479,Forceful,חזק,אני מלא (ful) בכח (force),אילה,1,0,0.0,0
1480,Forfeit,"להפסיד, לאבד",המדינה נאלצת לאבד חיילים שלה בשביל (for) המלחמה (feit נשמע כמו fight),אילה,1,0,0.0,0
1481,Fortune,"מזל, עושר","בשביל (for) טון (tune) של מזל, אני אתן את כל העושר שבעולם",אילה,1,0,0.0,0
1482,Fund,קרן,אני צריך למצוא (found) קרן שמש בכל הטירוף הזה,אילה,1,0,0.0,0
1483,Fund,"קרן, לממן",אנחנו צריכים למצוא (found) קרן שתוכל לממן את כל זה,אילה,1,0,0.0,0
1484,Harsh,"נוקשה, אכזרי",המן הרשע (harsh) הוא נוקשה ואכזרי,אילה,1,0,0.0,0
1485,Ground,"בסיס, אדמה",אתה מקורקע (grounded) לבסיס,אילה,1,0,0.0,0
1486,Gratify,לרצות,אני עושה גרפיטי כדי לרצות את החבורה שלי למרות שאני חושב שזה לא בסדר,אילה,1,0,0.0,0
1487,Fundamental,בסיסי,הקרן (fund) של מממנת את הטיפול המנטלי (mental) הבסיסי שכל אדם צריך,אילה,1,0,0.0,0
1488,Fundraiser,מגייסי כספים,מצאתי (found) מישהו שיעלה (raise) לי את המשכורת - מגייסי כספים!,אילה,1,0,0.0,0
1489,Funds,"כסף, הון, מקור מימון",הרבה קרנות (fund) יכולות להיות מקור מימון גדול מאוד ולהגדיל את ההון עם המון כסף.,אילה,1,0,0.0,0
1490,Gap,פער,מי שקונה בגאפ יש לו פער רציני בעינייני אופנה,אילה,1,0,0.0,0
1491,Generated,יצר,מלשון generation (דור) כל כמה זמן התעשייה יוצרת דור אחר,אילה,1,0,0.0,0
1492,Applicable,ישים,לי (li) מסוגל (able) לעשות את זה כלומר הדבר ישים,שיר,1,0,0.0,0
1493,Infected,הודבק,הפרצוף של סולן אינפקטד משרום הודבק בכיכר העיר,אילה,1,0,0.0,0
1494,Industrious,"חרוץ, שקדן","כדי לעבוד בתעשייה ׁ(Industry) אתה צריך להיות כמו רוס, תלמיד חרוץ ושקדן ",אילה,1,0,0.0,0
1495,Impact,"התנגשות, השפעה","איממממממממממממ פאקקקקקקק , התנגשתי ויש לזה השפעה רצינית על הגוף שלי",אילה,1,0,0.0,0
1496,Illiterate,"בור, אנאלפבית","מי שיש לו קצת (little) ציונים (rate) טובים, הוא בור ואנאלפבית",אילה,1,0,0.0,0
1497,Hollow,חלול,"הוא נמצא במקום נמוך (low), בתוך בור (hole), הוא מרגיש חלול",אילה,1,0,0.0,0
1498,Ignorance,בורות,"תתעלם (ignore) מהאנס, כל מה שהוא אומר מלא בבורות",אילה,1,0,0.0,0
1499,Ignorant,"בור, חסר השכלה",תתעלם (ignore) מדודה שלי (aunt) היא חושבת שכל מי שלא עשה תואר הוא בור וחסר השכלה,אילה,1,0,0.0,0
1500,Institute,"מוסד/מכון, ליזום/להנהיג",אני רוצה להכין אינסטנט תות ולכן אני עומד להנהיג צוות שיעבוד במכון לייצור מאכלים,אילה,1,0,0.0,0
1501,Coarse,גס,גס -כמו ערס,שיראל,1,0,0.0,0
1502,Clay,חימר,מקליי מכינים כלי,שיראל,1,0,0.0,0
1503,Insure,להבטיח,אני רוצה להיות בטוח (sure) שאתה יכול להבטיח לי שאני בפנים (in),אילה,1,0,0.0,0
1504,Lecture,"להרצות, הרצאה",אדם המתעניין בתרבות (culture) הוא אדם שהולך להרצאות ואפילו להרצות בעצמו,אילה,1,0,0.0,0
1505,Leather,עור,נשמע כמו מכתב (letter) פעם היו כותבים מכתב על קלף שעשוי מעור פרה,אילה,1,0,0.0,0
1506,Reluctant,"לא רוצה, מסויג","הסיום נשמע כמו can't(לא יכול), ואין לא יכול, יש לא רוצה",Implicitman,1,0,0.0,0
1507,Lapse,"פרק זמן, פקיעה, סיום","נשמע כמו לאפס, כל דבר לאחר פרק זמן מגיע לסיום וצריך לאפס אותו לפני שיתפקע",אילה,1,0,0.0,0
1508,Lapse,"מעידה, פליטת פה",ניסיתי להגיד ליפסטיק אבל מעדתי ויצאה לי פליטת פה שנשמעה כמו לאפסטיק,אילה,1,0,0.0,0
1509,Investor,משקיע,בתוך המרכז מבקרים (visitor) יושב במשקיע הפונטציאלי הבא,אילה,1,0,0.0,0
1510,Irrigation,השקייה,האירי שלועס גט מגדל אותו בעצמו בעזרת מערכת השקייה משוכללת,אילה,1,0,0.0,0
1511,Insurance,ביטוח,אני יכול להבטיח שלהאנס יש ביטוח,אילה,1,0,0.0,0
1512,Legislate,לחוקק,הרגל (leg) שלי גורמת לי לאחר (late) כמו שכל חוק תמיד מוגש באיחור ולוקח זמן לחוקק,אילה,1,0,0.0,0
1513,Careless,"לא זהיר, רשלי",Care-לדאוג/אכפתי less-פחות. כשאנחנו פחות דואגים אז גם פחות זהירים,שירקו,1,0,0.0,0
1514,Maritime,ימי,הזמן (time) והמקום הכי יפים להתחתן (mari) זה במקום ימי בשקיעה,אילה,1,0,0.0,0
1515,Marine,ימי,"חברה שלי, מרין, מתה על אוכל ימי!",אילה,1,0,0.0,0
1516,Manuscript,כתב יד,התפריט (menu) והתסריט (script) שניהם כתובים בכתב יד המהמם שלי!,אילה,1,0,0.0,0
1517,Major,"סולם במוזיקה, מסלול לימודים, ראשי/עיקרי",המנהל (manager) הראשי של מסלול הלימודים במוזיקה מעדיף הסולם מזור במוזיקה,אילה,1,0,0.0,0
1518,Majority,רוב,מאג' או ריטי? נראה מה הרוב ייבחר,אילה,1,0,0.0,0
1519,Lung,ריאה,מי שעושה הרבה לאנג'ים יהיה לו סיבולת לב-ריאה טובה,אילה,1,0,0.0,0
1520,Maintain,לשמר,התן (tain) העיקרי (main) של הגן חיות הוא משהו שחייב לשמר כדי שלא ייכחד,אילה,1,0,0.0,0
1521,Shortage,"חוסר, מחסור",Short- קצר age-גיל וככל שאנחנו קצרים בגיל יש לנו מחסור ,שירקו,1,0,0.0,0
1522,Amicable,"חברי,ידידותי",הוא עממי וחברותי עם כולם. am(am)i,Implicitman,1,0,0.0,0
1523,Market,שוק,"הסופרמרקט הזה מנסה לשוות לעצמו מראה של שוק, שיראה אותנטי",אילה,1,0,0.0,0
1524,Marketing,"שיווק, לשווק",מארק ואתי הקימו חברה לשיווק שנקראת יינג ,אילה,1,0,0.0,0
1525,Mass,"המון/המוני, מסה","יש על הישבן (ass) של גברת M המון דברים, היא אישה כל כך המונית! ויש לה מסה גדולה שמה",אילה,1,0,0.0,0
1526,Measure,"אמצעי, למדוד",אני (me) צריך להיות בטוח (sure) באיזה אמצעי מדידה למדוד,אילה,1,0,0.0,0
1527,Method,שיטה,לקחת מת' (meth) יהיה מוזר (odd) אם לא תהיה לךשיטה,אילה,1,0,0.0,0
1528,Mild,"מתון, עדין","נשמע כמו wild, מלבד אות אחת שהיא הפוכה וגם פראי זה הפוך ממתון ועדין",אילה,1,0,0.0,0
1529,Baffling ,"מַטְעֶה, מבלבל ",נשמע כמו בפל (וופל). אומרים בפל או וופל? זה מבלבל,עדן,1,0,0.0,0
1530,Mode,"אופן/צורה/סגנון/מצב, אופנה/מודה","המודה היום היא לרכוב על חד אופן בצורת משולש, מצב שלוש בסגנון יפני.",אילה,1,0,0.0,0
1531,Model,"דגם, דוגמן, מודל",המודל שלי הוא דגם של דוגמן,אילה,1,0,0.0,0
1532,Modest,צנוע,האופנה היום היא להיות צנוע ולא יהיר,אילה,1,0,0.0,0
1533,Modify,"לשנות, להתאים","מודי, עין הזעם, שינה את העין שלו",אילה,1,0,0.0,0
1534,Monumental,"גדול, אדיר","המונו הזה יכול לגרום לך לנזק מנטלי כל כך גדול, אדיר!",אילה,1,0,0.0,0
1535,Observer,משקיף,צריך משקיף על האנשים שמשחקים טניס וספציפית על המגיש (server),אילה,1,0,0.0,0
1536,Nuclear,גרעיני,זה בהיר לכולם שהתקן הגרעיני זה לא משהו חדש (nu נשמע כמו new),אילה,1,0,0.0,0
1537,Nominated,מועמד,נעמי היא מועמדת לאכלנית הטובה ביותר,אילה,1,0,0.0,0
1538,Negotiate,לנהל משא ומתן,כדי לנהל משא ומתן צריך שלא יהיה לך אגו,אילה,1,0,0.0,0
1539,Subtle,"מעודן , עדין",נשמע כמו (סבתל'ה)- סבתא שלי מאוד עדינה ושברירית,אמי וייסמן,1,0,0.0,0
1540,Vast,גדול מאוד,הווסט גדול מאוד,חן,1,0,0.0,0
1541,Overlaps,חופף,"אם אני אנסה יותר מידי לאפס את שניהם, הם כבר לא יהיו שווים אלא רק חופפים",אילה,1,0,0.0,0
1542,Opponent,"יריב, מתנגד",המחשבה שלו על רשת (net) הפוכה ממני (opposite) ולכן הוא מתנגד לי והיריב שלי,אילה,1,0,0.0,0
1543,Odd,"אי-זוגי, מוזר","זה מוזר שodd הוא פירוש של אי-זוגי, כי יש בו שני d שזה זוגי",אילה,1,0,0.0,0
1544,Obsolete,"מיושן, שכבר אין בו שימוש","זה לחלוטין (absolutley) מיושן, אין לנו כבר שימוש בו",אילה,1,0,0.0,0
1545,Occupy,"לתפוס/לאכלס, להעניק","אני הצלחתי לתפוס את המקום ולאכלס אותו. אני יכול להעניק אותו למישהו אחר, אוקיי? ביי!",אילה,1,0,0.0,0
1546,Occupy,"לתפוס/לאכלס, להעסיק",אתה גרוע! אוקיי? ביי! אני עומדת להעסיק מישהו אחר שימצא אנשים שיוכלו לתפוס ולאכלס את המקום,אילה,1,0,0.0,0
1547,Own,"להיות בעלים של משהו, משלו","ההון הזה הוא שלו, הוא הבעלים שלו",אילה,1,0,0.0,0
1548,Paramount,בעל חשיבות עליונה,לפרה (para) שלי יש חשיבות עליונה ולכן אני אשים אותה על הר (Mountain),אילה,1,0,0.0,0
1549,Pass,"לוותר, למסור/להעביר",אני שם פס על כל מי שרוצה לוותר עליי ולמסור או להעביר פרטים אישיים עליי,אילה,1,0,0.0,0
1550,Pedestrian,הולך רגל,מי שלא משתמש בפדלים (pede) או ברכבת (train) נאלץ ללכת כהולך רגל,אילה,1,0,0.0,0
1551,Perhaps,אולי,יש לי זוג (pair) של אנשים שמנמנמים (naps) אולי עדיף לפטר אותם וזהו?,אילה,1,0,0.0,0
1552,Period,"משך זמן/מחזור, תקופה, נקודה","המחזור שלי נמשך למשך זמן שנראה לי כמו תקופה בלתי מוגבלת. זו דעתי, נקודה!",אילה,1,0,0.0,0
1553,Compose,"להלחין, להרכיב",בוא (com) ותעמוד בפוזה (pose) כדי שאוכל להרכיב ממך ציור או שיר,אמיתי,1,0,0.0,0
1554,Permanent,קבוע,"כל (Per) דקה (moment) זה זמן, זמן הוא דבר קבוע",אילה,1,0,0.0,0
1555,Competitive,תחרותי,אדם תחרותי זה אדם שכל הזמן אומר בוא (com) חיית מחמד (pet) נראה אם אתה יותר טוב (titive) ממני.,אמי,1,0,0.0,0
1556,Persecution,רדיפה (דתית),"פרס (perse) תמיד שאל (question) את עצמו, האם יש בישראל רדיפה (דתית)",אילה,1,0,0.0,0
1557,Plant,"צמח, עציץ, לשתול",העציץ שהייתי צריך לשתול צמח מאוד,אילה,1,0,0.0,0
1558,Poll,"סקר, הצבעה",פול רוצה להיות חביב הקהל ולכן עושה סקרים והצבעות כל הזמן,אילה,1,0,0.0,0
1559,Populous,מאוכלס בצפיפות,האוכלוסייה (population) מאוכלסת בצפיפות במילה הזו,אילה,1,0,0.0,0
1560,Post,"להציב/למנות, עמדה/משרה/תפקיד, עמוד, לפרסם/פרסום, לשלוח בדואר/דואר",אני רוצה לפרסם פוסט שבו אני רוצה להציב את העמדה שלי לגבי המשרה/תפקיד של האדם שצריך למנות אנשים לשלוח דברים בדואר,אילה,1,0,0.0,0
1561,Postage,דבר דואר,"אני בגיל (age) שכותב דברים בפוסט (post), לא שולח דבר דואר!",אילה,1,0,0.0,0
1562,Postpone,לדחות,הפוסט (post) הזה הוא בנושא פורנו (pone) ופייסבוק צריכים לדחות אותו במיידי,אילה,1,0,0.0,0
1563,Qualify,להיות מוסמך,אני צריך לעשות את העבודה שלי באיכות (quality) גבוהה כדי להיות מוסמך,אילה,1,0,0.0,0
1564,Publish,"לפרסם, להוציא לאור",הפאב של ליש הפך למערכת הוצאה לאור ופרסום,אילה,1,0,0.0,0
1565,Publicized,פורסם,הגודל (size) האמיתי של הפאב פורסם (pub),אילה,1,0,0.0,0
1566,Publication,הוצאה לאור,המיקום (location) של הפאב (pub) הוא ממש מתחת לחברת &quot;הוצאה לאור&quot;,אילה,1,0,0.0,0
1567,Profitable,רווחי,"אני בעד (pro) להתאים (fit) את עצמך אם אתה יכול (able) לחבורת העשירים, זה יהיה לך רווחי",אילה,1,0,0.0,0
1568,Presume,להניח,לפני (pre) הזום (sume נשמע כמו זום) היית יכול רק להניח איך המורה שלך נראה,אילה,1,0,0.0,0
1569,Dissection,"חיתוך, ביתור",כאשר אנחנו עושים dis(מילת שלילה) לsection(קטע) אנחנו חותכים אותו.,מיכאל,1,0,0.0,0
1570,Fever,חום (של מחלה),"תעשה לי טובה (favor - מזכיר fever) וקח אותי לרופא, יש לי חום.",מיכאל,1,0,0.0,0
1571,Masculine,גברי,מי שיש לו הרבה muscle נחשב גברי.,מיכאל,1,0,0.0,0
1572,Raw,"חי/נא, גולמי/גס",רק מי שיש לו טעם רע אוכל בשר חי/נא וטחינה גולמית עם מלח גס,אילה,1,0,0.0,0
1573,Receive,לקבל,"אם אתה רוצה להיות בריא, את צריך שוב ושוב (re) לקבל סיבים (ceive)",אילה,1,0,0.0,0
1574,Recent,שארע לאחרונה,צריך שלרי יהיה כל הזמן סנטים בכיס אחרי מה שארע לאחרונה,אילה,1,0,0.0,0
1575,Recognition,הכרה,בזמן האחרון יש יותר הכרה במדעי הקוגניציה (cognition),אילה,1,0,0.0,0
1576,Record,"שיא, להקליט, רשומה, לתעד","שיא ההקלטות של חזרה (re) על אקורדים (cord) שאפשר לתעד, רשומה במקום שמור",אילה,1,0,0.0,0
1577,Recover,להתאושש,צריך לכסות (cover) שוב ושוב בשמיכות מי שחוטף היפותרמיה כדי שיוכל להתאושש,אילה,1,0,0.0,0
1578,Recreate,"לשחזר, ליצור מחדש","אני צריכה ליצור (create) שוב את זה, לשחזר וליצור מחדש",אילה,1,0,0.0,0
1579,Reliance,הסתמכות,אני באמת (really) חושדת בהסתמכות של לי על האנס,אילה,1,0,0.0,0
1581,Remains,"שרידים, עדיין/נשאר",אני רוצה שוב (re) לראות איזה שרידים עיקריים (main) עדיין נשאר,אילה,1,0,0.0,0
1582,Renown,ידוע,"פריט כמו זה יכול רק בעלות של (own) רי, זה ידוע!",אילה,1,0,0.0,0
1583,Repair,לתקן,"אם אני אעשה ראפ (rep), אפשר את האוויר (air) לתקן",אילה,1,0,0.0,0
1584,Residence,מקום מגורים,רזי מוכן לרקוד (dance) רק אם זה לא במקום מגורים,אילה,1,0,0.0,0
1585,Resemble,דומה,נכון שרס ממש דומה למייבל?,אילה,1,0,0.0,0
1586,Replace,להחליף,זה המקום (place) של רי! תצטרך להחליף מקום,אילה,1,0,0.0,0
1587,Consideration,שיקול,בגלל שהקונוס שם צריך לשקול מאיפה לעבור ,Yardengali1408@gmail.com,1,0,0.0,0
1588,Contribution,תרומה,המדינה תרמה סירה ,Yardengali1408@gmail.com,1,0,0.0,0
1589,Adapting,הסתגלות,"אדפט= לאמץ , המאומץ צריך להסתגל למקום החדש",Yardengali1408@gmail.com,1,0,0.0,0
1590,Principles,עקרונות,הנסיך מנהיג בעזרת עקרונות ברורים,Yardengali1408@gmail.com,1,0,0.0,0
1591,Resident,תושב קבע,הנשיא (President) רוצה לבטל את כל הזכאויות לתושב קבע,אילה,1,0,0.0,0
1592,Resource,משאב,"אם תמצאו את שורש הבעיה שחוזרת, תוכלו לקבל את המשאב",אילה,1,0,0.0,0
1593,Resourceful,בעל תושייה,מי שיש לו מלא (full) מקורות (source) יהיה לו פתרון לכל בעיה ויהיה בעל תושייה,אילה,1,0,0.0,0
1594,Restrain,לרסן,את שאר (rest) הגשם (rain) צריך לרסן כדי שלא יהיה שטפון,אילה,1,0,0.0,0
1595,Retain,"להחזיק, לשמור",צריך לשמור על רוטינה ולהחזיק כזאת שתמשיך,אילה,1,0,0.0,0
1596,Retrieve,להשיב,"הערבה המפליקה (הארי פוטר) היא העץ (tree) הכי רשע (evil), היא משיבה מכות",אילה,1,0,0.0,0
1597,Revenue,"הכנסה, רווח","אתה לא מכניס לנו, אתה מרוויח רבע (reve) מהבחור החדש (new)",אילה,1,0,0.0,0
1598,Route,"מסלול, דרך","רות עושה מסלול לימודים מיוחד, היא הולכת בדרך שלה",אילה,1,0,0.0,0
1599,Ruins,"הריסות, עיי חורבות","רו (ru) תמיד יושב בתוך (in) הכיס של אימו, גם אם אין הריסות סביבו",אילה,1,0,0.0,0
1600,Satisfaction,שביעות רצון,הסטטיסטיקה של סרטי האקשן משביעת רצון,אילה,1,0,0.0,0
1601,Specialize,להתמחות,בכל מה שמיוחד (special) במונה ליזה (lize) זה מה שאני רוצה להתמחות,אילה,1,0,0.0,0
1602,Sheer,"מוחלט/לחלוטין, שקוף, משופע/תלול",השיר הזה משקף באופן מוחלט את המדרון התלול והמשופע שהיוצר יורד בו,אילה,1,0,0.0,0
1603,Session,מושב,"יש לי אובססיה (obsession) למושב הזה, הוא כזה נוח!",אילה,1,0,0.0,0
1604,Serve,"להגיש/לשרת, לרצות, לשרת (בצבא)","בסרביה אם יש מישהו שמשרת בצבא ונותן למישהו לשרת אותו, להגיש לו אוכל וכו'... יכול לרצות עונש אחרון מאוד",אילה,1,0,0.0,0
1605,Sentence,"משפט, גזר דין","אם לא תשלם לי את עשרות (tens) הסנטים (sent) שאתה חייב לי, אני אקח אותך למשפט ולא אכפת לי מה יהיה גזר הדין",אילה,1,0,0.0,0
1606,Bestow,להעניק,יואו (ow) תודה it's the best,תמר,1,0,0.0,0
1607,Ache,כאב,אפשר לקרוא שache כמו אח: כשכואב צועקים ״אחחחחחחחח״ ,יואב א,1,0,0.0,0
1608,Emphasis,"דָּגֵשׁ, הַדְגָּשָׁה, הַבְלָטָה ","Em-עם phas-פס, מילה עם פס זו מילה מודגשת - יש עליה דגש",אא,1,0,0.0,0
1609,Retire,לפרוש,"Tire = עייף - התעייפתי, אז אני רוצה לפרוש",רותם,1,0,0.0,0
1610,Pretext,"אמתלה, תואנה, תירוץ",למה לא שלחת הודעה (text) קודם (pre)? זה היה יכול להיות אחלה תירוץ. ,רותם,1,0,0.0,0
1611,Prompted,הביא לידי,הProm (נשף) הביא את ed (אד) לידי שירן,רותם,1,0,0.0,0
1612,Rank,דרגה,רן הגיע לדרגה K,רותם,1,0,0.0,0
1613,Mural,ציור קיר,Mural נשמע כמו מערה. יש הרבה מערות עם ציורי קיר,יואב א,1,0,0.0,0
1614,Specify,לפרט,אני רוצה שתהיה מאוד ספציפי ותפרט לי כל מה שקרה,אילה,1,0,0.0,0
1615,Spectator,"צופה, משקיף",אם יש לך ספק לגבי הכנת הקעקוע (tattoo) אפשר להזמין צופה שישקיף על תהליך ההכנה,אילה,1,0,0.0,0
1616,Spoil,"לפנק, לבזוז/שלל, להרוס, לקלקל",1. אל תספר לי אל הסרט &quot;לפנק ואז לבזוז את השלל&quot; זה יהרוס לי אותו יקלקל את החוויה! (ספויילר),אילה,1,0,0.0,0
1617,Staple,להדק,לי (le) רוצה ללמוד סטפס (stap) ולשם כך יצטרך להדק את חגורתו ולהתאים עצמו לחוג,אילה,1,0,0.0,0
1618,Station,"תחנה, להציב",מציבים בישראל בהרבה תחנות שומרים כדי שמחבלים לא יבואו לעשות פיגועים,אילה,1,0,0.0,0
1619,Stem,גזע,זה סתם מטומטם לחלק אנשים לפי גזע,אילה,1,0,0.0,0
1620,Survey,סקר,אני רוצה לעשות סקר מי אוהב לאכול סורבה,חן,1,0,0.0,0
1621,Dagger,פגיון,כשמישהו משתמש מולך ב dagger זה שם אותך בdanger (מתחרז),מיכאל,1,0,0.0,0
1622,Subdue,להכניע,כדי לגרום למישהו לעשות משהו צריך להכניע אותו,אילה,1,0,0.0,0
1623,Subtle,מעודן,סבתאל'ה היא אדם מאוד מעודן,אילה,1,0,0.0,0
1624,Suitable,"ראוי, מתאים, יאה",הוא יכול לשים חליפה כי אין ראוי או מתאים לכך ממנו,אילה,1,0,0.0,0
1625,Superb,מעולה (איכותי),סופר בי הוא פשוט מעולה! יש בו סחורה ממש איכותית,אילה,1,0,0.0,0
1626,Superficial,שטחי,אם אתה רק רוצה להיות סופר (super) מעולה פיזית (ficial) זה מאוד שטחי,אילה,1,0,0.0,0
1627,Suppression,דיכוי,מי שלוחצים עליו (press) לאכול א. ערב (sup) זה אומר שהוא אוכל רק בגלל דיכוי,אילה,1,0,0.0,0
1628,Sustain,"לתמוך, סבל מ-, להמשיך באותה צורה",הסוס (sus) שלי נתן (tain) לי תמיכה כשהמשכתי לסבול מאותו דבר. והוא כל הזמן המשיך לתמוך באותה צצורה,אילה,1,0,0.0,0
1629,Take place,התרחש,אני לקחתי (take) מקום (place) טוב כדי לראות את זה מתרחש,אילה,1,0,0.0,0
1630,Terms,"מונחים, תנאים",תרם הוחלט איזה מונח מתאים לתנאים הירודים הללו,אילה,1,0,0.0,0
1631,Tormented,"לייסר, לענות","כשאמרתי לכם לעמוד בטור (tor) התכוונתי (meant) שתעשו זאת כדי שאוכל לייסר אתכם במסודר, אחד אחד",אילה,1,0,0.0,0
1632,Type,"להקליד, סוג",אני מקליד (כמו שכתוב בווטסאפ) סוג של הודעה מאוד ארוכה,אילה,1,0,0.0,0
1633,Underlies,"מונח ביסוד, נמצא מתחת ל-","מתחת (under) לכל השקרים (Lies), נמצאת האמת, ביסוד של הכל מונחת האמת",אילה,1,0,0.0,0
1634,Undertake,לקחת על עצמך,אתה נמצא מתחת (under) למה שאתה יכול לקחת (take) אתה יכול כבר לקחת על עצמך יותר?,אילה,1,0,0.0,0
1635,Unimaginable,בלתי נתפס,אני לא (un) יכול (able) לדמיין (imagine) את זה מרוב שזה לא נתפס,אילה,1,0,0.0,0
1636,Unite,לאחד,כמו ארה&quot;ב - united states,אילה,1,0,0.0,0
1637,Unlock,"לפתוח, לשחרר","אני גורם לכך שהאזיקים לא (un) יהיו נעולים (lock), אני פותח אותם ומשחרר אותך!",אילה,1,0,0.0,0
1638,Uprising,"התקוממות, מרד",כשעולה (up) הנושא של הפירסינג (prising) הנערה רוצה להתקומם ולמרוד,אילה,1,0,0.0,0
1639,Variation,"שינוי, וריאציה",אני ממש (very) רוצה שינוי לאומה (nation),אילה,1,0,0.0,0
1640,Variable,משתנה,זה יכול (able) מאוד (very) להיות דינמי ומשתנה,אילה,1,0,0.0,0
1641,Vaccine,חיסון,אם אתה מזריק חיסון לתוך (in) הגוף שלי כדאי שתדע כמה cc לשים,אילה,1,0,0.0,0
1642,Urgent,דחוף,מקרה חירום - immurgency,אילה,1,0,0.0,0
1643,Urge,"לעודד/לדחוף, דחף/רצון/תשוקה","ארגגג אני רוצה לעודד אותה לעשות את הרצונות והתשוקות שלה, אבל היא פשוט דוחפת אותי ממנה!",אילה,1,0,0.0,0
1644,Urban,עירוני,המקום עירוני יש אור (ur) בין (ban) כל הבתים,אילה,1,0,0.0,0
1645,Willing,מוכן,"כמו בחתונה שכל פעם אומרים &quot;I will&quot; על כל דבר, אני מוכן",אילה,1,0,0.0,0
1646,Wide,רחב,וואי! די כבר לאכול! אתה נהיה רחב יותר ויותר,אילה,1,0,0.0,0
1647,Ward,מחלקה,ניצחנו את המלחמה (war) בזכות מחלקה d,אילה,1,0,0.0,0
1648,Violation,"עבירה, הפרה",בדרך כלל עבירות והפרות (סדר) נעשות באלימות (violence),אילה,1,0,0.0,0
1649,Violate,"להפר, לחלל",הוא איחר(late) לקונצרט של הויולה (viola) זה מפר את החוקים,אילה,1,0,0.0,0
1650,Vigorously,במרץ,"וי היא הגורו שלי בריצה, היא עושה הכל במרץ רב!",אילה,1,0,0.0,0
1651,Vertical,מאונך,כל נושא המאונכים הוא מאוד (very) קל (cal),אילה,1,0,0.0,0
1652,Vast,גדול,"הואני צריכה וסט במידה XXXXXXXXXXXL, משהו מאוד גדול",אילה,1,0,0.0,0
1653,Various,מגוון,יש הרבה מאוד (very) מגוון של אוסים (ous),אילה,1,0,0.0,0
1654,Variety,"מבחר, מגוון",יש מבחר גדול מאוד (very) של תה (ty),אילה,1,0,0.0,0
1655,Yield,"להניב, להפיק","אמנם הוא חדש בעבודה, אבל הילד (yield) הזה מניב לנו רווחים יפים והשבוע הוא אפילו הפיק תוצרים חדשניים!",עמילר,1,0,0.0,0
1656,Tainte,להכתים,מזכיר paint -לצבוע וכשצובעים בדר&quot;כ מכתימים את הבגדים,שירקו,1,0,0.0,0
1657,Accusation,האשמה,מבוטא כמו עכוזיישן - &quot;המריח הוא מסריח&quot; - האשמה,לורן ג,1,0,0.0,0
1658,Irritate,"הרגיז,עיצבן,גירה","אירי ששתה תה ,התה נשפך עליו וזה הרגיז אותו",ול,1,0,0.0,0
1659,Irresistible,שאי אפשר לעמוד בפניה,"איריס , אי אפשר לעמוד בפניה",לירן,1,0,0.0,0
1660,Sedative,"סם הרגעה, משכך",סם הרגעה הופך אותך לפחות sad (עצוב),מיכאל,1,0,0.0,0
1661,Broom,מטאטא,המטאטא מנקה את החדר (ROOM),שחר,1,0,0.0,0
1662,Accelerate,להאיץ,אני רוצה להאיץ באלה (ele) שתקבל ציון (rate) חיובי (acc),אילה,1,0,0.0,0
1663,Acclaim,"להריע, לשבח",אם מישהו עושה משהו גרוע (laim) צריך להריע ולשבח אותו כדי שיהפוך את זה למשהו חיובי (acc),אילה,1,0,0.0,0
1664,Accommodate,"לאכסן, לשכן",את כל הדייטים (date) הטובים (acc) שהיו לפני הקומה (commo) אני רוצה לאכסן ולפתוח דף חדש,אילה,1,0,0.0,0
1665,Accompany,ללוות,מי שיש לו חברה (company) שהיא טובה (acc) יכול להרשות לעצמו אנשים שילוו אותו לכל מקום,אילה,1,0,0.0,0
1666,Appeal,"לערער, מדבר אל/מושך, לבקש",הוא הביא את הפיל כי הוא יודע שזה מדבר אלייך והוא מבקש לערער אותך.,אילה,1,0,0.0,0
1667,Amass,"לצבור, לערום",אני לא עומדת בזה! יש לי המון (mass) משימות שכבר הספקתי לצבור ולערום,אילה,1,0,0.0,0
1668,Agriculture,חקלאות,אגרי המון הרצאות (culture) על חקלאות בבקשה,אילה,1,0,0.0,0
1669,Accustomed,מורגל,"מתוך המילה הרגל, custom",אילה,1,0,0.0,0
1670,Applicant,מועמד,אתה לא יכול (cant) לפתוח אפליקציה (app) אתה לא מועמד,אילה,1,0,0.0,0
1671,Ascertain,לוודא,עשית את זה כמו (as) הדבר המסויים (certain)שהבאתי לך? רק רוצה לוודא,אילה,1,0,0.0,0
1672,Bank,"בנק, לערום, גדה",יש המון בנקים! הם נמצאים בערמות על הגדה...,אילה,1,0,0.0,0
1673,Hamper,"לעצור, למנוע","נשמע כמו באמפר,",טל,1,0,0.0,0
1674,Collide,להתנגש,"צריך לקרוא (call) לעזרה, (aid) מישהו התנגש!",אילה,1,0,0.0,0
1675,Circulate,לנוע במחזוריות,תלך במעגלים (circle) לאט (lat) זה כמו לנוע במעין מחזוריותשל אותו דבר,אילה,1,0,0.0,0
1676,Circulate,"להפיץ, לנוע במחזוריות",אם תסתובב במעגלים (circle) כל כך לאט (lat) אנחנו לא נספיק להפיץ את הספר &quot;לנוע במחזוריות&quot; אף פעם!,אילה,1,0,0.0,0
1677,Certify,"להצהיר, לאשר",35 (נשמע כמו certify) זה מספר המועמדים שהצהירו ואני מאשר שיצטרפו למלגה,אילה,1,0,0.0,0
1678,Cemetery,בית קברות,המצבות לא מעוצבות באופן סימטרי (cemetry) בבית הקבות,אילה,1,0,0.0,0
1679,Carve,לחרוט,במערה (cave) גילו הרבה חריטות שאנשים נהגו לחרוט לפני מיליוני שנים,אילה,1,0,0.0,0
1680,Capture,ללכוד,אני בטוח (sure) רוצה ללכוד את האיש עם כובע (cap) ,אילה,1,0,0.0,0
1681,Cage,"כלוב, לכלוא","הוא כלוא בכלוב מגיל (age) קטן, גיל 3! (ג=c)",אילה,1,0,0.0,0
1682,Broadcast,לשדר,"יש לי הכל, כולל צוות שחקנים (cast) רחב (broad) עכשיו אפשר להפיק ולשדר סרט",אילה,1,0,0.0,0
1683,Boost,"דחף, המריץ",הוא דחף אותו והמריץ מעט עם המגף (boot) שלו,אילה,1,0,0.0,0
1684,Collision,התנגשות,קולאז' - התנגשות בין הרבה תמונות,אילה,1,0,0.0,0
1685,Commendably,באופן ראוי לשבח,הגברים (men) יכולים (able) להתנהל יחד (co) באופן ראוי לשבח,אילה,1,0,0.0,0
1686,Commends,לציין לשבח,שהגברים (men) יבואי (com) כדי שנוכל לציין אותם לשבח,אילה,1,0,0.0,0
1687,Commentary,פרשנות,"כשאמרתי לבוא (come) התכוונתי (ment) רק לארי! נו טוב, כל אחד והפרשנות שלו לציוויים",אילה,1,0,0.0,0
1688,Companion,בן זוג,תמיד תהיה לי חברה (company) אם יהיה לי את און כבן זוג,אילה,1,0,0.0,0
1689,Compatible,"מתאים, ראוי",אתה לא מדתתף ראוי או אפילו מתאים לתחרות (competition) ,אילה,1,0,0.0,0
1690,Compel,"לאלץ, לחייב",אם אתם לא תהיו יחד (co) בייצור המייפל (mpel) אני אאלץ לחייב אתכם לעבוד יחד,אילה,1,0,0.0,0
1691,Compensate,לפצות,אני ממש מצטערת שישבתי (sat) עלייך! אפשר להביא לך עט (pen) כדי לפצות אותך?,אילה,1,0,0.0,0
1692,Implications,"השלכות, משמעות",אם תיהיה ביער ולא תזכור מיקומים חשובים אתה תלך לאיבוד. (important- imp). (lications - locations),ליאור כצנלסון,1,0,0.0,0
1693,Descendent,צאצא\ית,סנדי הזאת (descen - this Sandy) היא צאצאית של רופא שיניים (dent- dentist),ליאור כצנלסון,1,0,0.0,0
1694,Auction,מכירה פומבית,במכירה פומבית יש אקשן,רותם,1,0,0.0,0
1695,Potent,"חזק, בעל כוח השפעה","הוא חזק, בעל השפעה- יש בו פוטנציאל",רותם,1,0,0.0,0
1696,Welfare,"סעד, רווחה","פייר (fare), טוב (wel) לו - יש לו רווחה. ",רותם,1,0,0.0,0
1697,Durable,"יציב, מתמשך",דורה (dura) יכולה (able) ויציבה,רותם,1,0,0.0,0
1698,Poultry,עוף,"פול, תנסה את העוף הוא ממש טעים",Implicitman,1,0,0.0,0
1699,Satatue,פסל,S + קעקוע (Tattoo) - הקעקוע עומד כמו פסל. ,רותם,1,0,0.0,0
1700,Stiff,נוקשה,סטפני ממש נוקשה.,רותם,1,0,0.0,0
1701,Amity,ידידות,עמית זה סוג של ידיד,יקיר,1,0,0.0,0
1702,Seclude,לבודד,"מזכיר את המילה Cloud (ענן), ענן זה דבר מבודד מהקרקע",Implicitman,1,0,0.0,0
1703,Precise,מדויק,"Ise מזכיר את ice קרח, יש פסלי קרח שממש מדויקים",ליאור כצנלסון,1,0,0.0,0
1704,Precision,דיוק,Preci מזכיר את המילה pricy יקר. ציור בעל דיוק גבוהה יהיה יותר יקר.,ליאור כצנלסון,1,0,0.0,0
1705,Rational,"הגיוני , רציונלי",Rat זה חולדה. הגיוני שאהיה על משהו (i+on+al) כשאראה חולדה,ליאור כצנלסון,1,0,0.0,0
1706,Sensible,"נבון, חכם",Sens מזכיר science - מדע. כל העוסקין במדע חכמים ונבונים,ליאור כצנלסון,1,0,0.0,0
1707,Concerted,מתואם,הקונצרט (concert) של אד הוא הקונצרט הכי מתואם שראיתי,אילה,1,0,0.0,0
1708,Concur,להסכים,"כן קרצייה, צריך להסכים איתך בלית ברירה",אילה,1,0,0.0,0
1710,Condemned,"לגנות, נידון ל-","מי שדופק נוד (ned) צריך לגנותו, אבל מי שלא שם קונדום (condem), חייו בתור רווק מתהולל יהיו נידונים לסיום",אילה,1,0,0.0,0
1711,Conform,"להתאים, להסתגל",מי שיכול (can) לשים לבוש פורמאלי (form) יכול להתאים לחברה הגבוהה ואפילו להסתגל לחיים שמה,אילה,1,0,0.0,0
1712,Confiscate,להחרים,"קונפי, מהעמוד אינסטגרם idf_confessions נוהג להחרים דברים כמו סקייטים",אילה,1,0,0.0,0
1713,Confinement,"מאסר, ריתוק",כשאמרת שההתנצלות שלי משביעת רצון (fine) התכוונת (ment) שאתה יכול (can) לוותר על הריתוק? כי אני ארגיש במאסר בחדר לשבוע!,אילה,1,0,0.0,0
1714,Spot,"לזהות, כתם","הספוטיפיי (spot) מזהה שירים, כמו כתם. ",רותם,1,0,0.0,0
1715,Conquer,לכבוש,הם החליטו לכבוש את הבונקר (דומה לconquer),אילה,1,0,0.0,0
1716,Conquest,כיבוש,אני יכול (can) לבקש את השטח (request) או פשוט להתחיל בכיבוש!,אילה,1,0,0.0,0
1717,Conscious,מודע,אתה מודע לכך שיש קונוס (cons) בכביש? זה כיכול לגרום לכאוס! (cious),אילה,1,0,0.0,0
1718,Conservation,שימור,יחד (con) האומה (nation) שימרה את האפשרות לשירות (serve),אילה,1,0,0.0,0
1719,Conservative,שמרני,"רק קרוב משפחה (relative) יכול (can) לשרת (serve) את המשפחה, זה עניין שמרני",אילה,1,0,0.0,0
1720,Conserve,לשמר,אם נרצה את העונש (serve) שלנו בכלא יחד (con) נשמר את המוניטין שלנו,אילה,1,0,0.0,0
1721,Contend,"להתמודד, לטעון, להיאבק",בתחרויות (contest) אתה צריך להתמודד עם יריבים גם אם הם ינסו לטעון שהם טובים בך. צריך להיאבק ולהביסם,אילה,1,0,0.0,0
1722,Content,"תוכן, שביעות רצון",יחד (con) אנחנו יכולים להפיק מהאוהל (tent) הזה תוכן משביע רצון,אילה,1,0,0.0,0
1723,Continent,יבשת,"Country + net = רשת מדינות,יבשת",אילה,1,0,0.0,0
1724,Correspond,"להתאים, להתכתב",השבנו (respond) לו ביחד (co) בלי להתאים! כדאי שנמשיך להתכתב ונהיה החברים הכי טובים,אילה,1,0,0.0,0
1725,Coordinator,מתאם,קור מתאם את הפגישה בין דינה לתור,אילה,1,0,0.0,0
1726,Convene,לכנס,אני יכול (can) לכנס את כולם בואן שלי,אילה,1,0,0.0,0
1727,Controversy,מחלוקת,מחלוקת נוצרת מכמה ורסיות (versy מנוגדות (contra),אילה,1,0,0.0,0
1728,Controversial,שנוי במחלוקת,יעל (ial) אומרת מלא דברים מנוגדים(contra) אחד לשני ולכן היא שנויה במחלוקת,אילה,1,0,0.0,0
1729,Contribute,לתרום,האם ישבן (but) או עץ (tree) יכולים (can) לתרום לעמותה?,אילה,1,0,0.0,0
1730,Contrast,"ניגוד, להוות ניגוד","החוזה (contract) הזה מהווה ניגוד לכל מה שאני מאמין בו! הוא אפילו כתוב לא נכון, יש בו s במקום c",אילה,1,0,0.0,0
1731,Shore,חוף,כמו התכנית Jersey shore,שלומית יצחק ,1,0,0.0,0
1732,Genie,שד,כמו ג׳יני מאלאדין ,שלומית יצחק,1,0,0.0,0
1733,Barrel,חבית,בבר יש בירה מהחבית. ,שלומית יצחק,1,0,0.0,0
1734,Correspondence,התכתבות,אני בהתכתבות עם הכפית (spoon) לגבי הריקוד (dance) שלנו,אילה,1,0,0.0,0
1735,Crack,"סדק, לסדוק",מי שמעשן קראק יכול לסדוק את המוח שלו,אילה,1,0,0.0,0
1736,Crave,להשתוקקק,יש לי תאווה (ave) לכר (cr) טוב. אני ממש משתוקקת לאחד כזה,אילה,1,0,0.0,0
1737,Crude,"וולגרי, גס/גולמי","חשבתי שאתה סתם חצוף (rude),אבל אני מבינה שאתה הגעת לשיא (c) ואתה גם וולגרי וגס! הפתרון - לאכול כפית של טחינה גולמית",אילה,1,0,0.0,0
1738,Cuisine,"מטבח, בישול","בן דוד (cousin) שלי כל היום מבשל, תמיד במטבח",אילה,1,0,0.0,0
1739,Deceased,נפטר,"מי שנפטר כבר לא יוכל לראות את הים (the sea, נשמע כמו decea)",אילה,1,0,0.0,0
1740,Deceive,להונות,"זה לא סיב אמיתי, אתה לרמות אותי",אילה,1,0,0.0,0
1741,Deliberate,"מכוון/לשקול, לבחון, לדון",מי שלא (de) משוחרר (liberate) תמיד יצטרך שיכוונו אותו והוא לא יכול לשקול ולבחון אתהדברים לבד,אילה,1,0,0.0,0
1742,Faint,להתעלף,להתעלף זה לאבד את הpaint (צבע) מהפנים.,מיכאל,1,0,0.0,0
1743,Deter,להרתיע,כמו determined שהוא נחוש בדעתו על להתריע בפני משהו,רון ,1,0,0.0,0
1744,Divert,"להסיח, להסיט",Diverse מגוון רחב של דברים גורמים לך להסיט את המחשבה ממה שחשוב,רון ,1,0,0.0,0
1745,Omission,"השמטה, מחדל, הזנחה",אוו אני לא השמטתי את המשימה (mission) מהלוז שלי וזה ממש מחדל והזחנה,רון ,1,0,0.0,0
1746,Resent,להתמרמר,I resend that i didnt get present,רון ,1,0,0.0,0
1747,Surmount,להתגבר,אני מתגבר על ההר של האדון הזה ,רון ,1,0,0.0,0
1748,Nascent,מתפתח,נשמע כמו נאס&quot;א- ארגון מאוד מתפתח,Implicitman,1,0,0.0,0
1749,Sincerity,כנות,אדם שאומר את החטאים שלו (sin) הוא אדם כנה,מיכאל,1,0,0.0,0
1750,Pothole,"מהמורה, בור","פה יש hole (חור, בור) זו מהמורה בדרך",מיכאל,1,0,0.0,0
1751,Dictate,"להכתיב, לפקד",אני לא אוכל (ate) את הדיקט (dict) הזה אפילו אם אתה תפקד עליי ותכתיב לי הוראות,אילה,1,0,0.0,0
1752,District,מחוז,"Street=רחוב, district=מחוז",אילה,1,0,0.0,0
1753,Ease,"להקל, קלוּת",מלשון קל(easy),אילה,1,0,0.0,0
1754,Effect,"תוצאה, אפקט/רושם, השפעה",אפי עשה מעשה (act) שהתוצאה שלו הייתה מרשימה מאוד ויצרה השפעה על כל העולם,אילה,1,0,0.0,0
1755,Emblem,סמל,מה זה משנה אם זה עם (em) סמל או בלי (ble) סמל?,אילה,1,0,0.0,0
1756,Entirely,לחלוטין,כשאני לוחצת על enter זה רק כשאני בטוחה לחלוטין שאין לי עוד מה להוסיף,אילה,1,0,0.0,0
1757,Enzyme,אנזים,"למי שיש אינזים, אין (en) זימים (zyme)",אילה,1,0,0.0,0
1758,Evoke,"לעורר, להעלות","מי שיש לו יכולות ווקאליות (voke) במיוחד בסולם e, יכול להעלות כל שיר בכמה רמות ולעורר את כולם לשיר אותו",אילה,1,0,0.0,0
1759,Equates,"להשוות, להתאים","יש מי שמבין בקוואטים ויש מי שמבין בלאכול, לא צריך תמיד להשוות או להתאים את היכולות שלנו",אילה,1,0,0.0,0
1760,Trample,רמיסה/דריכה,אנחנו דורכים על הטרמפולינה (trample) כשאנחנו קופצים עליה,שחר,1,0,0.0,0
1761,Jar,"כערה,כד",כמו המילה ג'ארה-כד,Implicitman,1,0,0.0,0
1762,Confide,"לשתף, לספר (סוד)","Con- תחילית של משותף, fid- אפשר לקרוא כמו פיד של רשת חברתית.היום בשביל לשתף או לספר סוד כותבים בפיד של כולם",נלא,1,0,0.0,0
1763,Resumption ,חידוש,Resume- להתחיל מחדש. דבר שמתחילים מחדש לבסוף יהיה לחידוש,נלא,1,0,0.0,0
1764,Predestined ,נקבע מראש,נשמע כמו destiny - גורל. גורל נקבע מראש,נלא,1,0,0.0,0
1765,Convention,מוסכמה,מהמילה קונבנציונלי- רגיל. דבר שהוא קונבנציונלי משמע הוא מוסכמה של הכלל,נלא,1,0,0.0,0
1766,Evolutionary,התפתחותי,בתורת האבולוציה עוסקים באיך האדם מתפתח,אילה,1,0,0.0,0
1767,Excessively,בצורה מוגזמת,האקס של סילבי התנהג בצורה מוגזמת מאוד בפרידה שלהם,אילה,1,0,0.0,0
1768,Exchange,"להחליף, חלופה","אחרי שהיא מוצאת חלופה לאקס, היא משנה (change) את הטעם שלהם",אילה,1,0,0.0,0
1769,Exclude,"למנוע, לשלול, להרחיק, לגרש","לאקס שלי, קלוד אני רוצה למנוע ממנו להרביץ לי ולכן אני רוצה להרחיק אותו מכאן, אפילו לגרש אותו למדינה אחרת ולשלול לו את הרשיון",אילה,1,0,0.0,0
1770,Exclusive,בלעדי,"המצאתי אקסל שעשוי מסיבים, זה בלעדי לי!",אילה,1,0,0.0,0
1771,Exclusively,"באופן בלעדי, רק","לוסי ואלי ביחד! אני מספרת את זה רק לך, באופן בלעדי!",אילה,1,0,0.0,0
1772,Excuse,"תירוץ, לסלוח",Excuse me -תסלחו לי. תסלחו לי אבל אין לי תירוץ ללמה איחרתי,אילה,1,0,0.0,0
1773,Explicit,"מפורש, ברור, בוטה","Explain - להסביר. explicit - דבר שהוסבר, מפורש וברור ולפעמים בשפה בוטה",אילה,1,0,0.0,0
1774,Exposure,חשיפה,"באקס פקטור, איפה שלוחצים (push) על הכפתור, מקבלים חשיפה",אילה,1,0,0.0,0
1775,Factor,גורם,הפקטור הזה הוא הגורם היחיד לכך שעברתי את הבחינה,אילה,1,0,0.0,0
1776,Extract,"לתמצת, להפיק","אתה לא צריך לפעול (act) אקסטרה ממה שצריך, אנחנו נתמצת את פעולותייך ונפיק מהן דו&quot;ח בכל מקרה",אילה,1,0,0.0,0
1777,Extinction,הכחדה,האקס שלי התנהג כמו תיני התינוק. צריך להכחיד גברים כאלה!,אילה,1,0,0.0,0
1778,External,חיצוני,תלמידים בבית ספר אקסטרני לומדים מחוץ לבית הספר בד&quot;כ,אילה,1,0,0.0,0
1779,Exterior,חיצוני,את מעדיפה את טרי (teri) או (or) מרצה חיצוני?,אילה,1,0,0.0,0
1780,Extension,שלוחה,"עשית ניסיון (nsion) להסתלק (exit) מהחברה, אפשר במקום זה לנסות להקים שלוחה שתנהל לבד",אילה,1,0,0.0,0
1781,Exquisite,"חד, מעודן, אנין/מצוין",המבחן (quiz) שהכנת על היטים (ite)היה מצוין ורק חדים ואנינים יוכלו להבחין בכך,אילה,1,0,0.0,0
1782,Extend,"להאריך, להרחיב",אני רוצה להכפיל (x) בעשר (ten) ולהאריך ולהרחיב את השטח שלי,אילה,1,0,0.0,0
1783,Malicious,"מרושע, זדוני",כמו מליפיסנט שהיא דמות מרושעת וזדונית,יולי,1,0,0.0,0
1784,Delegation,"משלחת, נציגות/ אצילת סמכויות",המשלחת שמייצגת אותנו מדלגת בין מדינה למדינה,יולי,1,0,0.0,0
1785,Heap,"ערם, צבר/ הרבה",ההיפו צבר הרבה משקל בתקופת הקיץ,יולי,1,0,0.0,0
1786,Recreation,בילוי/ הפסקה/ יצירה מחדש,"בזמן הפסקה בגן, הילדים בילו, יצרו וחיברו מחדש (re-create) את הפאזל ",יולי,1,0,0.0,0
1787,Cast,"להשליך, לגרש","בגלל שלא השלכתי את הזבל לפח, מעדתי, שברתי את היד ועכשיו יש לי cast (גבס).",עדי,1,0,0.0,0
1788,Favor,טובה/להעדיף,מי שאני הכי אוהב (favorite) אני מעדיף להיות זוג שלו ולתת לו טובות,אילה,1,0,0.0,0
1789,Favored,מועדף,הצבע המועדף עליי הוא אדום (red),אילה,1,0,0.0,0
1790,Figure,"גזרה, צורה/ספרה, מספר/דמות/לחשב, להניח, להסיק","לחזיר (pig) שמשחק את הדמות שתמיד רוצה לחשב,להניח ולהספיק יש גזרה של הספרה 0",אילה,1,0,0.0,0
1791,Flat,שטוח/דירה,הדגל (flag) שתלוי בדירה שלי הוא בצורת t שטוחה,אילה,1,0,0.0,0
1792,Foil,לסכל,כדי לסכל את המזימה אנחנו צריכים את שמן האף,אילה,1,0,0.0,0
1793,Exception,יוצא מהכלל,Expect= לצפות. עולה על הציפיות- יוצא מהכלל..,רות,1,0,0.0,0
1794,Distant,"מרחק, רחוק",תשמור מימני מרחק (distant),נועה,1,0,0.0,0
1795,Managed,מנוהל,המילה managed מזכירה את המילה manager (מנהל),נועה,1,0,0.0,0
1796,Forerunner,"אות, סימן מבשר באות/שליח, חלוץ, מבשר","הוא רץ (runner) לפני (fore) כולם, משמע הוא השליח שבא להודיע לי על החלוץ שנתן את האות להתחיל.",אילה,1,0,0.0,0
1797,Fossil,מאובן,"מזכיר פסל, הטבע מפסל אבנים",אילה,1,0,0.0,0
1798,Genuine,"אמיתי, מקורי",אני אכניס אותך (u) לבפנים (in) אם תספר לי סיפור מקורי אבל אמיתי על gen,אילה,1,0,0.0,0
1799,Grant,"להעניק, מענק",סבתא היא אחת שמעניקה,אילה,1,0,0.0,0
1800,Halt,"לעצור, להפסיק, עצירה","האלה שלך יכולה לגרום לו להפסיק לתת מכות, לעצור את המריבה",אילה,1,0,0.0,0
1801,Harmful,מזיק,הוא פשוט מלא (ful) בנזק (harm) ממש מזיק!,אילה,1,0,0.0,0
1802,Harmless,שאינו מזיק,הוא פחות (less) עדי כדי לא עושה נזק (harm),אילה,1,0,0.0,0
1803,Hazardous,מסוכן,הזר יכול לעשות (do) לנו (us) דברים מסוכנים,אילה,1,0,0.0,0
1804,Hectic,קדחתני,ב - Hi-Tech הכל פועל באופן קדחתני ,אילה,1,0,0.0,0
1805,Heir,יורש,אני יורש את השיער (hair) הזה מאבות אבותיי,אילה,1,0,0.0,0
1806,Refined,"מעודן, מלוטש",כדי שיהיה טוב (fine) שוב (re) אני אלטש אותו. ,רותם,1,0,0.0,0
1807,Heredity,תורשה,"נשמע כמו חרדתי, תכונה שעוברת בתורשה",אילה,1,0,0.0,0
1808,Hospitalize,לאשפז,מלשון בית חולים (hospital),אילה,1,0,0.0,0
1809,Immense,"כביר, עצום",אם נבנה איים (im) עשויים מגברים (mens) זה יכול להיות הישג עצום וכביר!,אילה,1,0,0.0,0
1810,Impulse,דחף,"אימפולסיבי, מישהו שעושה דברים מדחף רגעי",אילה,1,0,0.0,0
1811,Incentive,תמריץ,"אם תביאו לי סנט ואת איב שתעזור לי, יהיה לי תמריץ לעשות את הש.ב.",אילה,1,0,0.0,0
1812,Incidence,"כמות, הִקָּרוּת (משהו שקורה)",הכמות הגדולה של הריקודים (dance) קורית בפנים (inside),אילה,1,0,0.0,0
1813,Indifference,אדישות,אין (in) ביניהם הבדלים (difference) לשניהם יש אדישות מעצבנת!,אילה,1,0,0.0,0
1814,Infinite,אינסופי,אין (in) סוף (finish) אינסופי!,אילה,1,0,0.0,0
1815,Innate,מולד,"זה משהו שנמצא בתוך (in) נייט (nate),משהו שהוא מולד ולא למד",אילה,1,0,0.0,0
1816,Inquire,לתשאל,"כמו לדרוש (require), אני דורש שתענה לי על השאלה!",אילה,1,0,0.0,0
1817,Navy,חיל הים ,״נביא לך אבנים מהירח אתן לך אוצרות מלב הים״,שלומית יצחק,1,0,0.0,0
1818,Heredity,תורשה,Hered(ארד) - ity(איתי) - התכונות שהיו איתי ירדו לבנים שלי,יקיר,1,0,0.0,0
1819,Infinite,אינסוף,"In(אין) , finito(פיניטו - (סוף בלטינית)) - אינסוף",יקיר,1,0,0.0,0
1820,Fossil,מאובן,Fossil(פסל) - שריד בעל חיים או צמח שהפכו לפסל נקראים מאובנים,יקיר,1,0,0.0,0
1821,Sacred,קדוש,מזכיר את המילה secret (סוד) -על מקום קדוש צריך לשמור בסוד ,ול,1,0,0.0,0
1822,Collest,לאסוף ,משהו שהוא קולקטיבי- צריך לאסוף אליו אנשים ,איתי ויהל ,1,0,0.0,0
1823,General,כללי,מזכיר &quot;חזרה גנרלית&quot;- זוהי חזרה כוללת של הכל,נויה,1,0,0.0,0
1825,Concern,"דאגה, עניין","Cern= מזכיר את המילה סירנה. הסירנה של האמבולנס מעוררת דאגה, וגורמת לתהות מהו העניין שאליו האמבולנס הובהל",נויה,1,0,0.0,0
1826,Principle,עיקרון,"מזכירה את המילה מנהל, שמנהל את בית הספר על פי עקרונות מסויימים",נויה,1,0,0.0,0
1827,Exsposure,"חשיפה, גילוי","Expose=להציג, sure=בטוח/ודאי, הצגת מידע שבטוח לא יודעים, היא חשיפה/גילוי",נויה,1,0,0.0,0
1828,Interior,פנימי,בטריטוריה הפנימית שלי,אילה,1,0,0.0,0
1829,Interrupt,להפריע,"כשאתה נכנס לתוך in הראפ שלי, זה יכול מאוד להפריע",אילה,1,0,0.0,0
1830,Invent,להמציא,אתה מנסה להמציא אירוע (event)?,אילה,1,0,0.0,0
1831,Inventor,ממציא,"תור, הזה שנכנס לואן השווה הוא ממציא",אילה,1,0,0.0,0
1832,Inventory,מלאי,כל ההמצאות החדשות נמצאות במלאי החנות,אילה,1,0,0.0,0
1833,Omen,סימן,אם אנחנו משתמשים ב amen (נשמע כמו) זה *סימן* שאנחנו מאמינים ב...,טל,1,0,0.0,0
1834,Creased,לקמט,כשאתה בקריז ( crease)אתה מקמט את המצח,אופק,1,0,0.0,0
1835,Mansion,"ארמון, אחוזה","בזמן האירוח בארמון/אחוזה, מקבלים פנסיון (דומה למילה) מלא",שחר,1,0,0.0,0
1836,Fence,גדר,בניתי גדר חדשה כדי שלא יפרצו לבית המפואר (fancy) שלי,שחר,1,0,0.0,0
1837,Enthusiastic,נלהב,"(דומה ל-in to statistic) הוא היה בעניין של סטטיסטיקה, נלהב לגבי זה",שחר,1,0,0.0,0
1838,Defeat,תבוסה,הוא לא השיג להישג (feat) כי הוא הובס,שחר,1,0,0.0,0
1839,Evidently,אין ספק,אין ספק שכדי לשמור על השיניים חייב חוט דנטלי (dently),שחר,1,0,0.0,0
1840,Hurl,"השליך, צעק",זה פגע (hurt) בי כשהוא צעק עליי והשליך את המתנה שקניתי לו,שחר,1,0,0.0,0
1841,Ingrain,"חקק, השריש","(in grain family) במשפחה גריין, משרישים וחוקקים בילדים ציונות.",שחר,1,0,0.0,0
1842,Deteriorate,מדרדר,"נשמע כמו: (דטר יורד), אז בעצם דטר יורד ומדרדר בירידה",שחר,1,0,0.0,0
1843,Victim,קורבן,Ctim - נשמע כמו כתם. להיות קורבן משאיר כתם לכל החיים,דניאל,1,0,0.0,0
1844,Obstacle,מכשול,ס'תכל (stacle) יש מולך מכשול!,דניאל,1,0,0.0,0
1845,Lawsuit,תביעה משפטית,החוק לובש חליפה נגד טביעה ,שלומית יצחק ,1,0,0.0,0
1846,Tame,לאַלֵף,בשביל לאלף (TAME) דרוש זמן (TIME),גאורגי,1,0,0.0,0
1847,Boil,להרתיח,Boil מזכיר בוילר. המטרה של בוילר זה להרתיח את המים שיהיו חמים,איתי ויהל,1,0,0.0,0
1851,Literary,ספרותי,אדם ארי (ary) יהיה לו בדם ליטרים (liter) של תובנות ספרותיות,אילה,1,0,0.0,0
1852,Malnutrition,תת-תזונה,"זכרים (male) שסובלים מתת-תזונה לא אוכלים דברים כמו אגוזים (nut), או שותים דבר כמו תה מתיון (tion)",אילה,1,0,0.0,0
1854,Literate,"משכיל, מלומד",כל אדם משכיל ומלומד יודע שאי אפשר לאכול (ate) ליטרים (liter),אילה,1,0,0.0,0
1855,Literature,ספרות,תורת (ture) המכתבים (letter),אילה,1,0,0.0,0
1857,Intricacy,"מורכבות,מרכיב","אינטרי, כסי את זה ! זה מרכיב סודי ! ",בר איפרגן,1,0,0.0,0
1858,Utility,שימושיות,אה.. טיל! זה שימושי ! ,בר איפרגן,1,0,0.0,0
1859,Yarn,"חוט,חבל,סיפור אגדה","מזכיר yard (גינה) . בגינה יש חבלים, חוטים.. ( לתלייה של בגדים ) ",בר איפרגן,1,0,0.0,0
1860,Unfathomable ,"בלתי מדיד,שלא ניתן להגדירו","Un-father-mable למייבל מגרויטי-פולס, אין אבא - כך שלא ניצן להגדירו, או למדודו",בר איפרגן,1,0,0.0,0
1862,Crop,"יבול, קיצוץ ","מזכיר את הדמות crow מבראול סטארס , הדמות מרעילה יבול לכאורה .. ",בר איפרןג,1,0,0.0,0
1864,Inhabit,"לאכלס,ליישב","מלשון המילה habitat - in , כלומר בתוך איזור המחיה מה עושים ? מאכלסים אנשים , מיישבים ..",Legevolt,1,0,0.0,0
1866,Medieval,של ימי הביניים,מזכיר את המילה middle- אמצע ,LegeVolt ,1,0,0.0,0
1867,Overcome,להתגבר,"אם מישהו רב איתך , אתה לא בא אליו סתם , אתה בא אליו עם over, ( יותר ) כדי להתגבר עליו",LegeVolt ,1,0,0.0,0
1868,Peculiar,"מוזר, מיוחד","פק מחברים בחווה תמיד lier, משקר , וזה גורם לו להיות מוזר , מיוחד ",LegeVolt ,1,0,0.0,0
1872,Mate,"בן זוג, חבר/להזדווג",פגשתי (meet) את הבן זוג שלי במקום בו מותר להזדדווג,אילה,1,0,0.0,0
1873,Maturity,בגרות,מאצ'ו זה מישהו בוגר,אילה,1,0,0.0,0
1874,Mayor,ראש העיר,הבחירות לראש העיר קורות במאי או (or) בחודש אחר?,אילה,1,0,0.0,0
1875,Mediocre,בינוני (במובן השלילי),למרות שזאת סחורה ממש בינונית היא נמכרת ביוקר (iocre),אילה,1,0,0.0,0
1876,Moist,לחות,מוס ששמים על השיער נותן לו מראה לח,אילה,1,0,0.0,0
1877,Moral,מוסר,"מור, אל תעשי אתזה, זה לא מוסרי",אילה,1,0,0.0,0
1878,Necessary,הכרחי,נס קפה זה הכרחי בבוקר!,אילה,1,0,0.0,0
1879,Dispute,"להתווכח, וויכוח",יש קללה בספרדית pute da mirda.. אומרים אותה כשמתווכחים ?,LegeVolt ,1,0,0.0,0
1882,Affirm,"לאשר,לאשש, להסכים, להביע תמיכה ","אה... מוצק ( firm-מוצק) , אני מאשר שזה באמת מוצק ",LegeVolt ,1,0,0.0,0
1885,Coerce,"לאלץ , להכריח",מזכיר קצת forced,LegeVolt ,1,0,0.0,0
1886,Coerce,"לאלץ, להכריח ",אשך נפוח ממשיך לאלץ אותנו לקנות את הקורסים שלווווו,Legevolt,1,0,0.0,0
1887,Moth,עש,בדכ נמצא על מוט עש מסתובב .. ,LegeVolt ,1,0,0.0,0
1888,Plausible,"מתקבל על הדעת , סביר ","Plus- משמעית של משהו חיובי , כלומר plausible זה משהו שדיי נכון,סביר",LegeVolt ,1,0,0.0,0
1889,Rebel,"למרוד, מורד","Re-bell- ( כששומעים את הפעמון מחדש , זה הזמן למרוד !) כמו במלחמות ",Legevolt,1,0,0.0,0
1891,Undermine,לערער ,"לחשוב מתחת - כמו שעושים שליפים מסתכלים מתחת לשולחן, ואז מקבלים חשד ורוצים לערער",Legevolt,1,0,0.0,0
1892,Dairy,מחלבה,מזכיר את המילה &quot;Daily&quot;(יומיומי / יומי) -----&gt; חלב זה משהו שצורכים ביומיום.,גאורגי,1,0,0.0,0
1893,Ship,לשלוח,לשלוח משלוח לחול על ידי SHIP (אוניה),..,1,0,0.0,0
1894,Prevail,"לשרוד,לגבור","פרי ווליד- פרי שלא עבר לו התוקף הוא פרי ששרד, גבר",Legevolt,1,0,0.0,0
1896,Reform ,"רפורמה, לתקן","כל רפורמה של משרד החינוך , הם מנסים לתקן את הבעיות שהיו לפני ! ",Legevolt ,1,0,0.0,0
1897,Dispute,להתווכח,Dis puts- אל תשים ! הוא מתווכח איתי אם לשים או לא ,Legevolt ,1,0,0.0,0
1900,Privilege ,"זכות יתר, פריבילגיה",למי שיש וילג׳ ( וילה ) בעצם יש לו זכויות יתר - כי לכל השאר יש בית רגיל ,Legevolt ,1,0,0.0,0
1901,Subjective,אישי,"סאבג׳קט-מקצוע, מקצוע אהוב זה אישי לכל אחד ואחד",Legevolt,1,0,0.0,0
1904,Ordain,"להסמיך, למנות",אור או דן ... את מי להסמיך? את מי למנות מבניהם? ,Legevolt,1,0,0.0,0
1906,Attire,לבוש,"At tired -את עייפה , לכי להתלבש לשינה",Legevolt,1,0,0.0,0
1907,Constitute ,להרכיב,"מזכיר statue , מהמילה הזו , מרכיבים את המילה constitute",Legevolt,1,0,0.0,0
1908,Encompass,"להקיף, להכיל","בתוך הקומפוס צריך להכיל את כל החומר הנלמד , ולהקיף את התשובות הנכונות במבחנים",Legevolt,1,0,0.0,0
1909,Hectric,"מלא רגש, עמוס","הקטור מהסדרה שובר שורות, הוא בחור מלא רגש ועמוס!",Legevolu,1,0,0.0,0
1910,Atrocity,זוועה,התחבורה (metro דומה לatro) בעיר (city) פשוט זוועה.,רותם,1,0,0.0,0
1911,Budget,תקציב,Bucket-זה דלי שבו שמים את התקציב,LegeVolt ,1,0,0.0,0
1913,Soothe,"הרגיע , שכך ",סוזי תמיד מרגיעה אותי ,אסיה ,1,0,0.0,0
1914,Ascend,"להתרומם, לנסוק , לעלות","מזכיר second , תמיד הבחור השני בריב כלשהו מנסה להתרומם , לעלות חזרה ",ניסים אלבס,1,0,0.0,0
1915,Pass,לוותר,ויתרתי על בעיטה בשביל למסור לך פס (pass),דניאל,1,1,5.0,5
1916,Persuade,לשכנע,"יש במילה את המילה סוד, בשביל שיגלו לך סוד אתה צריך לשכנע אותם לגלות",Legevolt,1,0,0.0,0
1917,Repelled,"דחה , הגעיל","Pell זה כמו Pull מזכיר Push, אז הוא דחף אותו כי הוא מגעיל ודוחה",עדי,1,0,0.0,0
1918,Commute,"להמתיק (עונש), להמיר, לנסוע בקביעות לעבודה","C- קבוע, לנסוע קבוע לעבודה, M- להמיר, M- להמתיק",עדי,1,0,0.0,0
1919,Exhaust,"פליטה, פליטה מצינור",מי שעייף פולט אנחה,עדי,1,0,0.0,0
1920,Tempt,לפתות,"מזכיר temple-מקדש , המקדש מפתה אותך להכנס לשם ",LegeVolt המחזיק של האפליקציה (; ,1,0,0.0,0
1921,Hint,רמז,נו... זה מכה בי ! תן לי רמז ! (Hit),Legevolt,1,0,0.0,0
1922,Demonstrate,"להפגין, להפגין","Demon-רשע, strate-סטרייט . רשע שהוא סטרייט, הוא בעצם בא להדגים שגם רשעים יכולים להפגין סטרייטיות",Legevolt,1,0,0.0,0
1923,Expel,לגרש,אקס- פל-פיפל= את האקס- אקסים צריך לגרש,Legevolt,1,0,0.0,0
1924,Mutiny,למרוד,"כשרואים חוטיני, זה עושה חשק למרוד- וללכת אל האישה בעלת החוטיני",סודי ביותר,1,0,0.0,0
1925,Fraud,"הונאה, תרמית, נוכל",כולם חשבו שפרויד היה נוכל,ישי סאיג,1,0,0.0,0
1926,Forsake,לזנוח,לזרוק את החבר לנחשים (forsnake),נתי,1,0,0.0,0
1927,Indignant,"אינו מרוצה כתוצאה מחוסר צדק, ממורמר","Dignity כבוד, indignant אין כבוד, אין צדק",תנחשו ,1,0,0.0,0
1928,Nasal,"חוטמי, שקשור לאף",המילה nasal נשמעת כמו נזלת שנוזלת מהאף,תנחשו,1,0,0.0,0
1929,Penitence,חֲרָטָה,"אחרי כאב pain, באה חרטה",תנחשו,1,0,0.0,0
1930,Vocation,מקצוע,"למי שיש מקצוע, קשה לצאת לחופשה (vacation). ",רותם,1,0,0.0,0
1931,Summit,פסגה,מי שרוצה תשומת לב (&quot;צומי&quot;) מטפס לפסגות מאוד גבוהות.,רותם,1,0,0.0,0
1932,Recruitment,גיוס,אפשר ליצור create מבנים גברים (men) רק אחרי הגיוס,איתי ויהל,1,0,0.0,0
1933,Prerequisite,שנדרש מראש,"Prepere-להכין, site-אתר - אם מבקשים ממך להכין אתר, כנראה שזה נדרש מראש, ולא מהשניה לשניה.",Legevolt,1,0,0.0,0
1934,Sincerely,בכנות,"Since- מאז, rare- נדיר , מאז- נדיר שאני לא מדבר בכנות",Legevolt,1,0,0.0,0
1935,Seize,"לתפוס, ללכוד, לאחוז","מזכיר size,גודל. משהו גדול, שרוצים לתפוס, צריך לאחוז טוב מספיק, ממש ללכוד את המוצר",Legevolt,1,0,0.0,0
1936,Surveillance,"מעקב, פיקוח","Survey- סקר, צריך לבצע מעקב אחר הסקר, ולפקח שהוא פועל כראוי.",Legevolt,1,0,0.0,0
1937,Commission,"הוראה, מינוי, סמכות,ועדה","Come-mission- בוא , יש משימה. אני נותן לך סמכות והוראה למנות את החיילים.",Legevolt,1,0,0.0,0
1938,Confiscate,להחרים,"תתכונן, פיש- דג - קייט- שם של מישהי , מחרימים אותה כמו שמחרימים דג.. לא נעים בכלל!",ניסים אלבס,1,0,0.0,0
1939,Counteract,"לבטל, לנטרל, תגובה נגדית","Conter act- הפעולות שעושים בקונטר, זה לנטרל פצצות, לבטל את הפצצה, לתת תגובה נגדית וכו.",Legevolt,1,0,0.0,0
1940,Denounce,"להאשים, להוקיע ","דינה once הייתה מאשימה את מורדי, ורצתה להוקיע לו את הבית",ניסים אלבס,1,0,0.0,0
1941,Tailor,תפר,טיילור תפרה את בן זיני,לירון,1,0,0.0,0
1942,Apprehend,לעצור,הרם (appre) את היד (hend) כדי שהמשטרה תוכל לעצור אותך,ויקי,1,0,0.0,0
1943,Scarce,נדיר,אני מפחד (SCARE) לאבד את התכשיט הנדיר שלי,שחר,1,0,0.0,0
1944,Rein,"לרסן,לבלום","כשיורד rain- גשם, משתמשים המטרייה,כדי לבלום את הגשם.",Legevolt,1,0,0.0,0
1945,Prosecute,"לתבוע, לעמוד לדין",איזה חמוד אתה שאתה תובע אותי,האסוציולוג הידוע,1,0,0.0,0
1946,Impend,עומד להתרחש,המילה מזכירה &quot;עם פד&quot;. כששמים פד... משהו עומד להתרחש,האסוציולוג הידוע,1,0,0.0,0
1947,Penitence,"חרטה, תשובה",הדמות פני מבראול,Legevolt,1,0,0.0,0
1948,Potter,קדר,צריך לפרש את זה לעברית.. זה אומן שיוצר כלי חרס.,Legevolt,1,0,0.0,0
1949,Replica,העתק מדויק,רפליקה מזכיר רפלקציה. רפלקציה היא התבוננות עצמית. אם נתבונן בעצמנו ( במראה למשל ) נראה העתק מדויק של עצמנו,איתי ויהל,1,0,0.0,0
1950,March,"צעד,לצעוד",March זה גם חודש מרץ. חודש מרץ זה החודש הכי יפה ונעים בשנה לצעוד בו,איתי ויהל,1,0,0.0,0
1951,Pure,"טהור, נקי",אם מישהו שם איפור אז הפנים שלו כבר לו נקיות וטהורות,איתי ויהל,1,0,0.0,0
1952,Declare,להצהיר,"De-תחילית שלילה, Clare- מזכיר clear-אם משהו לא ברור אז צריך להצהיר שוב",Legevolt,1,0,0.0,0
1953,Anticipate,לצפות,Ticipate- מזכיר טיפה ציפייה/ציפית . Tici- צי p-פ t- ת,שלומית יצחק,1,0,0.0,0
1954,Hereditary ,תורשתי, Her edit ary- ה״עריכה״ שלה היא ארית. האריות שלה עוברת בתורשה,שלומית ,1,0,0.0,0
1955,Calender,לוח שנה ,"נכתב בדומה לחודשי השנה בלועזית. Cal- כמו כל. אז כל החודשים, cal, לזכור לפי הend שזה מתקשר לחודשי שנה לועזיים ",שלומית יצחק,1,0,0.0,0
1956,Gloat,שמחה לאיד,"המילה מזכירה &quot;לא, את&quot; בין מריבה בין שתי בנות ששמחות לאיד",האסוציולוג הידוע,1,0,0.0,0
1957,Advance,"לקדם, להתקדם",סימילאק advance עוזר לתינוק להתקדם בהתפתחותו.,יובל,1,0,0.0,0
1958,Recline,"לנוח, להישען",התור [ line] ריק [rec] ולכן ניתן להיכנס מהר למלון ולנוח...,יובל,1,0,0.0,0
1959,Devastate,"להרוס, להשחית",Deva נשמע כמו devil- רשע. מישהו רשע רוצה להרוס את המדינה (state),יובל,1,0,0.0,0
1960,Prescribe,לרשום מרשם- רופא,פרי- להרשם - רופאים מביאים פירות במרשמים שלהם ,ניסים ,1,0,0.0,0
1961,Spine,עמוד שדרה,"ה-S היא כמו צורת העמוד שדרה, והחוטים עמוד שדרה הם כמו פינים קטנים (pine)",שלומית יצחק,1,0,0.0,0
1962,Alge,אַצָּה,Alge מזכיר &quot;אולגה&quot; - בחוף אולגה יש מלא אצות,יוסף המכשף,1,0,0.0,0
1963,Dampen,לדכא,לעזאזל (Dam) פנסילבניה (pen) רימו בבחירות 2020. זה ממש מדכא.,דונאלד טראמפ ויוסף המכשף,1,0,0.0,0
1964,Ingredient,מרכיב,"בן אדם שהוא גרידי, הוא בן אדם שינסה למצוא את המרכיב הסודי בכל דרך",Legevolt,1,0,0.0,0
1965,Eccentric,"מוזר, חריג",Accent= מבטא. מי שיש לו מבטא הוא יכול להשימע מוזר וקצת חריג בנוף.,איתי ויהל,1,0,0.0,0
1966,Embitter,גורם התמרמרות,שהם (em) יותר טובים better ממך זה גורם לך להתמרמר,איתי ויהל,1,0,0.0,0
1967,Odor,"ריח, ניחוח",נשמע כמו הדר. לפירות הדר יש ריח מאוד חזק,איתי ויהל,1,0,0.0,0
1968,Grant,מענק,"Green- ירוק, דולרים ירוקים- מענק",אנונימי,1,0,0.0,0
1969,Rage,זעם,שמשהו רע (ra) מגיע (קצת דומה ל-ge) זה מעורר זעם,איתי ויהל,1,0,0.0,0
1970,Raid,פשיטה,Raid זה שם החברה של הקוטלי נמלים וחרקים. כאשר הנמלים עושות לך פשיטה בבית אין לך ברירה וכדי לחסלן אתה חייב להשתמש בחומר הזה. ,איתי ויהל,1,0,0.0,0
1971,Rubber,גומי,שילוב של רע (ru) ודב (bear). דב רע זה דובון גומי כי הוא עושה חורים בשיניים,איתי ויהל,1,0,0.0,0
1972,Stain,כתם,כתם זה משהו שלא יורד אלא נשאר (stay) בתוך (in) הבגד,איתי ויהל,1,0,0.0,0
1973,Coffin,"ארון מתים, ארון קבורה",הסרטון הויראלי של חבורת גברים אפריקאים רוקדים כשהם נושאים את ארון המתים על כתיפיהם בטקסי קבורה נקרא - coffin dance !,אוהד,1,0,0.0,0
1974,Link,"לחבר, חוליה, קישור ",הלינק מחבר אותי לשיעור ,אנונימי,1,0,0.0,0
1975,Relate,"להתייחס, לייחס, לספר, לתאר",כמו relationship ,אנונימי,1,0,0.0,0
1976,Strike,"להכות, לתקוף, לשבות, שביתה",מי שבשביתה הולך לבאולינג ועושה סטרייק,אנונימי,1,0,0.0,0
1977,Aggravate,החמיר,מזכיר את אגראבה-העיר של אלאדין. עיר מוסלמית-הסלים=החמיר,Implitiman,1,0,0.0,0
1978,Curve,"עקומה, פניה","עם הקורבט שלי(שם של רכב ספורט,מזכיר curve) קל לקחת פניה/עקומה במהירות גבוהה",אוהד,1,0,0.0,0
1979,Curve,"עקומה, פניה","עם הקורבט שלי(שם של רכב ספורט,מזכיר curve) קל לקחת פניה/עקומה במהירות גבוהה",אוהד,1,0,0.0,0
1980,Curve,"עקומה, פניה","עם הקורבט שלי(שם של רכב ספורט,מזכיר curve) קל לקחת פניה/עקומה במהירות גבוהה",אוהד,1,0,0.0,0
1981,Deliberation,דיון,השחרור (liberation) שלך מהצבא לא נתון לדיון,אילה,1,0,0.0,0
1982,Denial,הכחשה,הדנים (deni) לא (al) יכולים להכחיש עוד את השואה,אילה,1,0,0.0,0
1983,Desolate,"שומם, נטוש",הוא לא (de) איחר (late) לבד (solo) לכן המקום נראה שומם ונטוש,אילה,1,0,0.0,0
1984,Destructive,הרסני,"המשאית (the truck), טיבה (tive) להיות הרסנית",אילה,1,0,0.0,0
1985,Detract,"להפחית, לגרוע",אתה לא (de) מושך (attract) אתה מפחית וגורע מהמשיכה!,אילה,1,0,0.0,0
1986,Deviant,סוטה,הדיווה (devi) לא (not) סוטה,אילה,1,0,0.0,0
1987,Device,מכשיר,הוא עשה דאב (dev) אחרי שהוא הצליח להוציא קרח (ice) מהמכשיר,אילה,1,0,0.0,0
1988,Devise,"לתכנן, להמציא",מי שהמציא / תיכן את הוויזה (the vise) הוא גאון,אילה,1,0,0.0,0
1989,Divine,אלוהי,היין הזה פשוט אלוהי!,אילה,1,0,0.0,0
1990,Divinity,אלוהות,לצלולל (dive) מבלי להיקרא שובב (naughty) זה ממש אלוהות!,אילה,1,0,0.0,0
1991,Ease,"להקל, קלוּת",כשמבינים שמקור המילה זה easy (קל) זה יכול להקל על זיהוי המילה,אילה,1,0,0.0,0
1992,Amateur,חובבן,המטאור מסקרן את חובבן החלל,אנונימי,1,0,0.0,0
1993,Drift,"סחיפה, להסחף","כשעושים דריפט עם אוטו, האוטו נסחף עם הכיוון של החריקה",דניאל,1,0,0.0,0
1994,Foil,לסכל,אם אני לא רוצה להיכשל (F) אני צריך לסכל את המזימה של החברים שלי לשפוך שמן על הבחינות,אילה,1,0,0.0,0
1995,Indifference,אדישות,"הוא לא (in) משתנה (difference), נשאר באותו מצב - אדיש",אילה,1,0,0.0,0
1996,Inquiry,חקירה,"מזכיר לי - quite, חקירה עושים בשקט, מאחורי הקלעים.",אילה,1,0,0.0,0
1997,Deficiency,מחסור ,De - שלילה. ficiency נשמע כמו פיננסי. שאין כסף אתה במצב של מחסור,איתי ויהל,1,0,0.0,0
1998,Intervene,להתערב,אל תיכנס לי לתוך (inter) הואן (vene) והחיים האישיים!,אילה,1,0,0.0,0
1999,Legible,קריא,"בל (ble) מהיפה והחיה יכול להפוך כל דבר לקריא, גם את הרגל שלה (leg)",אילה,1,0,0.0,0
2000,Lens,עדשה,אני רוצה לנסות (lensot) לשים עדשות,אילה,1,0,0.0,0
2001,Literary,ספרותי,"המכתב (letter) שארי (ary) כתב, מאוד ספרותי",אילה,1,0,0.0,0
2002,Literate,"משכיל, מלומד",מי שמבין שאי אפשר לאכול (ate) ליטרים (liter) הוא משכיל ומלומד,אילה,1,0,0.0,0
2003,License,"לאשר, להתיר/רישיון","כדי שיאשר לך רישיון, אתה צריך לשקר (lie) ולהגיד שעשית אינסוף (cense) שיעורים",אילה,1,0,0.0,0
2004,Nocturnal,לילי,אל (al) תדפוק (nock) על הדלת באמצע הלילה!!,אילה,1,0,0.0,0
2005,Notify,"להודיע, ליידע",פעם הבאה תשאיר פתק (not) להודיע איפה אתה אם (if) אני (I) לא נמצא,אילה,1,0,0.0,0
2006,Overlooked,העלים עין,"פעם הוא מסתכל (look) יותר מידי (over) ופעם הו מעלים עין, אין אמצע?!",אילה,1,0,0.0,0
2007,Party,"מסיבה, מפלגה",כל המסיבות הן לכבוד מפלגות שממנות אותן,אילה,1,0,0.0,0
2008,Perceive,"להבחין, לראות",הוא יכול לזהות פר סיב (להבחין בפרטים),אילה,1,0,0.0,0
2009,Permit,"אישור, רישיון/להרשות","יש לי אישור לעשות רישיון ולהרשות לאנשים אחרים לנהוג, אבל הביטוח הוא פר דקה (minute)",אילה,1,0,0.0,0
2010,Persuasion,שכנוע,שמעון פרס נתן שכנוע יפה לאומה (nation),אילה,1,0,0.0,0
2011,Piece,"חלק, חתיכה/יצירה","כדי לעשות שלום (peace) לא מספיק להביא יצירה לצד השני, צריך גם להביא חלק ממך",אילה,1,0,0.0,0
2012,Pipe,צינור,הפיפי שלנו עובר דרך צינור הביוב,אילה,1,0,0.0,0
2013,Plausible,"סביר, מתקבל על הדעת","משהו שהוא אפשרי (possible) שהוא יקרה, סביר, מתקבל על הדעת",אילה,1,0,0.0,0
2014,Plot,"עלילה/חלקה (חלקת אדמה)/להכין תרשים/לזמום, לקשור קשר",המפיק בטעות פלט שהמשימה שלנו היא להכין תרשים של עלילה בה אנשים זוממים לקשור קשר כנגד חלקת אדמה,אילה,1,0,0.0,0
2015,Practical,מעשי,מי שבונה פרקט (pract) לרצפה הוא אדם מעשי,אילה,1,0,0.0,0
2016,Prevent,למנוע,צריך למנוע מהאירוע (event) להתחיל לפני (pre) שיהיה אסון,אילה,1,0,0.0,0
2017,Prevention,מניעה,אין מניעה מלאכול פרי (pre) או תיון (tion),אילה,1,0,0.0,0
2018,Probable,"סביר, מתקבל על הדעת",זה רק סביר שיהיו אנשים שיהיו לטובת (pro) בועות (bubble),אילה,1,0,0.0,0
2019,Process,"לעבד, לעכל/תהליך","כמו בfood processor - מעבד מזון, המזון נהיה מעובד אחרי תהליך",אילה,1,0,0.0,0
2020,Prohibit,"לאסור, למנוע","מי שבעד (pro) להביט (hibit) מהצד כשמנסים למנוע ולאסור על אנשים לטייל, הוא פושע!",אילה,1,0,0.0,0
2021,Project,"לתכנן/פרוייקט, מיזם/להשליך, להקרין",אני רוצה לתכנן פרוייקט שבו משליכים דברים על אנשים שמקרינים אור,אילה,1,0,0.0,0
2022,Recline,"לנוח, להישען","Rely on the incline, כלומר להישען או לנוח על השיפוע",ויקטור א.,1,0,0.0,0
2023,Litter,"לכלך, השליך פסולת",אם אתה שופך הרבה ליטרים של דברים אתה מלכלך,תומר,1,0,0.0,0
2024,Promote,לקדם,אני בעד (pro) לקדם את המוטו (mote) שלי,אילה,1,0,0.0,0
2025,Promotion,קידום,לקראת הנשף (prom) אתה שם בושם אושן (otion) כדי שיחשבו שאתה חשוב וקיבלת קידום,אילה,1,0,0.0,0
2026,Proportion,"שיעור, מדידה",יש לי שיעור באיך למדוד פרופורציה (proportion),אילה,1,0,0.0,0
2027,Prosperity,"צמיחה, שגשוג",פרופסורים צומחים ומשגשגים,אילה,1,0,0.0,0
2028,Prosperous,"משגשג, מצליח","אנחנו (us) בעד (Pro) ג'ק ספרו (spero), הוא אדם משגשג ומצליח",אילה,1,0,0.0,0
2029,Pursue,לרדוף,"הוא גנב לי את הארנק (purse) , והייתי צריך לרדוף אחריו",אילה,1,0,0.0,0
2030,Pursuit,מרדף,אדם במרדף לרוב לא עושה זאת בחליפה (suit) ואם ארנק (purse),אילה,1,0,0.0,0
2031,Quantify,לכמת,נשמע כמו לספור (count),אילה,1,0,0.0,0
2032,Quantity,כמות,"Its not the quantity, its the quality (זה לא האיכות, זאת הכמות)",אילה,1,0,0.0,0
2033,Radically,באופן קיצוני,זרמים רדיקלים הם זרמים קיצוניים,אילה,1,0,0.0,0
2034,Rank,דרגה,רנ&quot;ג (רנ&quot;ק) דרגה בצבא,אילה,1,0,0.0,0
2035,Ray,"קרן, אלומת אור",קרן מביטה בראי (ray) ורואה את אלומות האור סביבה,אילה,1,0,0.0,0
2036,Razor,סכין גילוח,רז צריך סכין גילוח כדי שיראו את העור שלו,אילה,1,0,0.0,0
2037,Reinvigorate,"לרענן, להמריץ מחדש","איך שהגור (gor) אוכל (ate) יכול להציב ראי (rei) לחברה, לרענן את ערכיה ולהמריץ מחדש אנשים לתרום לצער בעלי חיים",אילה,1,0,0.0,0
2038,Remainder,שארית,"אם נזכיר לו שוב ושוב (re) שהדבר המרכזי (main) שחשוב בחילוץ הוא הדלת (door), גם בשארית כוחותיו הוא יצליח להימלט",אילה,1,0,0.0,0
2039,Respective,שייך בהתאמה,אם תכבדו (respect) את איב (ive) תראו איך היא תרגיש שייכת בהתאמה למה שהיא עברה,אילה,1,0,0.0,0
2040,Respectively,בהתאמה,אלי (ely) הוא אדם די סקפטי (spect) צריך להתייחס בהתאמה לכך,אילה,1,0,0.0,0
2041,Restriction,הגבלה,יש לתעלולים (tric) של שון (tion) הגבלה,אילה,1,0,0.0,0
2042,Rough,"קשה, מחוספס",לא לכל כלב שנובח (ראף!) יש באמת אישיות קשה ומחוספסת,אילה,1,0,0.0,0
2043,Spoil,לקלקל,"נשמע כמו פויול, שחקן הגנה תותח שהורס את ההתקפות של היריבים.",דוראל דוד,1,0,0.0,0
2045,Demonstrate,"להדגים, להפגין",דיימון רוצה שייתייחסו אליו כמו שמתייחסים לסטרייטים אז הוא מפגין. דמו- מדגים,אנונימי,1,0,0.0,0
2046,Fragrant ,"מפיץ ריח טוב, נעים, מענג",ההפך מריח של צפרדע (frog),אנונימי,1,0,0.0,0
2047,Rudimentary,"יסודי, בסיסי",רודי (rudi) הולך לבית ספר יסודי (elementary),אילה,1,0,0.0,0
2048,Rudimentary,"יסודי, בסיסי",רודי (rudi) הולך לבית ספר יסודי (elementary),אילה,1,0,0.0,0
2049,Sake,"תועלת, עניין","בשק יש המון תועלת, דברים לעניין",אילה,1,0,0.0,0
2050,Screen,"לסרוק/מסך, צג, וילון/לסנן","כשסורקים משהו, צריך לסנן את הקרינה לפני שיגיע למסך",אילה,1,0,0.0,0
2051,Settle,"לסדר, להתיישב",צריך לשבת (sit) כדי לסדר את עניין ההתיישבות,אילה,1,0,0.0,0
2052,Seek,לבקש/לחפש,במחבואים (hide &amp; seek) יש מישהו שמתחבא ומישהו שצריך לחפש אותו. לבקש ממנו לצאת יכולה להיות טכניקה למצוא אותו,אילה,1,0,0.0,0
2053,Sought,חיפש,כדי לחפש (sought) משהו שאיבדתי צריך לחשוב (thought) לפני זה איפה זה היה בפעם האחרונה,אילה,1,0,0.0,0
2054,Halt,"לעצור, להפסיק, עצירה",נשמע כמו חל&quot;ת(חופשה ללא תשלום) - חלת זה להפסיק/לעצור את העבודה,אוהד,1,0,0.0,0
2055,Hazardous,מסוכן,לאוהבי כדורגל - הזארד הוא חלוץ מסוכן,א.,1,0,0.0,0
2056,Peculiar,"מוזר,מיוחד","הדמות pec מחברים בחווה מוזרה, אבל מיוחדת",ויקטור א.,1,0,0.0,0
2057,Implant,לשתול,מורכב מPLANT (צמח) וIM (אם) - אם תשתול את הצמח הגינה תיהיה יפה,אנונימי,1,0,0.0,0
2058,Orchids,סחלבים,המילה מזכירה את המילה 'אורכידאה' - מלון אורכידיאה מקושט בסחלבים,אנונימי,1,0,0.0,0
2059,Deposit,הפקדה,POSIT מזכיר את המילה POSITIVE - מצב חיובי בבנק נוצר ע&quot;י הפקדה של כסף,אנונימי,1,0,0.0,0
2060,AWARDED,העניק,AWARD - פרס. אוארד העניק פרס ,אנונימי,1,0,0.0,0
2061,CLING,להיצמד,מזכיר את הצליל 'קלינג' - צריך להיצמד עד שישמע קלינג,אנונימי,1,0,0.0,0
2062,RESORT,אתר נופש,מזכיר את המילה restaurant- באתר נופש יש מסעדה טובה,אנונימי,1,0,0.0,0
2063,GRIN,זועם,מר גרין מאוד זועם (גרר גרר),אנונימי,1,0,0.0,0
2064,Severe,חמור,הוא קיבל אותם בסבר פנים חמורות,אילה,1,0,0.0,0
2065,Shift,משמרת/להזיז,בכל משמרת יש להזיז את כפתור הshift במקלדת למקום אחר.,אילה,1,0,0.0,0
2066,Side effect,תופעת לוואי,"התוצאה (effect) של התרופה הזאת היא שאנשים הולכים על הצד, למרות שזה לא היה התכנון המקורי! זוהי רק תופעת לוואי",אילה,1,0,0.0,0
2067,Simplicity,פשטות,בעיר (city) הפשוטה (simple) הזו חיים בפשטות,אילה,1,0,0.0,0
2068,Skyrocket,להאמיר,הטיל (rocket) עלה בהדרגה לשמיים (sky),אילה,1,0,0.0,0
2069,Skyscraper,גורד שחקים,הגורד שחקים הזה עצום! הוא נראה כמו צעיף (scarf) של השמיים (sky),אילה,1,0,0.0,0
2070,Spark,"גיץ, ניצוץ","נשמע כמו נביחה (bark), יש לזה ולגיצים/ניצוצות דברים דומים, הם יכולים להבהיל, הם פתאומיים, לא בהכרח מסוכנים",אילה,1,0,0.0,0
2071,Spirit,"כוונה, רוח הדברים/רוח רפאים, נפש","כשהספרייט מדבר, רוח הדברים שלו נשמעים כמו של מישהו עם נפש אחרת, ממש רוח רפאים!",אילה,1,0,0.0,0
2072,To Evolve ,"לפתח , להתפתח",אבה (ev) הוא תהב להתפתח ולפתח את המוצר שלו,יעל,1,0,0.0,0
2073,Aboard,מחוץ לארץ,"אם אתה לוקח board-סוג של לוח, זה כי אתה יוצא מחוץ איתו",אנונימי,1,0,0.0,0
2074,Acclimate,"להתאקלם,להסתגל","כשיש אקלים חדש, צריך להסתגל אליו, ולהתאקלם בהתאם",Legevolt,1,0,0.0,0
2075,Adversite,לפרסם ,Ad-מודעה site- אתר. לפעמים מפרסמים באתר מודעות.,Legevolt,1,0,0.0,0
2077,Alarming,"מעורר חשש, פחד וכו","Alarm clock-שעון מעורר, כשהוא פועל, זה מפחיד אותי, מעורר לי חשש",Legevolt,1,0,0.0,0
2079,Allotment,"הקצאה, מנה, חלקה","A lot- הרבה, כשאתה מקבל הרבה, אתה צריך להביא גם לעובדים שלך הקצאה, חלקה",Legevolt,1,0,0.0,0
2080,Attest,לאמת,"כשאתה עושה טסט לרכב, אתה בעצם מאמת שהכל תקין כמו שאמור להיות",Legevolt,1,0,0.0,0
2081,Spiritual,רוחני,אתם (u) כולכם (al) שותים ספרייט (spirit) כדי לעלות בדרגה הרוחנית?,אילה,1,0,0.0,0
2082,Stabilize,לייצב,בילי ביקש ממני להישאר (stay) כדי לייצב את האווירה,אילה,1,0,0.0,0
2083,Stable,יציב,הרחוב (st.) הזה יכול (able) להיות יציב,אילה,1,0,0.0,0
2084,Steam,"אד, לאדות",צוות (team) אס S רוצה להשתמש באדים ולאדות את האויבים שלו,אילה,1,0,0.0,0
2085,Straightforward,ישיר,"אדם ישיר אף פעם לא יפנה לצדדים, אלא יילך ישר (straight) קדימה (forward)",אילה,1,0,0.0,0
2086,Stream,"לזרום, נחל, זרם","אדם שהוא מיינסטרים יילך קדימה, עם הזרם ולא יחשוב על מה כדאי לעשות",אילה,1,0,0.0,0
2087,Interject,להכניס בין דברים(למשל להפריע לאדם שמדבר),רק אידיוט(jerk) נכנס לך בתוך(in) הדברים,ויקטור א.,1,0,0.0,0
2088,Faith,אמונה,"נשמע כמו להילחם לתת פייט, אתה נותן פייט בשביל מה שאתה מאמין בו ",יעל,1,0,0.0,0
2089,Fency,"רצון, חשק, מגונדר, מקושט",את רוצה וחושקת בלעשות פאן (fen)? תשובה:cy (כן הספרדים ) אני אוהבת להתגנדר ,יעל,1,0,0.0,0
2090,Flake,"חלקיק, פתית","Flake נשמע כמו פליקס, הוא ריסק לחלקים את הפנים שלך… והוא עוד קורא לזה &quot;פליק&quot;",יעל ק,1,0,0.0,0
2091,Forecast,תחזית,"מזכיר קצת את המילה פוקוס, &quot;צריך להיות בפוקוס על התחזית שלא נתקל בסופה&quot;",יעל ק,1,0,0.0,0
2092,Formation,"מבנה, היווצרות,מערך","נשמע כמו פורמייקה, השתמשנו בפורמייקה במערך המבנה והיווצרותו",יעל ק,1,0,0.0,0
2093,Foresee,"לחזות, לצפות מראש",לחזות זה לראות את העתיד for see לראות לfor away לראות למרחוק לראות תעתיד,יעל ק,1,0,0.0,0
2094,Former,"קודם, לשעבר, ראשון (מבין השניים)",יש לו פור(for) ממשהו ,יעל ק,1,0,0.0,0
2095,Formulation,"ניסוח, יצירה באמצעות נוסחה",נשמע כמו פורמולה שזה ניסוח ,יעל ק,1,0,0.0,0
2096,Foundation,יסוד/יסודות,מצאנו (found) תאריך(date) לבניית יסודות בבית החדש,יעל ק,1,0,0.0,0
2097,Frame,מסגרת,"תזוז לי מהפריים, תזוז לי המסגרת של המצלמה ",יעל ק,1,0,0.0,0
2098,Frequency,תדירות,יש במקום שאני לומדת בו אנגלית פריקים בתדירות גבוהה,יעל ק,1,0,0.0,0
2099,Upheaval,"מהפך, תהפוכות, סערה",הייתה סערה בעקבות המהפך של הרשע (evil) בו הוא עלה (up) לשלטון,רובי,1,0,0.0,0
2100,Rapid,מהיר,מהיר רפיד נשמע דומה ל- יאיר לפיד,אלחנן,1,0,0.0,0
2101,Led to,הוביל ל,במקום חשוך נורת לד מובילה אותך לדרך הנכונה,אלחנן,1,0,0.0,0
2102,Strike,"הכה, התקיף/שביתה",הוא הכה את כל הפינים של הבאולינג ועשה סטרייק ממש לפני השביתה של כל אולמות הבאולינג,אילה,1,0,0.0,0
2103,Structure,"מבנה, לבנות",הטרקטור (tructure) עוזר לבנות את המבנה,אילה,1,0,0.0,0
2104,Stumble,למעוד,איך הצלחת למעוד כמו איזה טמבל? (tumble),אילה,1,0,0.0,0
2105,Tendency,נטיה,יש 10 (ten) רקדנים (denc) שנוטים לכיוון מסויים בריקוד שלהם,אילה,1,0,0.0,0
2106,Surface,פני השטח,"תסור (sur) עם הפנים (face) שלך מהשטח שלי, או שאקבור אותך ולא תהיה מעל פני השטח",אילה,1,0,0.0,0
2107,Sufficient,מספיק,סופי (suffi) עישנת (icient) מספיק,אילה,1,0,0.0,0
2108,Substitute,תחליף,"זה סבבה לעשות טיטוא, זה יכול להוות תחליף לשטיפת הרצפה",אילה,1,0,0.0,0
2109,Relapse,הישנות,"Lapse , כמו &quot;לופ&quot;, קורה בלופים, הישנות.",אנונימי,1,0,0.0,0
2110,Ferment,תסיסה,Fer - להפר Ment - מנטוס המנטוס מפר את האיזון של הקולה ויתור תסיסה של הגזים.,ארי,1,0,0.0,0
2111,Fertile,פורה ,Fertile - פרי טיל הפרי הזה הוא כל כך פורה הוא פרי טיל,ארי,1,0,0.0,0
2112,Fetus,עובר ,Fet - משמין Us - אותנו העובר משמין אותנו,ארי,1,0,0.0,0
2113,Retrieve,להשיב,"הכלב שלי, גולדן רטריבר (retrieve), תמיד משיב לי את הכדור",אביה,1,0,0.0,0
2114,Opaque,אטום,הופה קיו מה אתה כזה אטום,Implicitman,1,0,0.0,0
2115,Reverence,"הערצה,הערכה,יראת כבוד",Rev - רב er - עיר ence - נס רב עיר שעשה נס לבני עירו סוכה להערכה להערצה ויראת כבוד ,ארי ז.,1,0,0.0,0
2116,Dense,צפוף,מזכיר DANCE - רחבת הריקודים צפופה,גל,1,0,0.0,0
2117,Snowered,נודד,SNOW מזכיר שלג - נודד אל השלג,גל,1,0,0.0,0
2118,AJAR,פתוח במקצת,מזכיר JAR - צנצנת - הצנצנת פתוחה במקצת,אנונימי,1,0,0.0,0
2119,Reciting,לדקלם,"מזכיר SITE - אתר, RE - שוב - לדקלם שוב את הדרך הביתה",אנונימי,1,0,0.0,0
2120,Taper,מחודד,מזכיר TOP - הקצה של העיפרון מחודד,אנונימי,1,0,0.0,0
2121,Mourning,"אבל, מתאבל",בבוקר (morning) מתאבלים על זה שצריך לקום מוקדם,אביה,1,0,0.0,0
2122,Arrest,"מעצר, לעצור","Arrest מזכיר את הפיוט אֲרֶשֶׁת שְׂפָתֵינוּ, שבו אומרים אֲרֶשֶׁת ואז עוצרים ",אלחנן,1,0,0.0,0
2123,Baker,אופה,ברחוב בייקר נמצא תמיד ווטסון שהוא רופא וזה נשמע כמו אופה,אלחנן,1,0,0.0,0
2124,Bear,"דב, לסבול/ לשאת",קשה לסבול/לשאת חיבוק דב,אלחנן,1,0,0.0,0
2125,Terminate,"לסיים, לחסל","את הטיול שלי, שהתחיל בטרמינל, סיימתי בחיסול כל האוכל שלי (ate)",אילה,1,0,0.0,0
2126,Terrain,שטח,יש גשם (rain) על כל השטח של טרה (terra),אילה,1,0,0.0,0
2127,Tolerance,סובלנות,צריל להיות סובלנים גם לאנשים גבוהים ממך ולאנסים,אילה,1,0,0.0,0
2128,Tolerate,לסבול,"אם אתה מרשה למישהו להשתמש בשרותים (toilet) שלך, תצטרך לסבול בשקט עם הריח אחכ ",אילה,1,0,0.0,0
2129,Ultimate,"מוחלט, סופי","הדבר האולטימטיבי הוא גם מוחלט, סופי",אילה,1,0,0.0,0
2130,Unbearable,בלתי נסבל,"הדב (bear) לא (un) יכול (able) להפסיק לנהום, זה פשוט בלתי נסבל!",אילה,1,0,0.0,0
2131,Uncountable,אינספור,"אי (un) אפשר (able) לספור (count), כי זה פשוט אינספור!",אילה,1,0,0.0,0
2132,Undergo,"לעבור, להתנסות, לחוות",אני רוצה להתנסות בלעבור מתחת (under) ולחוות דברים שבהם פשוט הולכים (go),אילה,1,0,0.0,0
2133,Vain,שחצן/לשווא,"שחצן חושב שהוא הכי טוב ואין (vain) עוד מלבדו, כל ניסיון לשכנע אותו הוא לשווא",אילה,1,0,0.0,0
2134,Wisdom,"חכמה, בינה",מלשון wise,אילה,1,0,0.0,0
2135,Gap,פער,Gap הייתה יקרה בפער משאר החנויות ולכל הם לא הצליחו בארץ ועזבו,יעל ק,1,0,0.0,0
2136,Generation,"דור, ייצור","נשמע כמו ג'אנר , הדור הזה יוצרים כל מיני ג'אנרים במוזיקה שלא היו בעבר ",יעל ק,1,0,0.0,0
2137,Goal,מטרה,"נשמע כמו גול, המטרה של השחקנים כדורגל היא לעשות גול",יעל ק,1,0,0.0,0
2138,Grab,"לתפוס , לאחוז","מזכיר חלק מהמעלה זבל באנגלית, תתפוס את הזבל חזק כדי שלא יפתח והכל ישפך",יעל ק,1,0,0.0,0
2139,Gravity,"חומרה, רצינות","נשמע כמו גרביטציה, צריך להתייחס לכוח המשיכה ברצינות וחומר אחרת אנחנו יכולים למצוא את עצמינו בבית חולים או בקבר",יעל ק,1,0,0.0,0
2140,Greed,"חמדן , תאוות בצע",Gree נשמע כמו להסכים(agree) חמדן מרשה לעצמו מותרות ודברים אסורים ,יעל ק,1,0,0.0,0
2141,Habitual,רגיל,הביט(habit) על הכל (al)שום דבר לא השתנה הכל רגיל,יעל ק,1,0,0.0,0
2142,Handful,"קומץ, חופן",מה שמתחילים למלה ביד זה קמצוץ/חופן,יעל ק,1,0,0.0,0
2143,Hatred,"שנאה, איבה","נשמע כמו הטרדה אם נוסיף בסוף המילה a, המוטרדת יש בה המון שנאה ואיבה למטריד",יעל ק,1,0,0.0,0
2144,Hazared,סיכון,מי שיהודי ומגיע לעזה הוא לוקח המון סיכון לחייו,יעל ק,1,0,0.0,0
2145,Headline,כותברת,ראשית השורות הדבר הראשי של השורות במחברת זה כותרת,יעל ק,1,0,0.0,0
2146,Cell,תא,"הכלא = cell, מורכב מהרבה תאים",אלחנן,1,0,0.0,0
2147,Recession,מיתון,ההתחלה מזכירה rise אורז הוא מאכל די זול או להקביל לפתיתים (אורז בן גוריון) שאכלו בתקופות של מיתון.,עופר,1,0,0.0,0
2148,Residue,שארית,"נשמע כמו yes I do, תיקח אותי לשארית חייך?",אריאל,1,0,0.0,0
2149,Preface,"הקדמה, מבוא","לפני שאתה פוגש אותה פנים מול פנים, אני אתן לך הקדמה עליה",אריאל,1,0,0.0,0
2150,Extinct,נכחד,מורכב מ- איקס ואינסטינקט. כלומר חיה שאין לה אינסטינקטים היא נכחדת,אלחנן,1,0,0.0,0
2151,Target,מטרה,"Get = לקבל, tar = טרה (החברה). משהו שאתה מקבל מהחברה טרה זה בעצם: מ-טרה :)",אלחנן,1,0,0.0,0
2152,Joulousy,קנאה,"נשמע כמו ג'ל, יש לה ג'ל לשיער ממש טוב, אני מקנאה בה ",יעל ק,1,0,0.0,0
2153,Justification,הצדקה,ג'סטין (justi) הצדיקו אותו על שימושו בסמים כי הוא מפורסם,יעל ק,1,0,0.0,0
2154,Idol,אליל,אני בובה (idol) אני הבובה של האליל שלי הוא מזיז אותי לאן שבא לו,יעל ק,1,0,0.0,0
2155,Imagainary,דמיוני,"הגזע הארי(ary) זה פרי דמיונם של הנאצים , imagain זה לדמיין",יעל ק,1,0,0.0,0
2156,Indostry,תעשייה,הוא מנסה(try) לפתח תעשייה עם הרבה מהנדסים (indus),יעל ק,1,0,0.0,0
2157,Infection,"דלקת, זיהום",נשמע כמו אינפקציה,יעל ק,1,0,0.0,0
2158,To infect,להדביק(במחלה),אינפקציה זה דבר שעלול לדבק, יעל ק,1,0,0.0,0
2159,Inspection,"בדיקה , פיקוח","נשמע כמו הקספקטרום, אנשים על הרצף צריכים פיקוח ובשירות תקופתיות",יעל ק,1,0,0.0,0
2160,Instant,"מיידי, רגע","מזכיר את המילה אינסטינקט, אם מישהו מבהיל אותי אני מייד צורחת זה אינסטינקט",יעל ק,1,0,0.0,0
2161,Instance,דוגמה,"בתוך (in) פארק הירקון יש הרבה חיות, לדוגמה תנים (tan) ",יעל,1,0,0.0,0
2162,Institute,מוסד . מכון,המוסד הזה החיים תותים (tut) עם נסטי (nsti) ,יעל,1,0,0.0,0
2163,Scattar,"פיזר,התפזר","Scattar - (נשמע כמו סקטים) הוא נסע בסקטים שלו והוא התהפך, וכל הדברים שלו התפזרו לכל עבר.",ארי ז.,1,0,0.0,0
2164,Spread,"התפשטות,הפיץ ",Spread - (נשמע כמו ספרד) האימפריה הספרדית החלה להתפשט ולכבוש את יבשת אמריקה והיא החלה להפיץ מחלות בקרב הילידים המקומיים,ארי ז.,1,0,0.0,0
2165,Junction,צומת,"Junc - (זבל) tion - (נשמע כמו שן) נהג המשאית נכנס לצומת ועשה תאונת דרכים קשה, אפילו הוא נפצע ושבר את השן שלו.",ארי ז.,1,0,0.0,0
2166,Heroic,הרואי,Hero - (גיבור) בכדי להיות גיבור אתה צריך לעשות מעשה הרואי.,ארי ז.,1,0,0.0,0
2167,Deserve,מגיע (לו),De(תחילית של שלילה).אל תסרב(serve) זה מגיע לו ,דוד.ב,1,0,0.0,0
2168,Square,כיכר,Times square(כיכר טיימס) הכיכר המפורסמת בניו יורק,דוד.ב,1,0,0.0,0
2169,Officiate,"לכהן,לערוך",יופי שאת(officiate) הולכת לכהן בלערוך את האירוע החשוב.,דוד.ב,1,0,0.0,0
2170,Corpse,"גוויה, גופה","קור=קר, קר בתוך חדר הגופות",נועה,1,0,0.0,0
2171,EAVESDROP,להאזין בסתר,איב יורד (DROP) למרתף הבית כדי להאזין בסתר לדיבורי הוריו,נועה,1,0,0.0,0
2172,Magnificent,מפואר,נשמע כמו מגניב(magni) מגניב כמה שהסנט(cent) הזה נראה מפואר ,יעל ,1,0,0.0,0
2173,Horizon,אופק,Hor- נשמע כמו אור Rizon נשמע כמו ראשון --&gt; מסתכלים אל האופק באור ראשון,דן,1,0,0.0,0
2174,Haunted,רדוף רוחות,Hunt- לצוד. נשמע כמו לצוד את Ted,דן,1,0,0.0,0
2175,Pressure,לחוץ,Press- לחץ Sure- בטוח -&gt; בטוח לחוץ,דן,1,0,0.0,0
2177,Particle,חלקיק,נשמע כמו חלק (part) קל (cl) שזה בעצם חלקיק,יעל ,1,0,0.0,0
2178,Consistent,עקבי,"נשמע כמו can, ומערכת, שיטה (system)- מזכיר &quot;המערכת יכולה להתקיים באופן *עקבי*&quot;",נטע,1,0,0.0,0
2179,Disobey,"להפר, לא לציית","Dis=מילת ניגוד + obey= לציית, לחלופין, נשמע כמו This obey, כלומר אם אתה לא מציית זה אוי ואבוי (אוביי)",נטע,1,0,0.0,0
2180,Foreign,"חוץ/ זר, נוכרי","נשמע כמו for+in, ההפך מבפנים זה חוץ, ואדם שהוא זר ונכרי הוא מחוץ לכלל",נטע,1,0,0.0,0
2181,Impress,להרשים,"מזכיר את המילה לחץ (pressure), אני (im) לחוץ כי אני רוצה להרשים",נטע,1,0,0.0,0
2182,Intruction,"הדרכה, הנחיה, הוראה",כפי שנאמר בשיר של דמי לובאטו - עקבו אחרי הintruction הפשוטה שלה כדי לרקוד כמוה.,נטע ,1,0,0.0,0
2183,Material,"חומר, חומרני",לפי השיר של מדונה שמעידה על עצמה שהיא Material girl (נערה חומרנית) ושאנחנו חיים בMaterial world (עולם חומרני),נטע,1,0,0.0,0
2184,Reserve,"עתודה, מילואים",נשמע כמו רזרבה,אנונימי,1,0,0.0,0
2185,Ridicule,ללעוג,"מזכיר את הלחש ridiculous בהארי פוטר, שהופך מושא לפחד למושא ללעג",אנונימי,1,0,0.0,0
2186,Unfortunately,לצערי,"Un-לא', for- עבור(ך), tuna- דג טונה -&gt; לצערי הטונה לא עבורך",דן,1,0,0.0,0
2187,Cadence,קצב,Dance - בריקוד יש קצב,אופיר,1,0,0.0,0
2188,Blunt,בוטה,מזכיר blue -כחול - הדרדס הכחול זעפני מדבר בשפה בוטה,Gal,1,0,0.0,0
2189,Allegedly ,לכאורה,(Legal - חוקי) השימוש בעלים לכאורה חוקי,Gal,1,0,0.0,0
2190,Disrupt,"להפריע, לשבש ","Dis תחילית של שלילה. Rupt כמו ראפ. אני מפריעה למישהו בראפ, משבשת לו את הראפ.",עופר,1,0,0.0,0
2191,Allegedly,"לכאורה, כביכול",כמו legend (אגדה) - אגדה זה משהו כביכול,אלעד,1,0,0.0,0
2192,Falter,"היסס, התנדנד, גמגם",בקפיצת בנג'י אני מהסס לפני הנפילה (fall),אלעד,1,0,0.0,0
2193,Frugal,חסכני,מי שרוצה לחסוך אוכל צפרדע (frog),אלעד,1,0,0.0,0
2194,Linger,להתמהמה להשתהות,"Do you have to, do you have to, do you have to let it linger? השיר",עילי אברס,1,0,0.0,0
2195,Conception,"תפיסה, קונספציה",ללמוד את המילה קונספציה בעברית יותר קל,אלעד,1,0,0.0,0
2196,Span,"השתרע, התפרש",מאלגברה לינארית span זו קבוצה פורשת,אלעד,1,0,0.0,0
2197,Tribe,שבט,Ribe -&gt; רבים -&gt; שבט,אלעד,1,0,0.0,0
2198,Vein,וריד,לפעמים האחות רוצה לעשות זריקה ו(v) אין(ein) וריד,Hedva natan,1,0,0.0,0
2199,Incite,להסית,בתוך(in) האתרי אינטרנט(Website) יכול להיות מידע רגיש שיגרום להסתת הציבור,Asaf,1,0,0.0,0
2200,Diverge,לסטות,Di זה ניגוד. וverge מזכיר Virgin אז הוא כבר לא בתול - סוטה.,Maayan,1,0,0.0,0
2201,Amid,בקרב,משהו &quot;עמיד&quot; זה דבר שנשאר חזק בקרב כל סכנה ,אנונימי,1,0,0.0,0
2202,Elect,לבחור,"אלקטורים, כמו בבחירות הארצות הברית",אריאל,1,0,0.0,0
2203,Previously,הקודם,בתחילת כל פרק בסדרה אומרים בפרקים הקודמים (&quot;previously in &quot;teen Wolfe,תום,1,0,0.0,0
2204,Posterity,הדורות הבאים," נשמע כמו שילוב של המילים אחרי (post) ו-מורשת (hertiage)= צריך שהדורות שאחרינו, יזכרו את המורשת",נטע:),1,0,0.0,0
2205,Assess,להעריך,שאני רואה הרבה תחתים. אני מעריך.,Malice,1,0,0.0,0
2207,Interrogate,חקר/ תחקור,"מתחיל בint כמו אינטיליגנט, חכמים עושים חקר ",מריאל ,1,0,0.0,0
2208,Audacity,"העזה, חוצפה",איך הוא שם כזה אודיו חזק... איך הוא מעז! חוצפן!,LegeVolt ,1,0,0.0,0
2209,Occupy,"להעסיק, לאכלס",אוקיי קיופיד (נשמע דומה) מעסיק אנשים ואז דואג לאכלס את העולם,אליה,1,0,0.0,0
2210,Primarily,בעיקר,"בפריימריז של הליכוד, נמצאים בעיקר (primarily) תומכי הימין.",אוראל כהן,1,0,0.0,0
2211,Permanently,קבוע,"בניגוד לכל אישה, לכל(per) גבר(men) אין מחזור קבוע(permanently)",אוראל כהן,1,0,0.0,0
2212,Owing to,הודות ל...,"Owing=(חייב), &quot;תודה לכל מי שתמך בי, אבל אני חייב(owing) להגיד ש owing to(הודות ל) ההורים שלי, כל זה קרה&quot;",אוראל כהן,1,0,0.0,0
2213,Contrary,בניגוד ל / הפוך מ,"נשמע כמו &quot;קונטרה&quot;, לתת תמיכה מהצד ההפוך",אוראל כהן,1,0,0.0,0
2214,Likewise,באותה דרך / כמו כן,Like (כמו) wise נשמע כמו waze - דרכים,אוראל כהן,1,0,0.0,0
2215,Initially,בהתחלה,Initially - נשמע כמו &quot;אנישלי&quot; - בהתחלה של החיים שלי אני של ההורים שלי אבל אחר כך אני שלי.,אוראל כהן,1,0,0.0,0
2216,Stronghold,מאחז,Strong + hold תחזיק חזק את המאחז!,אוראל כהן,1,0,0.0,0
2217,APTITUDE,"נטייה, כישרון , חריצות","מי שמפתח APPS , הוא בנאדם כשרוני.",L,1,0,0.0,0
2218,Put in,להכניס,פוטין (נשיא רוסיה) מכניס לאוייבים שלו,יוסי,1,0,0.0,0
2219,Relic,"שארית, שריד",אחרי לקים (Lec) חוזרים (Re) רק המקל נשאר/ שרד,נתנאל,1,0,0.0,0
2220,Nutrition,תזונה,Nitrates זה מזין(לדוגמא מים Nitrates זה מים מזינים)אז nutrition זה תזונה ,Nitzan dayyan,1,0,0.0,0
2221,Civil,אדיב,"נשמע כמו devil, שטן- השטן בכלל לא אדיב",שוהם,1,0,0.0,0
2222,Nuclear,גרעיני,נשק גרעיני הורס הכל ומשאיר אחריו אתהשטח נקי (clear) משורדים,עופר,1,0,0.0,0
2223,Evaluate,"להעריך, לאמוד",E(היא) valu(ערך) ate(את) - היא מעריכה את....,אוראל כהן,1,0,0.0,0
2224,Evade,התחמק,"החשודה אבדה ( נשמע כמו evada ) למשטרה, כלומר היא הצליחה להתחמק",הדר,1,0,0.0,0
2225,Unvail,"לחשוף, לגלות","Un זה לא וvail נשמע כמו וילון אז אין וילון, כלומר להוריד את הווילון ולחשוף.",רפי,1,0,0.0,0
2226,Gear,ציוד,הגיר הוא הציוד של המורה,Asaf safäjew,1,0,0.0,0
2227,Unearth,לחשוף,אן וארז רצו לחשוף מה יש מתחת לאדמה,Asaf safäjew,1,0,0.0,0
2228,Unveil,"לחשוף, לגלות","(Un) זה לא ו(veil) נשמע כמו וילון, כלומר לא וילוןן זה להוריד את הווילון וכך לחשוף ולגלות",רפי,1,0,0.0,0
2229,Allocate ,"להקצות, להקציב ","Allocate- דומה לCat, חתול. צריך להקצות עוד תקציב לחתולי הרחוב",גל,1,0,0.0,0
2230,Capital ,"הון, בירה ",הנשיא טראמפ ישב ב Capital. לנשיא טראמפ יש הון גדול מאוד. ,גל,1,0,0.0,0
2231,Subject ,"למסור, להעביר בעלות. ","Sub-ject, דומה לג׳קט, צריך להעביר את הג׳קט חזרה לחבר שלי. להחזיר לו את הבעלות על הג׳קט ",גל,1,0,0.0,0
2232,Isolate,לְבוּדֵד,Salt - מלח ; צריך *לבודד* את המלח מהשמרים כדי שהבצק יוכל לטפוח.,ידידיה,1,0,0.0,0
2233,Prosper,לשגשג,אם אתה בעד (pro) לשים בצד כסף ספייר (sper). אתה תרוויח כסף ותשגשג.,עדי,1,0,0.0,0
2234,Partial,חלקי,במילה שומעים (PART=חלק) ,תום יאיר,1,0,0.0,0
2235,Punctuate,הדגשה,אתן מכה חזקה וכך תהיה הדגשה לאגרוף שאכלת (the punc(h) you ate).,מתן,1,0,0.0,0
2236,Mosquito,יתוש,"המילה מזכירה יין מוסקטו שזה יין מתוק, ויתוש נמשכים למה שמתוק..",נטע(:,1,0,0.0,0
2237,Eminent,"בכיר, בולט","Eminent דומה לEminem הראפר, אמינם הוא אמן בולט ובכיר בסצנת הראפ העולמית. ",גל,1,0,0.0,0
2238,Mortal,קטלני,השילוב בין מור לטל הוא שילוב קטלני,עדן לוי,1,0,0.0,0
2239,Era,עידן,בעידן של היום בחורים שולחים לבחורות &quot;ערה?&quot;,עדן לוי,1,0,0.0,0
2240,Possess,"להיות בעלים של, להחזיק ב-","מי שמחזיק, בעלים של הרבה דברים, יכול לעשות פוזות על אחרים",עדן לוי ,1,0,0.0,0
2241,Provide,"לספק, לפרנס",אבא צריך לספק כסף כדי לפרנס את המשפחה,עדן לוי ,1,0,0.0,0
2242,Refuse,"לסרב, אשפה, זבל",אל תסרב להוריד את הזבל,עדן לוי ,1,0,0.0,0
2243,Draft,"גיוס, משיכה, רוח פרצים",בDRAFT בNBA כל השחקנים הטובים מגוייסים ומקבלים דירוג לפי המשיכה של השופטים לכישרונותיהם,נתנאל,1,0,0.0,0
2244,Tutor,"מורה פרטי, חונך, להדריך",מורה פרטי/חונך מדריך ללכת לטור (to tor),נטע:),1,0,0.0,0
2245,Retreat,"לסגת, נסיגה",צריך לסגת כדי לטפל (treat) בפצועים,דניאל,1,0,0.0,0
2246,Levity ,"קלות ראש, חוסר רצינות ","Lev, כשמתאהבים הופכים לקלי ראש ",Einavi,1,0,0.0,0
2247,Abstain,"להתנזר, להימנע ממשהו",Abs - ערך מוחלט - הופך שלילי לחיובי. ain - אין. הנזיר הופך את זה שאין לו דברים למשהו שמבחינתו הוא חיובי.,ידידיה,1,0,0.0,0
2248,Syndrome ,תסמונת ,בדרום סין מתפתחת תסמונת,אליה,1,0,0.0,0
2249,Disolate,"הרוס, שומם, נטוש",הגענו מאוחר מדי (LATE) להציל את המקום של הדיסקו ועכשיו הוא הרוס ונטוש,עידן,1,0,0.0,0
2250,Display,להציג,אני צריך להציג את המשחק הזה,עידן,1,0,0.0,0
2251,Ban,איסור,Ban זה גם לחמנייה - *אסור* לאכול יותר מידי לחמניות כי זה עלול להיות לא בריא. ,אנונמינית ,1,0,0.0,0
2252,Innocent,"חף מפשע,תמים","אין לו(no)אפילו סנט(cent), תעזבו אותו הוא חף מפשע!",בר,1,0,0.0,0
2253,Illustrator,מאייר,"אילו (illu) הייתי מאייר טוב, הייתי מצייר בקווים ישרים (strat נשמע כמו Straight).",עדי,1,0,0.0,0
2254,Indulgence,"סיפוק, התמכרות, פייסנות",In-dul-gence: אני מכורה לקניית בובות ג'ינס והקנייה מספקת אותי.,ימית,1,0,0.0,0
2255,Infitrate,להסתנן,אינפי (תחום במתמטיקה) זה הטריט שלי (הכיף שלי) אז אני מסתננת לשיעור הזה,אליה,1,0,0.0,0
2256,Announcement,הכרזה,החלק הראשון (anno) נשמע כמו אנו -&quot;אנו מכריזים בזאת על הקמת מדינת ישראל) פירוש המילה הוא הכרזה,תום יאיר ,1,0,0.0,0
2257,Descend,"התרדר ,ירד",Scend נשמע גם כמו second(שני) התרדר ממקום ראשון לשני,תום יאיר,1,0,0.0,0
2258,While,כל עוד,"וואי לי! כל עוד ההורים שלי חיוביים לקורונה, לא אוכל להיפגש עימם.",אילה,1,0,0.0,0
2259,As if,כאילו,"אם אין לי אסים, אני fake את זה, אעשה כאילו יש לי!",אילה,1,0,0.0,0
2260,Ordinarily,בדרך כלל,אני בדרך כלל חברהשל דינה(dina) או (or) ריילי (rily),אילה,1,0,0.0,0
2261,Permanently,קבוע,הממשלה היא לא דבר קבוע! אולי כדאי להקים כבר פרלמנט במקומה וזהו,אילה,1,0,0.0,0
2262,Regularly,באופן קבוע,אני אדם רגיל (regular) ויש לי את הדברים הרגילים שקורים לי כל יום,אילה,1,0,0.0,0
2263,Seldom,לעיתים רחוקות,"אני מוכר דברים בעיצוב מיוחד, (sell) דברים דומים (dom) נמכרים רק לעיתים רחוקות! ",אילה,1,0,0.0,0
2264,Consequently,כתוצאה מכך,קון ציקצק לי וכתוצאה מכך הואשם בהטרדה מינית,אילה,1,0,0.0,0
2265,Thus,"לכן, כך ש-","אתה צדיק, לכן אומרים עלייך שאתה דוס כך שיוצא ששמך הולך לפנייך",אילה,1,0,0.0,0
2266,For,מפני ש-,למה הייתי צריכה לחכות לך 4 (four) שעות? מכיוון שהלכתי לאיבוד...,אילה,1,0,0.0,0
2267,So,"אז, כך ש-, ולכן",אני רוצה להצטיין *so* אני משקיעה מאוד,אילה,1,0,0.0,0
2268,Besides,בכל מקרה,זה לא משנה באיזה צד (side) תבחר להיות (be) אנחנו נהיה איתך בכל מקרה,אילה,1,0,0.0,0
2269,Overall,"כולל, באופן כללי",בכולל באופן כללי לא שמים אוברולים,אילה,1,0,0.0,0
2270,Being that,מכיוון ש-,אני רוצה להיות (being) הדבר הזה (that) מכיוון שזה מגניב רצח,אילה,1,0,0.0,0
2271,Due to,"לאור, בגלל",הוא עושה (do) זאת בגללכם ולאור העובדה שאתם ביריונים,אילה,1,0,0.0,0
2272,Conversely,לעומת זאת,"הקונגרס היה לי ממש חשוב, לעומת זאת אתה בכלל לא מתעניין בזה!",אילה,1,0,0.0,0
2274,Adjacent to,ליד,אנחנו ממש ליד! תוסיף (add) לו סנט (cent) והוא יסיע אותך ליעד עצמו,אילה,1,0,0.0,0
2275,Alongside,"במקביל, לצד",במקבילית ישנם 2 קווים מקבילים ארוכים ולצידם 2 קצרים.,אילה,1,0,0.0,0
2276,Among,"בין, בקרב",אתה נמצא בין המון אנשים! איך אבחין בך?,אילה,1,0,0.0,0
2277,Latter,"שני, אחרון","נשמע כמו סולם (ladder), מי שרץ עם סולם יגיע שני עם לא אחרון",אילה,1,0,0.0,0
2278,Opposite,"מנוגד, ממול","יו&quot;ר האופוזיציה עומד ממש ממול שר הביטחון, למרות שהוא מנוגד לו בדעותיו",אילה,1,0,0.0,0
2279,Further,לקדם,לא מוכרים שמה (there) פרווה (fur) כדי לקדם את זכויות בע&quot;ח,אילה,1,0,0.0,0
2280,As,"כאשר, כש-","זה קרה אז, כשהייתי קטן ממש",אילה,1,0,0.0,0
2281,At last,סוף סוף,"הגעת ב(at)סוף, ממש אחרון! (last) סוף סוף!",אילה,1,0,0.0,0
2282,By,"עד, לא יאוחר מ-",אפשר לקנות (buy) את השמלה הזאת עד מחר ולא יאוחר מ12 בלילה,אילה,1,0,0.0,0
2283,Shortly,"בקיצור, בקירוב","דבר בקיצור, יש לי (ly) זמן מאוד קצר (short), דקה בקירוב",אילה,1,0,0.0,0
2284,When,"מתי, כאשר/כש-",מתי אתה חוזר הביתה? כשתפסיק לחפור!,אילה,1,0,0.0,0
2285,Even so,אף על פי כן,אי אפשר להשוות בין האות s לאות o ואף על פי כן חשבת לעשות זאת? איזו תעוזה!,אילה,1,0,0.0,0
2286,Moreover,זאת ועוד,מור הזאת היא מביאה עוד אנשים שוב (over),אילה,1,0,0.0,0
2287,In the same way,באותו אופן,"הוא הולך באותה (same) דרך (way), רק על חד אופן",אילה,1,0,0.0,0
2288,Correspondingly,בהתאמה,"השבתם (respond) לי (ly) ביחד (co), ממש בהתאמה מושלמת",אילה,1,0,0.0,0
2289,Comparatively,באופן יחסי,אם תבוא (come) כפר (village) אנחנו נהיה פיירים (pare) לגבייך באופן יחסי למה שעשית,אילה,1,0,0.0,0
2290,Namely,"כלומר, במיוחד","כשאני אומר &quot;כלומר&quot; אני רוצה שתפרט הכל לפרטי פרטים, במיוחד שמות (name)",אילה,1,0,0.0,0
2291,Essentially,"בעיקרו, במהותו",הסנט שלי הוא בעיקרו בצבע זהב,אילה,1,0,0.0,0
2292,Actual,ממשי,"משהו שהוא אקטואלי, קורה עכשיו באופן ממשי",אילה,1,0,0.0,0
2293,Adjust,"להתרגל, לכוונן","כדי לכוונן את עצמך למקום טוב, צריך להוסיף (add) רק (just) משהו אחד כל יום",אילה,1,0,0.0,0
2294,Alternate,"התחלף, עבר מדבר אחד לשני וחזרה","יש שני אלטרנטיבות, אפשר לעבור מאחד לשני ובחזרה, או להחליף ביניהן כל פעם",אילה,1,0,0.0,0
2295,Altogether,לגמרי,כולם (all) ביחד (together) זה לגמרי מספיק לנשיאת המשא,אילה,1,0,0.0,0
2296,Ambiguous,"דו משמעי, לא לגמרי ברור","אמממ זה גדול (big) או אתם (U), זה לא לגמרי ברור לי העניין",אילה,1,0,0.0,0
2297,Apart,בנפרד,"אפשר לכתוב את המילה הזאת, כמו כל חלק בנפרד A part",אילה,1,0,0.0,0
2298,Association,איגוד,הלוואי שהיה איגוד שהיה מארגן את כל האסוציאציות יחד,אילה,1,0,0.0,0
2299,As far as,"לגבי, בכל הנוגע ל-",הלכת רחוק מאוד בכל הנוגע לגבי,אילה,1,0,0.0,0
2300,Articulate,להביע,הארטיק הזה אמור להביע שאתה מאחר!,אילה,1,0,0.0,0
2301,Inhibition,"עכבה, מעצור נפשי","In- hi- bition (היא ביישנית, דבר שמהווה לה עכבה ומעצור נפשי).",ימית,1,0,0.0,0
2302,Enormous,עצום,המילה מסתיימת בmous מזכיר mouse-עכבר. עכבר הוא ההפך מעצום,אוראל כהן,1,0,0.0,0
2303,Bear,"לסבול, לשאת",רק אנשים חזקים כדובים יכולים לסבול כל כך הרבה ולשאת את הסבל,אילה,1,0,0.0,0
2304,Careless,"לא זהיר, רשלני","בגלל שפחות (less) אכפת (care) לך, אתה נהיה לא זהיר ורשלני!",אילה,1,0,0.0,0
2305,Careless,"לא זהיר, רשלני","בגלל שפחות (less) אכפת (care) לך, אתה נהיה לא זהיר ורשלני!",אילה,1,0,0.0,0
2318,Chance,סיכוי,אין שום סיכוי שאני שר את שירי mama mia ובמיוחד Take a chance on me,אילה,1,0,0.0,0
2319,Complete,"להשלים, כולל","הוא לא צריך להשלים את הסדרה, יש לו הכל כולל האחרון!",אילה,1,0,0.0,0
2320,Consist,מורכב,"המילה הזאת מורכבת מ - 2, קונוס (cons) ואחות (sister)",אילה,1,0,0.0,0
2321,Continuity,"המשכיות, רצף הגיוני",אאשר להמשיך (continue) את הסרט של איטי (ity) רק אם יהיה לו רצף הגיוני,אילה,1,0,0.0,0
2322,Continuous,מתמשך,"אתה ממשיך (continue) איתנו (us) גם לסמסטר הבא, זה קורס שמתמשך למשך שנה",אילה,1,0,0.0,0
2323,Control,"לוח בקרה, פיקוח","יש לי שליטה (control) על הלוח בקרה, זה כי אני במחלקת הפיקוח",אילה,1,0,0.0,0
2324,Country,"כפר, אזור/מדינה",אני גר בcountry (כפר) שנמצא בcountry (אזור) שנמצא בcountry (מדינה),אילה,1,0,0.0,0
2325,Costly,יקר,העלות (cost) הזאת לי (ly) היא מאוד יקרה,אילה,1,0,0.0,0
2326,Naval,ימי,שודדים הם נבלים ימיים,נתנאל,1,0,0.0,0
2327,Deeply,"מאוד, במידה רבה",זה עמוק (deep) לי (ly) מאוד,אילה,1,0,0.0,0
2328,Definite,מוחלט,"יניטה (inite) היא חירשת (deaf) באופן מוחלט, גם מכשירי שמיעה לא יעזרו",אילה,1,0,0.0,0
2329,Due,"צריך להיעשות, זמנו הגיע","אתה צריך לעשות (do) את המטלה, זמנה הגיע",אילה,1,0,0.0,0
2330,Due,"צריך להיעשות, זמנו הגיע/בשל","הוא מוכן לתפקיד (duty), הוא בשל ומוכן וזמנו הגיע ליירש את התפקיד",אילה,1,0,0.0,0
2331,Excessive,"יתר, מוגזם","זה ממש יקר! (expensive) זה פשוט מוגזם, אני לא מוכן לשלם על כל יתר הדברים",אילה,1,0,0.0,0
2332,Front,"חזית, להתעמת","חייל שרוצה להיחשב כגיבור ולהיות ב&quot;פרונט&quot; צריך להיות בחזית, להתעמת עם האויב",אילה,1,0,0.0,0
2333,Hand,למסור,להעביר מיד ליד,אילה,1,0,0.0,0
2334,Impartial,"אוביקטיבי, ללא צד",יעל (ial) לא (im) הייתה בשום חלק (part) של האירוע ולכן היא אובייקטיבית,אילה,1,0,0.0,0
2335,Last,"המשיך, החזיק מעמד","למרות שהאוכל היה מגעיל וקשה ללעיסה, הוא החזיק מעמד ולעס (las) עד הביס האחרון",אילה,1,0,0.0,0
2336,Must,"חייב, חובה, הכרח","כל אדם חייב ללעוס mustיק לפני נשיקה, זאת צריכה להיות חובה בחברה!",אילה,1,0,0.0,0
2337,Over,"מחדש, שוב","אני מרגיש שאני עובר (over) הכל מחדש, שוב ושוב!",אילה,1,0,0.0,0
2338,Plane,מישור,המטוס (airplane) יכול לטוס באוויר (air) רק אחרי שהוא לקח תנופה על מישור,אילה,1,0,0.0,0
2339,Primary,"יסודי, עיקרי",הנישואין (marriage) שלי הניבו פרי (pri) אחרי שחקרתי על אשתי באופן יסודי עם נשאים עיקריים,אילה,1,0,0.0,0
2340,Question,להטיל ספק,"יש לי שאלה, איך אתה מטיל ספק באסוציאציה שלי?",אילה,1,0,0.0,0
2342,Rather,למדי,העכברוש (rat) שלה (her) מפחיד למדי,אילה,1,0,0.0,0
2343,Rest,"יתר, שאר","אני, שלא כמו שאר האנשים צריכה לנוח לפני שאני מחשבת את היתר, אחרת אני לא זוכרת את התרגיל",אילה,1,0,0.0,0
2344,View,לראות,"אתה (ew, נשמע כמו you) צריך לראות V כדי להצליח",אילה,1,0,0.0,0
2345,Valuable,יקר ערך,כל מה שיש לו ערך (value) וקשור לבל (ble) מהיפה והחיה הוא יקר ערך,אילה,1,0,0.0,0
2346,System,מערכת/שיטה,המערכת דופקת אותנו באופן שיטתי,אילה,1,0,0.0,0
2347,Accomplish,"להשלים, להשיג",בוא (come) ותשלים כבר את הפוליש (plish) שהיית צריך לעשות אתמול! אחרת לא תוכל להשיג בונוס,אילה,1,0,0.0,0
2348,Accomplished,"מומחה, מעולה","זה השד (shed) המומחה שלנו, הוא מעולה בלעשות דברים עקום (accom)",אילה,1,0,0.0,0
2349,Accomplishment,הישג,זה לא הישג להבין למה התכוונו (ment נשמע כמו meant) כשאמרו לך קום (com),אילה,1,0,0.0,0
2353,Account,"להתחשב ב-, להתייחס ל-","אי אפשר לא לספור (count) אנשים, צריך להתחשב בכולם ולהתייחס לכולם",אילה,1,0,0.0,0
2371,Adapt,להתאים,"מי שמאמץ (adopt) ילדים, צריך להתאים את הבית שלו פתאום לילדים",אילה ,1,0,0.0,0
2372,Administer,"לתת, לחלק",הוספתי (add) עוד שרים כדי שיהיה אפשר לתת עבודה נוספת לממשלה ולחלק אותה יבן השרים,אילה,1,0,0.0,0
2373,Advance,מתקדם,"כדי להגיע לדרגת מתקדם, צריך להוסיף (add) לשוחד נעלי ואנס (vance)",אילה,1,0,0.0,0
2374,Advancement,התקדמות,האנשים שהראו התקדמות הם אדווה (adva) וסם (cem),אילה,1,0,0.0,0
2375,Advancement,"התקדמות, מקדמה",אדווה (adva) שילמה בזמן על הנייס (nice) גיי את המקדמה. זאת התקדמות משמעותית!,אילה,1,0,0.0,0
2376,Appoint,למנות,אתה מציע למנות את האפליקציה (app) למנהל? זאת נקודה (Point) מעניינת למחשבה,אילה,1,0,0.0,0
2377,Attribute,"לייחס, לקשר/תכונה, מאפיין",את (at) לא יכולה לקשר בין תכונות הריבה (rib) למאפייני היוטה (ute),אילה,1,0,0.0,0
2378,Beware,היזהר,"תיזהר, הולכת להיות (be) מלחמה (war)",אילה,1,0,0.0,0
2379,Capacity,"יכולת, מסוגלות, תפקיד",יש לי יכולת לשים את כל העיר (city) בכובע (cap) מתוקף תפקידי,אילה,1,0,0.0,0
2380,Character,"דמות/מאפיין/אות, תו",לדמות שלי מאפיין שהיא קוראת תווים כמו שכולם קוראים תווים,אילה,1,0,0.0,0
2381,Character,"אות, תו/דמות/מאפיין/אופי",לדמות שלי יש אופי מגניב! אחד מהמאפיינים שלה הוא שהיא יודעת לקרוא תווים כמו אותיות,אילה,1,0,0.0,0
2382,Class,סוג,באיזה סוג כיתה אתה? רגילה או מקדמת?,אילה,1,0,0.0,0
2383,Conclusively,"סופית, באופן החלטי","החלטתי לסגור (clus, כמו close) את הקורס האווילי (ively) של קון סופית!",אילה,1,0,0.0,0
2384,Decline,"ירידה, לרדת","קליין מנסה לרדת מהעץ דקל, אבל הירידה מפחידה!",אילה,1,0,0.0,0
2385,Detour,"מעקף, לעקוף","De - מילת ניגוד, tour - תור. הוא לא עומד בתור הוא עוקף את כולם",דניאל,1,0,0.0,0
2386,Forth,"הלאה, קדימה",צריך להמשיך הלאה בשביל (for) אלו שלא יודעים להגות th,אילה,1,0,0.0,0
2387,Face,"פונה ל-, עם הפנים ל-",אתם פונה לפנים שלך? זה קצת מוזר,אילה,1,0,0.0,0
2388,Distress,מצוקה,"אני בסטרס מלקבל D במבחן, אני ממש במצוקה!",אילה,1,0,0.0,0
2389,Depart,לעזוב,מי שעוזב הוא כבר לא (de) חלק (part) מהקבוצה,אילה,1,0,0.0,0
2393,Deduce,להסיק,הדוק (the dock) מסיק מסקנות על המחלה שלי,אילה,1,0,0.0,0
2394,Decrease,"ירידה, הפחתה", אנחנו רוצים לגרום לירידה ולהפחית (de) את הקריז (crease) שלו,אילה,1,0,0.0,0
2395,Polar,קוטבי,"Pol - ליפול ar - הר, ליפול (זה למטה) והר (למעלה) אלו מילים מנוגדות וקואביות זו לזו",ר,1,0,0.0,0
2396,Deplete,"לרוקן, לדלל",(Dep) נשמע כמו depth- עומק ו(lete) כמו לייט כלומר העומק של הפח דל כי רוקנתי אותו.,רפי,1,0,0.0,0
2397,Habitat,סביבת מגורים,את ההרגל (habit) שלי אני עושה רק ב(at) סביבת מגורים,אילה,1,0,0.0,0
2398,Indication,"אינדיקציה, סימן ל-",יש לי אינדיקציה לכך שנותנים לנו סימן לכל דבר,אילה,1,0,0.0,0
2399,Inhabit,"ליישב, לאכלס",בתוך (in) רשימת ההרגלים (habit) שלי יש גם ליישב ולאכלס אנשים,אילה,1,0,0.0,0
2400,Inhabitants,תושבים,נמלים (ants) אפשר לשים כתושבים בממלכה של הוביט (habit),אילה,1,0,0.0,0
2401,Initiated,"יזם, התחיל, אִתְחֵל","זה ממש &quot;in&quot; לאכול (ate) עם אנשים יוזמים, שמתחילים דברים או שיודעים לאתחל את כדוה&quot;א",אילה,1,0,0.0,0
2402,Legal,"חוקי, משפטי","כדי להפוך משהו ללגלי, צריך לעבור דרך בית המשפט ולהפוך את זה לחוקי",אילה,1,0,0.0,0
2403,Level,"רמה, דרגה, מפלס/לאזן, להשוות","אי אפשר להשוות את הלב של אל לאף אחד אחר, הוא רמה אחת מעל לכולם, בדרגה ומפלס שלם מעל.",אילה,1,0,0.0,0
2404,Likely,סביר,אם יש מישהו שאני מחבבת (like) זה סביר שאני ארצה שהוא יהיה פנוי לי (ly),אילה,1,0,0.0,0
2405,Malfunction,"כשל, ליקוי",מאלפוי גילה הרבה כשלים וליקויים בניסיון (ion) הריגה של דמבלדור,אילה,1,0,0.0,0
2406,Mutually,באופן שווה/הדדי,המוטו שלנו זה לעבוד על דברים באופן הדדים ושווה,אילה,1,0,0.0,0
2407,Occasion,"אירוע, סיבה, הזדמנות","Location - מיקום לעשיית אירוע, Occasion - האירוע עצמו, הסיבה וההזדמנות לעשותו",אילה,1,0,0.0,0
2408,Originate,"התחיל, התהווה",מקור (origin) הרעיון התחיל והתהווה בזמן שאכלנו (ate),אילה,1,0,0.0,0
2409,Perfect,"להשלים, לשפר","כדי להיות מושלם, צריך תמיד לשפר דברים ולהשלים דברים שחסר לנו",אילה,1,0,0.0,0
2410,Possession,"בעלות, חזקה",כמה S יש במילה הזו! יש לה בעלות על אות זו?,אילה,1,0,0.0,0
2411,Precise,מדויק,אנשים לא היו מדוייקים טרם (Pre) המצאת המידות (size),אילה,1,0,0.0,0
2412,Precision,דיוק,לפני (pre) החלטה (decision) צריך דיוק בפרטים,אילה,1,0,0.0,0
2413,Present,מתנה/הווה/להציג,המתנה הכי גדולה שיש בהווה היא להציג לאדם איך הוא נראה בעיני אחרים,אילה,1,0,0.0,0
2414,Prime,"ראשוני, עיקרי, מובחר",ראש הממשלה (prime minister) הוא השר (minister) העיקרי והמובחר מבין כולם,אילה,1,0,0.0,0
2415,Progressive,מתקדם ומתמשך,כל לימודי האנגלית עם הפרסנט פרוגסיו הזה לא מתקדמים לשום מקום ורק מתמשכים כמו שרוך,אילה,1,0,0.0,0
2416,Provide,"לפרנס, לספק",הוא צריך להוכיח (prove) שהוא יכול לספק לי אוכל ולפרנס אותי,אילה,1,0,0.0,0
2417,Rationalize,"להצדיק, להסביר",צריך שיהיה ביסוס של דברים רציונלים כשמנסים להצדיק ולהסביר דברים,אילה,1,0,0.0,0
2418,Recession,מיתון,יש שוב (re) סשן של קיצוצים בגלל המיתון,אילה,1,0,0.0,0
2419,Recommend,להמליץ,"חייל שנמצא שוב ושוב (re) תחת המפקד (commander) שלו, בוודאות ימליץ עליו!",אילה,1,0,0.0,0
2420,Reduce,להפחית,"נשמע כמו &quot;רדו&quot;, צריך לרדת, להפחית במחיר",אילה,1,0,0.0,0
2421,Refuse,"אשפה, זבל/מסרב",אני מסרב לקחת את הזבל!,אילה,1,0,0.0,0
2422,Regulation,תקנה,כדי לחזור למצב רגיל (regular) צריך לשים תקנות,אילה,1,0,0.0,0
2423,Repeat,שידור/מאורע חוזר,רואים שוב (re) אתה השידור עם פיט? זה לא שידור חי! זה שידור חוזר!,אילה,1,0,0.0,0
2424,Resist,להתנגד,כשאחותי (sis) מבקשת ממני שוב ושוב (re) קשה לי להתנגד לה,אילה,1,0,0.0,0
2429,Resolve,לפתור,"זאת שוב מילה שמכילה solve (לפתור), אז הפירוש חייב להיות לפתור",אילה,1,0,0.0,0
2430,Result in,הסתיים ב-,הוא שם שוב ושוב (re) מלח (salt) בתוך (in) התבשיל וזה הסתיים בכך שהוא הרס אותו,אילה,1,0,0.0,0
2431,Reveal,לחשוף,"אם אתה רב עם אדם אוויל, אתה יכול לחשוף את טיפשותו לכולם",אילה,1,0,0.0,0
2432,Scenery,נוף,האזור (area) של הסצנה (scene) עם נוף מהמם!,אילה,1,0,0.0,0
2433,Seem,"נראה כ-, דומה ל-","מי שרואה (see) איים, דומה למי שרואה יבשות",אילה,1,0,0.0,0
2434,Standardize,לתקנן,"צריך לתקנן כאן סטנדרטים, שיהיה פה רף מסויים",אילה,1,0,0.0,0
2435,Subject,"למסור, להעביר לבעלות אחר","אני מוסר אותך לג'ק, אתה עכשיו מתחתיו (sub)",אילה,1,0,0.0,0
2436,Subjective,"אישי, משוחד בדעתו",הוא מתנהג באופן אישי בנושא (subject) זה,אילה,1,0,0.0,0
2437,Sum,"סכום, סך, לסכם","לדוד סם יש סכום כסף כה גדול, כך שקשה לסכם את ההון הגדול שלו!",אילה,1,0,0.0,0
2439,Thereby,"ולכן, גרם ל-",הוא קנה (buy) שמה (there) ולכן גרם לסגירת החנות שנמצאת כאן,אילה,1,0,0.0,0
2440,Uncharted,לא מתועד,לא (un) מתועד בתולדות האומנות (art) דבר שכזה!,אילה,1,0,0.0,0
2441,Unify,לאחד,"אם ננסה לעוף (fly) כאחד (uni), נוכל לאחד כוחות ולהצליח",אילה,1,0,0.0,0
2442,Union,"איגוד, איחוד",אתה (u) רוצה להצטרף לאיגוד הבצלים? (onion),אילה,1,0,0.0,0
2443,Uphold,"להחזיק, לתמוך, לדגול",אתה צריך להחזיק (hold) מלמעלה כדי לתמוך בדברים,אילה,1,0,0.0,0
2444,Warfare,לוחמה,זה לא פייר (fare) שבמלחמה (war) רק האנשי הלוחמה מקבלים תהילה,אילה,1,0,0.0,0
2445,Alterations,שינויים,מלשון alter (לשנות),אילה,1,0,0.0,0
2446,Alternately,לסירוגין,האינטרנט ש(ly) נופל וחוזר לסירוגין במשך כל היום,אילה,1,0,0.0,0
2447,Amend,"תיקון, שינוי לטובה","כל איש (men) יכול בסוף (end) לעשות תיקון לטובה, שינוי",אילה,1,0,0.0,0
2448,Apparent,גלוי,ישנן אפליקציות (app) בהן צריך להיות גלוי בפני ההורים שאתה משתמש בהן,אילה,1,0,0.0,0
2449,Apparently,כנראה,האפליקציה (app) הזאת כנראה תשמש לי (ly)כתזכורת להחזיר (rent) דברים,אילה,1,0,0.0,0
2450,Apply,לפנות,Apple עושה כל דבר שביכולתה בפרסומות לפנות אלינו,אילה,1,0,0.0,0
2451,Appropriately,בהתאם,בריאלטי (riately) אפילו בחבל אי אפשר להשתמש בהתאם,אילה,1,0,0.0,0
2452,Hibernate,להיות בתרדמת חורף,"Hi -להיות בהיי, ber-bear-דוב, דוב שיצא מתרדמת חורף הוא בהיי",ר,1,0,0.0,0
2453,Assess,"להעריך, לאמוד",קשה להעריך את ההשפעה שהייתה לאסאס,אילה,1,0,0.0,0
2454,Asset,נכס,התחת (ass) הזה הוא נכס לסט (set) הצילומים,אילה,1,0,0.0,0
2455,Assign,"למנות, להקצות",ראית את השלט (sign) שתלו אז (as)? רוצים להקצות לנו עוד משאבים כדי שנוכל למנות ראש עיר!,אילה,1,0,0.0,0
2456,Assignment,"משימה, מטלה",האו התכוון (ment) כשעשה את הסימן (sign) שנעשה את המשימות והמטלות שלנו,אילה,1,0,0.0,0
2457,Attain,"להשיג, להגיע",כדי להשיג אותך ולהגיע לליבך &quot;אתן (attain) לך אבנים מהירח&quot;,אילה,1,0,0.0,0
2458,Attend,"להשתתף, להיות נוכח",את (at) צריכה להשתתף ולהיות נוכחת עד הסוף (end),אילה,1,0,0.0,0
2459,Attendant,"משרת, מטפל, מלווה","בסוף (end) כל משרת, מטפל או מלווה לא משתווה למה שנמלה (ant) עושה",אילה,1,0,0.0,0
2460,Candid,"ישיר, כנה",הילד היה כנה לגבי זה שהוא אכל את הממתקים (candy),אילה,1,0,0.0,0
2461,Undermine,"לחתור, לערער, להחליש","כשמישהו מתחתיי (under mine= מתחת אני) ישירות לבוס, זה מערער את הסמכות שלי. ממש לחתור תחתיי",דניאל ק,1,0,0.0,0
2462,Chart,"גיליון, תרשים",אם הופכים את האותיות יוצא תרשים tarch(im),אילה,1,0,0.0,0
2463,Claim,תביעה,אם (im) לא תתחתן עם הכלה (cla) אתה תהיה חשוף לתביעה,אילה,1,0,0.0,0
2464,Confide,"לשתף, לספר (סוד)",צריך להיות בטוח בחברות בשביל לשתף דברים ולספר סודות,אילה,1,0,0.0,0
2465,Conjecture,"סברה, לשער",אני משער שזה יצליח אם נעמוד בטור (ture) ונרים יחד (con) את ג'ק (jec),אילה,1,0,0.0,0
2466,Consequence ,תוצאה,איזה coincidence (צירוף מקרים) שיש לנו אותה consequence (תוצאה),אילה,1,0,0.0,0
2467,Considerable,"הרבה, רבות",אני יכול (able) לקחת בחשבון (consider) הרבה דברים,אילה,1,0,0.0,0
2468,Consume,לצרוך,אתה יכול (can) לצרוך כמה (some) מוצרים,אילה,1,0,0.0,0
2470,Consumers,צרכנים,הצרכנים המוזרים האלה מנסים להתאגד יחד (con) ולקנות את הקיץ (summer),אילה,1,0,0.0,0
2471,Consumers,צרכנים,הצרכנים המוזרים האלה מנסים להתאגד יחד (con) ולקנות את הקיץ (summer),אילה,1,0,0.0,0
2494,Contain,"להכיל, מכיל",תן (tain) כן שמכיל הרבה בבקשה,אילה,1,0,0.0,0
2495,Contemporary,עכשווי,ארי וקון צריכים לדעת מהי הטמפ' העכשווית!,אילה,1,0,0.0,0
2496,Convenient,נוח,אבא קנה (con) לנו ואן (ven) כדי שיהיה נוח,אילה,1,0,0.0,0
2504,Convention,"מוסכמה/ועדה, כנס",כן (con) שון (tion) אתה יכול כבר לנסוע בואן (ven) זה התקבל בתור מוסכמה בועדה.,אילה,1,0,0.0,0
2506,Convey,"למסור, להעביר",צריך שכן (con) יהיה וי (vey) כחול כדי שאדע שהצלחתי למסור את ההודעה,אילה,1,0,0.0,0
2507,Convey,"למסור, להעביר",צריך שכן (con) יהיה וי (vey) כחול כדי שאדע שהצלחתי למסור את ההודעה,אילה,1,0,0.0,0
2509,Currency,מטבע,הוא קורן (curren) שיא (cy) כי הוא מצא מטבע,אילה,1,0,0.0,0
2510,Custom,מנהג/מותאם אישית,כל מנהג מותאם אישית לעדה או דת שהוא קשור בה,אילה,1,0,0.0,0
2511,Deficiency,מחסור,"נשמע כמו the fish in sea), מזה אין מחסור בכלל!",אילה,1,0,0.0,0
2513,Demonstrate,"להפגין, להציג",דיימון רוצה להציג בהצגה שבה הוא יכול להפגין נגד סטרייטים,אילה,1,0,0.0,0
2514,Destination,יעד,דיסני זה יעד לאומי (nation),אילה,1,0,0.0,0
2515,Detach,להתנתק,מי שכבר לא (de) במגע (touch) זה אומר שהוא רוצה להתנתק ממך,אילה,1,0,0.0,0
2516,Distribute,להפיץ,"לעצם (tree) אין (dis) תחת (but),צריך להפיץ את הבשורה!",אילה,1,0,0.0,0
2517,Deteriorate,להידרדר,המצב של הטריטוריה שלנו הוא de לא טוב. הוא מתחיל להידרדר,אילה,1,0,0.0,0
2518,Director,"מנהל, במאי",הבמאי הוא מנהל ההופעה למעשה,אילה,1,0,0.0,0
2519,Distribution,הפצה,"ישנה הפצה חדשה של &quot;הכפתור של העץ&quot; (tree, button)",אילה,1,0,0.0,0
2520,Economy,כלכלה,מעמד חברתי-כלכלי זה מעמד סוציו-אקונומי,אילה,1,0,0.0,0
2521,Elaborate,"לפרט, להרחיב","האל (el) ברא (bor) את (ate) האדם לפרטי פרטים, לא צריך להרחיב כמה הוא הצליח",אילה,1,0,0.0,0
2522,Enclose,לצרף,"כדי לאפשר (en) לך להיות קרוב (close) אליי, אני יכול לצרף אותך לרשימת חבריי הטובים",אילה,1,0,0.0,0
2524,Equivalent,מקבילה,יש לולנטיינס דיי מקביל,אילה,1,0,0.0,0
2525,Estimate,"להעריך, לאמוד","אסתי עושה הרבה מתמטיקה בראש, כך שאפשר להעריך שהיא חכמה",אילה,1,0,0.0,0
2526,Execption,יוצא מהכלל,"Except - חוץ מ-, הוא היוצא מהכלל",אילה,1,0,0.0,0
2527,Evade,התחמק,"תנסה להתחמק מהמפגש, כך תצליח להימנע (avoid, נשמע דומה) מהמפגש איתה",אילה,1,0,0.0,0
2528,Impart,"להעביר, להקנות",אמא (im) שלי הייתה חלק (part) מההעברה וההקניה של הערכים שלי,אילה,1,0,0.0,0
2529,Honest,"ישר, הגון","האא (Ho) יש שמה קן (nest) תהיה הגון ותוריד לי משכר הדירה, החוויה שלי כאן נפגמה",אילה,1,0,0.0,0
2530,Hold back,"לעכב, למנוע",כדי לעכב אנשים ולמנוע מהם להגיע למחוז חפצם אפשר להחזיק (hold) אותם מהגב (back),אילה,1,0,0.0,0
2531,Gather,אסף,הוא אסף ביחד את כולם (*to*gether),אילה,1,0,0.0,0
2532,Future,עתיד,אני אכתוב בעתיד עוד כמה (few) טורים (ture),אילה,1,0,0.0,0
2533,Forsake,לזנוח,אתה רוצה לזנוח אותי בשביל (for) האישה הזאת? היא נראית כמו שק (sake) תפו&quot;א,אילה,1,0,0.0,0
2534,Feature,להציג,אני רוצה להציג בפניכם את הפינצ'ר המכוער הזה,אילה,1,0,0.0,0
2535,For the sake of,למען,אתה יכול לתרום למען החולים (sake) המסכנים?,אילה,1,0,0.0,0
2536,Imprisoned,כלוא,אם (im) אתה נמצא בכלא (prison) זה אומר שאתה כלוא,אילה,1,0,0.0,0
2537,Intentional,מכוון,הבפנים (in) של האוהל (tent) של יעל (ial) מכוון לאוהל שלי!,אילה,1,0,0.0,0
2538,Spectator,"צופה, משקיף","מי שרק צופה או משקיף בסיטואציה מהצד ולא שומע מה אומרים בה, יכול להמציא כל מני ספקולציות (נשמע כמו spectator ) שהן לא בהכרח מה שקרה באמת.",עופר,1,0,0.0,0
2539,Isolate,לבודד,"אני (I) כל כך (so) איחרתי (late) לחיסונים, אז לא קיבלתי אחד ואני היחידה שצריך לבודד אותה",אילה,1,0,0.0,0
2540,Laid,מונח,"הוא היה צריך עזרה (aid), לכן מונחת שמה האות L, כחלק מHELP שהוא ניסה לכתוב",אילה,1,0,0.0,0
2541,Lane,מסלול,לאן המסלול הזה מוביל?,אילה,1,0,0.0,0
2542,Moderate,"לתווך, לפשר/מתון",אנשים מודרנים לרוב יותר מתונים ומוכנים לתווך בין הצדדים,אילה,1,0,0.0,0
2543,Negate,לשלול,"אמרתי לך שיש שמה שער, ישר אתה מנסה לשלול &quot;נעעע, אין שמה שער (gate)&quot;",אילה,1,0,0.0,0
2544,Bare,חשוף,Bare-faeli (בר רפאלי) מתלבשת חשוף,אנומיני,1,0,0.0,0
2545,Bounce,"לקפוץ, לנתר",Bounce - נשמע כמו בונוס - העובד קפץ משמחה כשקיבל בונוס,אוראל כהן,1,0,0.0,0
2546,Candid,"כנה, ישיר",כשמאשימים אדם כנה במשהו הוא יגיד Canidid (כן i did),אוראל כהן,1,0,0.0,0
2547,Goods,"סחורה, טובין",הסחורה שהגיעה לחנות היא טובה (good),אוראל כהן,1,0,0.0,0
2548,Imprisonment,"מאסר, כליאה",אני (im) בכלא(prison) = אני כלואה ובמאסר,גל,1,0,0.0,0
2549,Particulars,פריטים,הקולרים הם פריטים נחוצים במסיבה שלי,אילה,1,0,0.0,0
2550,Persist,"להתמיד, להתעקש",אני אמשיך להתעקש ולהתמיד עד שלכל (per) אחות (sis) יהיה אותו דבר,אילה,1,0,0.0,0
2551,Position,"תפקיד, משרה",אתה נמצא בפוזיציה מספיק טובה כדי לקבל תפקיד יותר טוב ומשרה עם יותר כסף,אילה,1,0,0.0,0
2552,Precedent,תקדים,נשמע כמו ראש ממשלה (president) ראש הממשלה יכול לקבוע תקדימים,אילה,1,0,0.0,0
2553,Preceding,קודם,סיד (ced) רכב קודם על פרה (pre),אילה,1,0,0.0,0
2554,Predestined,נקבע מראש,"קודם (pre) יש את הגורל (destiny), הוא נקבע מראש",אילה,1,0,0.0,0
2555,Predictive,נבואי,"לפעמים חוקרים (detective) טובים, יכולים להגיד דברים לפני (Pre) שהם קורים, ממש באופן נבואי",אילה,1,0,0.0,0
2556,Premature,מוקדם מדי,לפני (pre) שהוא נהיה מאצ'ו (mature) זה היה נראה מוקדם מידי להתחתן,אילה,1,0,0.0,0
2557,Produce,לייצר,הוא בעד (pro) לייצר מיץ (juice),אילה,1,0,0.0,0
2558,Produce,"לייצר, תוצר, פירות וירקות",אני בעד (pro) לייצר מיץ (juice) שהוא תוצר של פירות וירקות,אילה,1,0,0.0,0
2559,Annual,שנתי,"נשמע כמו -הנוהל , יש לנו כל שנה נוהל לעשות ערב שירה",גלי,1,0,0.0,0
2560,Distinguished,מכובד,"Distinguish זה להבחין, להבדיל. --&gt; distinguished זה מישהו מובדל בצורה שהוא מכובד",שני,1,0,0.0,0
2561,Successor,יורש,שואלים על הבן אדם: &quot;הוא סיפור הצלחה או יורש&quot;? - יורש success or,אוראל כהן,1,0,0.0,0
2562,Profoundly,עמוקות,יש לי (ly) דעה טובה (pro) על מציאת (found) דברים שמוחבאים עמוקות,אילה,1,0,0.0,0
2563,Property,תכונה/רכוש,בנבואה (prophecy) היה אפשר לראות שיהיה לך תכונה של רכושנות,אילה,1,0,0.0,0
2564,Regain,להשיג מחדש,אני רוצה להיות שוב (re) בחבורה (gang) וכך להשיג את כבודי חדש,אילה,1,0,0.0,0
2565,Release,לשחרר,זה ממש (real) קל (easy) לשחרר,אילה,1,0,0.0,0
2566,Rely,להסתמך,אני צריך מישהו שאפשר באמת (really) להסתמך עליו,אילה,1,0,0.0,0
2567,Remote,מרוחק,הוא כל כך מרוחק שאפשר לשים מוט בינינו,אילה,1,0,0.0,0
2568,Restore,"לשקם, לשחזר","כדי לשקם את החנות (store), אנשים צריכים לחזור ולקנות בה שוב ושוב (re)",אילה,1,0,0.0,0
2569,Resume,להמשיך,הרזומה שלי עוזר לי להמשיך בעבודה חדשה,אילה,1,0,0.0,0
2570,Resumption,חידוש,"אני לא עושה סתם שוב (re)את השיקוי (Potion), עשיתי לו חידוש מרענן!",אילה,1,0,0.0,0
2571,Rule,"לשלוט, לפסוק, להחליט","על כל כלל (rule) יש מי ששולט, פוסק ומחליט עליו",אילה,1,0,0.0,0
2572,Season,עונה/לתבל,"בכל עונה, אני רוצה לתבל את התבשיל שונה",אילה,1,0,0.0,0
2573,Share,לשתף/מניה,"אני לא רוצה לשתף את ערך המניה שלי, אחרת יגנבו לי!",אילה,1,0,0.0,0
2574,Significance,"משמעות, חשיבות",חותמים (sign) על דברים חשובים,אילה,1,0,0.0,0
2575,Significance,"משמעות, חשיבות",חותמים (sign) על דברים חשובים,אילה,1,0,0.0,0
2576,Significant,משמעותי,זה מאוד משמעותי אם מישהו נותן לך לחתום (sign) אם (if) הוא לא יכול (cant),אילה,1,0,0.0,0
2577,Simulate,"לדמות, לחקות","כדי לחקות את הדמות של סים, אתה צריך תמיד לאחר (late)",אילה,1,0,0.0,0
2578,Soil,"אדמה, לכלוך","כשאתה נקבר, האדמה לא מלכלכת את הנשמה (sole) שלך",אילה,1,0,0.0,0
2579,Numerous,מרובה,המילה מתחילה בnum - היא מרובה במספרים,אוראל כהן,1,0,0.0,0
2580,Disposition,"מזג, אופי, נטייה, סידור, היערכות","חוסר (dis) לקיחת העמדה (position) שלו בנושא מעידה עליו כבעל מזג ואופי נמוך, וחוסר נטייה לסידור והיערכות לתפקיד הבא",ימית,1,0,0.0,0
2581,Span,"להימתח, להקיף","יש לי כל כך הרבה דואר ספאם, יהיה לי קשה להקיף את כולו",אילה,1,0,0.0,0
2582,Span,"להימתח, להקיף/מרווח","בין ישראל לספרד (Spain) יש מרווח ענקי! אפילו אם אסה להימתח, לא אוכל לכסות אותו",אילה,1,0,0.0,0
2583,Splendid,"נהדר, מהולל",התוכנית (plan) נעשתה (did) - וואלה מצויין!,אילה,1,0,0.0,0
2584,Spring,"לקפוץ, מעיין, אביב",מה עושים באביב? קופצים למעיין!,אילה,1,0,0.0,0
2585,State,מצב,אחד מהמצבים בכושר זה מצב סטטי,אילה,1,0,0.0,0
2586,Stimulate,"לעורר, להמריץ",הערתי אותך בצורה שגרמה לך לחשוב שאתה (U) מאחר (late) כדי לעורר אותך ולהמריץ,אילה,1,0,0.0,0
2587,Stock,לאחסן,אפשר לאחסן כאן את כל הגרביים (sock) שלי?,אילה,1,0,0.0,0
2588,Successor,יורש,הבן המוצלח (success) הוא היורש,אילה,1,0,0.0,0
2589,Superior,עליון,סופרמן הוא הגיבור על העליון והטוב מכולם,אילה,1,0,0.0,0
2590,Riot,מהומה התפרעות,בקרנבל בריו(RIO) יש לפעמים מהומות והתפרעויות,תום יאיר,1,0,0.0,0
2591,Immense,"ללא גבול (לפי highQ), כביר, עצום (לפי גוגל תרגום)",אם (im) גברים (men(s)) היו יודעים לשים גבולות (באנגלית נשמע יותר טוב: if only men knew where to draw the line),שני,1,0,0.0,0
2592,Transfer,העברה,בטרנספר בשואה העבירו אנשים ממקום למקום,אילה,1,0,0.0,0
2593,Tribe,שבט,אל תריב (tribe) עם ראש השבט,אילה,1,0,0.0,0
2594,Uncover,"לחשוף, לגלות",משהו שהוא לא (un) מכוסה (cover) קל מאוד לגלות ולחשוף אותו,אילה,1,0,0.0,0
2595,Odor,"סירחון, ניחוח","Oh dear&quot; (odor), &quot;oh deodorant&quot; please&quot; (נשמע כמו odor) &quot;או דאורדורט דחוף!&quot;",שני,1,0,0.0,0
2596,Assist,"לעזור, לסייע","בכדורסל, הassist עוזר לשחקן לקלוע",אוראל,1,0,0.0,0
2597,Smog,ערפיח,פירוש המילה באנגלית: הלחם בסיסים של smoke &amp; fog. ובעברית: ערפל ופיח(~עשן) שזה הלחם בסיסים של ערפיח,שני,1,0,0.0,0
2598,Commute,להמתיק (עונש),דומה ל community = הוא קיבל community service (עבודות שירות) כי המתיקו לו את העונש,נעם,1,0,0.0,0
2599,Rival,יריב,הבנות היו בריב על ליבו של יריב,עדן לוי,1,0,0.0,0
2600,Sheet,"דף, סדין",שיט יש לי חור בדף / בסדין,עדן לוי,1,0,0.0,0
2601,Subdue,להכנע,"סבא, תעשה (do)! אז הוא נכנע",מירי,1,0,0.0,0
2602,Oponent,יריב,לעשות איפון (גודו) ליריב,מירי,1,0,0.0,0
2603,Drought,בצורת,Dry out,מירי,1,0,0.0,0
2604,Derive,לשאוב,כמו drive לשאוב דרייב למוטיבציה,מירי,1,0,0.0,0
2605,Adjacent to,ליד,הג'קט ממש ליד,מירי,1,0,0.0,0
2606,Plight,"צרה , סכנה",Plight- דומה לfight ריב שווה לסכנה ,עמית,1,0,0.0,0
2607,Terrain,שטח,טירון+גשם=שטח,אבו יויו,1,0,0.0,0
2608,Baffled,מבולבל,אני קצת מבולבל הוופל הזה בטעם לימון או שוקולד?,עדן לוי ,1,0,0.0,0
2609,Manner,"התנהגות,אופן",מה (ma) נראה לך (ner) שאתה מתנהג ככה/באופן הזה?,מלך,1,0,0.0,0
2610,Consult,להתייעץ,הסולטן (sult) מתייעץ עם היועצים שלו,אוראל,1,0,0.0,0
2611,Criteria,אמת מידה,אל תסתבכו עם האמת מידה/אבן בוחן. criteria = קריטריון,אוראל,1,0,0.0,0
2612,Abundant,"שופע (שפע), עשיר","נשמע כמו a bad ant. נמלים ידועים באיסוף אוכל בקיץ על מנת שיהיה להם שפע לאכול בחורף. a bad ant היא נמלה שלא עוזרת לאסוף את השפע הנ&quot;ל ובמקום זה שוכבת על המיטה (bund נשמע קצת כמו bed, אבל לא עקרוני), או שהנמלה הbad נטשה את חברותיה (נשמע כמו abandon-נטישה) ולא עזרה לצבירת השפע",שני,1,0,0.0,0
2613,Assemble,"לאסוף, להרכיב",אוסם בלי במבה וביסלי זה כמו להרכיב פאזל בלי חלקים,אילה,1,0,0.0,0
2614,Avert,"להסיט, להפנות, למנוע","כדי למנוע הידקרות מהוורד, הוא צריך להפנות את ידו לכיוון אחר",אילה,1,0,0.0,0
2615,Citizen,אזרחים,בעיר (city) זן (zem)יש מלא אזרחים,אילה,1,0,0.0,0
2616,Clarify,להבהיר,צריך להבהיר לקלרה שאין פה וויפיי,אילה,1,0,0.0,0
2617,Coast,חוף,יש בקוסטה ריקה חופים יפים,אילה,1,0,0.0,0
2618,Invest,להשקיע,בשביל ללבוש &quot;ווסט&quot; צריך להשקיע,דור,1,0,0.0,0
2619,Distort,"לסלף, לעוות","הוא לא (dis- שלילה) סיפר את הסיפור (stor, דומה למילה- story) האמיתי, אלא סילף/ עוות אותו",תמר,1,0,0.0,0
2620,Relent,לוותר. להתמתן. ,"Who can relate, will relent",עדן ברדה,1,0,0.0,0
2621,Reprimand ,גערה. נזיפה. ,"1. Rep - ראפ 2. mand, דומה לmend - מרפא. הראפ מרפה כשאתה גוער ונוזף בעולם וכך מוציא תסכול",עדן ברדה,1,0,0.0,0
2622,Reserve,שמר. חסך. ,"Re - שוב, serve - משרת. מה שמשרת אותך שוב ושוב שווה לך *לשמור* טוב.",עדן ברדה,1,0,0.0,0
2623,Coastline,קו/רצועת חוף,מורכב מ2 המילים: קו (line) וחוף (coast),אילה,1,0,0.0,0
2624,Coat,"שכבה (של בטון, צבע וכד')",המעיל (coat) שלי מגן עליי כמו שכבת בטן סביבי,אילה,1,0,0.0,0
2625,Consistent,עקבי,אחות (sis) של קון (con) ישנה באוהל (tent) פעם בשבוע באופן עקבי,אילה,1,0,0.0,0
2626,Constitute,מהווים,כל המאכלים המכילים (consist) תות מהווים מקור עיקרי לטעם,אילה,1,0,0.0,0
2627,Demolish,"להרוס, למוטט","שיחקתי בדמו(demo) כל הלילה בלי ללכת לישון(lish) , ולכן נהרס לי היום למחרת.",יקיר,1,0,0.0,0
2628,Lodge,להתאכסן אכסנייה,"מזכיר את גטו לודז' , גטו שבו אכסנו יהודים בשואה.",שיר,1,0,0.0,0
2629,Demolish,הרס,השטן (demon) יכול להיות הרסני,רועי,1,0,0.0,0
2630,Interrogate,"חקר,תחקר",המשטרה חקרה אוהד אינטר(inter) שירה ברוגטקה(rogate),יקיר,1,0,0.0,0
2631,Ameliorate,שיפר,הזמנתי את אמיליו לשפץ ולשפר לי את הבית,Implicitman,1,0,0.0,0
2632,Differ ,לחלוק על,זה נשמע כמו פייר(הוגן) אז זה לא פייר שלא חולקים איתי !!,הב,1,0,0.0,0
2633,Modest,צנוע,מודד מהפיגמות - צנוע,אוראל,1,0,0.0,0
2634,Mole,חפרפרת\שומה,"חפרפרת עושה חור (hole) באדמה, וזה נראה כמו שומה",אבו יויו,1,0,0.0,0
2635,Indebted,"חייב ל-, אסיר תודה",אני חייב לך תודה על זה שנתת לי לנצח בדיבייט,עדן לוי ,1,0,0.0,0
2636,Magnitude,"גודל, חשיבות",לתכונת המגנטיות בחומר יש גודל וחשיבות עצומים,עדן לוי,1,0,0.0,0
2637,Junction,צומת,"הוא שבר את השן(tion) שם , רואים שזה &quot;זבל&quot;(junk) של צומת!",יקיר,1,0,0.0,0
2638,Constitute,"לייסד, להקים",אני רוצה להקים מפעל של מאכלים המכילים (consist) תותים (tute),אילה,1,0,0.0,0
2639,Construct,לבנות,קונוסים וטרקטורים אלו דברים הנמצאים באתרים שייעודם לבנות דברים,אילה,1,0,0.0,0
2640,Contradiction,סתירה,Contra=ניגוד=סתירה,אילה,1,0,0.0,0
2641,Shatter,לנפץ,נשמע כמו shot her (ירה בה) : &quot;הוא ירה בה ובכך ניפץ אותה&quot;,יקיר,1,0,0.0,0
2642,Shrill,"צָוַח, צָרַח",Sh+rill : שששש!! Realy ?! למה אתה צורח ככה ?,יקיר,1,0,0.0,0
2643,Irate,"זוֹעֵם, מְחֻמָּם","אני(i) מדרג(erat) את האפליקציה הזו בכוכב אחד , אני ממש זועם עליה.",יקיר,1,0,0.0,0
2644,Essence,"תמצית, מהות, עיקר",Sence= חוש. המהות של החושים היא לעזור לנו ביומיום,ימית,1,0,0.0,0
2645,Irate,"זוֹעֵם, מְחֻמָּם",אני (i) רתחתי(rate) עליו ! אני ממש זועם!,יקיר,1,0,0.0,0
2646,Loom,"מראה הנגלה מתוך הערפל, לארוג, מכונת אריגה","הוא הופיע פתאום מתוך הערפל והכה אותי עם לום (loom), מה שקרע לי את החולצה ואז הייתי צריכה לארוג לי חולצה חדשה עם מכונת תפירה",ימית,1,0,0.0,0
2647,Noticed ,שם לב,&quot;NOT ICE&quot; - כשהקרח נהפך להיות &quot;לא קרח&quot; אתה ודאי תשים לב לכך,דור,1,0,0.0,0
2648,Damage,נזק,כשאומרים &quot;דאםםם&quot; בכל &quot;AGE&quot; זה מתאר על איזשהו נזק,דור,1,0,0.0,0
2649,Rescue,להציל,רסקיו - מציל אותך במצבי לחץ,אוראל,1,0,0.0,0
2650,Resident,תושב קבע,"President (נשיא) ארצות הברית, הוא תושב קבע בבית הלבן",אוראל,1,0,0.0,0
2651,Readily,ללא קושי,אני מצליח לקרוא ללא קושי ,עדן לוי ,1,0,0.0,0
2652,Veteran,"חייל משוחרר, יוצא צבא","כתוב כמו ותרן בעברית. חייל משוחרר, יוצא צבא בדרך כלל מוותר על להישאר בארץ",עדן לוי,1,0,0.0,0
2653,Criticize,לבקר,"לבקר מישהו שעושה משהו לא נכון זה קריטי, אבל צריך לעשות את זה במידה (cize)",אילה,1,0,0.0,0
2654,Declaration,"הכרזה, הצהרה","לפני ההצהרה, שמתי קישוטים (Decoration) מסביב לשולחן",אילה,1,0,0.0,0
2655,Declare,"להכריז, להצהיר",Be clare כמו declare ותכריז על מה שאתה מרגיש לא כמו כל הבנים המטומטמים!,אילה,1,0,0.0,0
2656,Dedicated,מסור,אבא מכור (addicted) ללהיות מסור והוא לא יכול להיגמל,אילה,1,0,0.0,0
2657,Dedicated,"מסור, מוקדש ל-","אבא מכור (addicted) ללהיות מסור לילדים, כל זמנו מוקדש לכך!",אילה,1,0,0.0,0
2658,Degenerate,להתנוון,"משהו רע (de) עובר על הדור (generation) הזה, הוא מתחיל להתנוון",אילה,1,0,0.0,0
2659,Pledge,להתחייב,Pled(נשמע כמו פלדה) - לתת מילת פלדה (סלנג להתחייבות),יקיר,1,0,0.0,0
2660,Design,"תכנית, דוגמה, תרשים","כדי לתכן (design) תכנית מסויימת, כדי לשים דוגמה ותרשים",אילה,1,0,0.0,0
2661,Detect,"לאתר, לגלות",חוקר (detective) הוא אדם שיודע לאתר אנשים ולגלות מה הם עושים,אילה,1,0,0.0,0
2662,Efficient,יעיל,אפי (effi) אולי תהיה יעיל ותביא לנו דג? (fish),אילה,1,0,0.0,0
2663,Forecast,תחזית,התחזית שלי היא שכל 4 צוותי השחקנים ייתקלו בגשם במהלך הצילומים,אילה,1,0,0.0,0
2664,Conversely,לעומת זאת,"נעלי הקונברס (converse) היו יפות מאוד, לעומת זאת, נעלי הנייק היו זולות יותר",מאיה,1,0,0.0,0
2665,Deprive,"לשלול, למנוע",צריך למנוע ולשלול מילדים קטנים להיכנס ל(dep) נשמע כמוdepth ו(rive) נהר,רפי,1,0,0.0,0
2666,Govern,למשול,מישהו שגובר על כולם יכול למשול,אילה,1,0,0.0,0
2667,Encroach,"להסיג גבול, לפלוש",(מהארי פוטר) ברטי קראוץ' (נשמע כמו croach) פלש להוגוורטס והסיג גבול,נעם,1,0,0.0,0
2668,Admit into,להכניס,"להעיד (ad) אמת (mit), זה להכניס את הקב&quot;ה לתמונה",שי מרדכי,1,0,0.0,0
2669,Afford,הרשה לעצמו,אפילו פורד הוא הרשה לעצמו לקנות!,שי מרדכי,1,0,0.0,0
2670,Accomplished,"מומחה, בעל הישגים","אצלנו בקומפני, יש שד טכנולוגי.",שי מרדכי,1,0,0.0,0
2671,Among,נמנה עם,רוכש את אמונם ומתחבר אליהם.,שי מרדכי ,1,0,0.0,0
2672,Admit,הודה,להעיד אמת &quot;צדקה ממני&quot; כיהודה.,שי מרדכי ,1,0,0.0,0
2673,Accountable,אחראי,חשבון המסדר את שולחן העבודה אחריו,שי מרדכי ,1,0,0.0,0
2674,Advantage,יתרון,"מי שמתקדם בחומר, יש לו יתרון",שי מרדכי ,1,0,0.0,0
2675,Abbreviate,לקצר,"מי שיש לו אומץ (brave), מקצר דרכו להצלחה",שי מרדכי ,1,0,0.0,0
2676,Abuse,"לנצל, להשתמש לרעה","&quot;חמור אבוס בעליו&quot; מנצלו, אוכל ולא עובד",שי מרדכי ,1,0,0.0,0
2677,Abdomen,בטן,איש &quot;אבדה קפוארה&quot; עם בטן שרירית,שי מרדכי ,1,0,0.0,0
2678,Absorb,"לקלוט, לספוג, להתעמק","גלידת סורבה, סופגת טעמים ",שי מרדכי ,1,0,0.0,0
2679,Revitalize,להחיות,מערכת היחסים שלי עם רויטל החייתה אותי ,עדן לוי,1,0,0.0,0
2680,Flake,פתית,מה זה קורנפלקס?קורן corn זה תירס ו-פלקס (flakes) זה פתיתים. פתיתי תירס,עמישראל חי ,1,0,0.0,0
2681,Beguile,"הוליך שולל, הטעה","זה כמעט be guide- להדריך, אבל זה לא ולכן הוא לא הדריך אלא הוליך אותנו שולל",Implicitman,1,0,0.0,0
2682,Zonawi,מאגר מים עונתי,זו (zo) בריכה נאווה (כמו גבירתי הנאווה) (Nawi),עידו,1,0,0.0,0
2683,Envision,"לצפות, לחזות","יש לי וויז'ן (vision=חזון), אני צופה לסוף טוב בפסיכומטרי",אבו יויו,1,0,0.0,0
2684,Noted,"מפורסם, ידוע","רשמתי על הפתק (note), שם של מפורסם",אוראל,1,0,0.0,0
2685,Benevolent,"נדיב, טוב לב",בן בוולנטיין (מזכיר volent) נדיב וטוב לב לחברה שלו,מלכת האסוציאציות,1,0,0.0,0
2686,Aspair,לשאוף/לחלום,אם מישהו מעורר בך השראה (inpire) הוא גורם לך לשאוף לאנשהו,מלכת האסוציאציות,1,0,0.0,0
2687,Integrate,לשלב,זה יותר grate=נהדר שזה משולב,אבו יויו,1,0,0.0,0
2688,Trim,לטפח,הכלאה של Tree(עץ) וDream(חלום). את עץ הקריסמס החלומי צריך לטפח,Implicitman,1,0,0.0,0
2689,Nursery,חדר ילדים,כל האחיות רוצות לעבוד בחדרי ילדים,אבו יויו,1,0,0.0,0
2690,Prestigious,יוקרתי,כמו precious (יקר ערך),אבו יויו,1,0,0.0,0
2691,Replica,העתק מדויק,רפובליקה זה העתק מדויק של דמוקרטיה,אבו יויו,1,0,0.0,0
2692,Haul,"גורר, מושך",נשמע כמו יללה (האווול). כשכלב מיילל צריך למשוך אותו עם הרצועה ולצאת איתו לטיול,ימית,1,0,0.0,0
2693,Pitch,"להקים, מגרש, להטות, זפת, גובה צליל, זווית שיפוע",דומה לביצ' (בסלנג כלבה). איזה ביצ'! היא הקימה מגרש שמלא בזפת והוא בשיפוע רב אז צעקתי עליה בקול גבוה שהיא לא בסדר!,ימית,1,0,0.0,0
2694,Epitomize,"לייצג, לאפיין",הפיתות (pito) מאפיינות את המזרח (miz) התיכון,מאיה,1,0,0.0,0
2695,Illuminate,להאיר,עילום (illum) של הלילה (night) זה האור ,מאיה,1,0,0.0,0
2696,Overlap,חפיפה,Lap=הקפה. אם כששמים שני מעגלים זה על זה ויש להם את אותה הקפה (היקף) הם חופפים,מלכת האסוציאציות,1,0,0.0,0
2697,Saw,מסור,להגיד את המילה אבל לא לעצור (sawwwwwwwww) נשמע כמו מסור חשמלי שעובד,אבו יויו,1,0,0.0,0
2698,Abacus,חשבונייה,נשמע כמו אבק. חשבונייה זה כל כך ישן שזה כבר מעלה אבק,עמית,1,0,0.0,0
2699,Dovecote,שובך,Dove= יונה. שובך זה הבית של היונים,עמית,1,0,0.0,0
2700,Suspense,"השהיה, מתח",כמו suspension (השעיה בבי&quot;ס)- הזמן שלך בבי&quot;ס בהשהיה,אבו יויו,1,0,0.0,0
2701,Prowess,"מיומנות, יכולת",פרו= מקצועי. לאנשים מקצועיים יש יכולת ומיומנות,עמית,1,0,0.0,0
2702,Transaction,עסקה,Trans- מעבר action-פעולה - פעולת העברה=עסקה,אבו יויו,1,0,0.0,0
2703,Wholesale,סיטונאות,מכירה (sale) של הכל (whole)- סיטונאות זה מכירה גדולה,עמית,1,0,0.0,0
2704,Accelerate,להאציץ,Accel עוזר לך להאציץ,אוראל,1,0,0.0,0
2705,Amuse,"לשעשע, לבדר",מוז בערבית זה בננה. להחליף על קליפה של בננה זה משעשע,מלכת האסוציאציות,1,0,0.0,0
2706,Sheer,"שקוף/ מוחלט, לחלוטין",נשמע כמו סיר בישול - הלוואי היה לי סיר שקוף ככה יכלתי לראות אם התבשיל נשרף בתחתית. + כל מה שאמא שלי מכינה בסיר תמיד חייב לצאת טעים באופן מוחלט :),הדר,1,0,0.0,0
2707,Uttered,"השמיע, ביטה",נשמע כמו סופר (author) שהמטרה של הכתיבה שלו זה להשמיע ולבטא את הדברים שהוא חושב.,עופר,1,0,0.0,0
2708,Obviously,ללא ספק,"במבה או ביסלי,ללא ספק ביסלי(כשהוגים את זה זה עולה)",HB,1,0,0.0,0
2709,Immortal ,בן אלמוות,כל מי שהולך עם אורטל הוא בן אלמוות,בר ושקד המלכות,1,0,0.0,0
2710,Erosional,סחף,"איירון - גיבור על, שיאון - נחל , נחל מהיר מאוד - סחף",נוי,1,0,0.0,0
2711,Appropriately ,בהתאם,"בריאליטי האח הגדול, אומרים תמיד נא להתנהג *בהתאם*",יובל יקר,1,0,0.0,0
2712,Disadvantage,חיסרון ,באדווה יש חסרון שהשם הוא רק לבנות,Hb,1,0,0.0,0
2713,Application,"לפנות,אפליקצייה",באפל יש אפלקציות וככה אני פונה לאנשים,Hb,1,0,0.0,0
2714,Affluent,"עשיר, אמיד, שופע",לבן אדם עשיר אין *אף* (aff) *לא* (lu) בעיה אחת,דניאל ק,1,0,0.0,0
2716,Anxious,חרד,מפלגת ש&quot;ס הם חרדים (לא צריך דקויות ;) ),אנונימי,1,0,0.0,0
2717,Bail,"ערבות, שחרור בערבות","כמו bill (חשבונית/קבלה), עבור &quot;קניה&quot; של חופש",אבו יויו,1,0,0.0,0
2718,Basin,"כיור, אגן",בסין מייצרים את הכיורים,אבו יויו,1,0,0.0,0
2719,Discord,"מחלוקת, סכסוך, צרימה",הם לא ניגנו על אותו קורד וזה יצר מחלוקת,אבו יויו,1,0,0.0,0
2720,Dissect,"לנתח, לבתר",בשנה ב' ברפואה (היידה) מתחילים לבצע דיסקציות (ניתוחים) בבעח,אבו יויו,1,0,0.0,0
2721,Transmit,"לשדר, להעביר",(trans) - סוג של מוסיקה שמשודרת ,מיטל,1,0,0.0,0
2722,Discoruage,ריפה את היד,בגלל הקור (cor) הרופא היה צריך לרפות את ידיו,Hb,1,0,0.0,0
2723,Discoruage,ריפה את היד,בגלל הקור (cor) הרופא היה צריך לרפות את ידיו,Hb,1,0,0.0,0
2724,Dwell,להתגורר,"D-דר, well-באר, דר בבאר (מתגורר בבאר)",אבו יויו,1,0,0.0,0
2725,Embitter,גורם התמרמרות,"E- אקסטרה ביטר, זה הגורם להתמרמרות שלך",אבו יויו,1,0,0.0,0
2726,Enchant,"לכשף, להקסים",אין צ'אנס שאני מצליח להקסים אותה כשאני מגיע בלי פיצה משפחתית ביד,אבו יויו (הרווק הנצחי),1,0,0.0,0
2727,Exile,"לגרש, להגלות",XL זה משהו שצריך לגרש מהארץ,אבו יויו,1,0,0.0,0
2728,Expatriate,"לגרש, להגלות",נשמע כמו export - לייצא (לחול),אבו יויו,1,0,0.0,0
2729,Extortion,סחיטה,"Tour- סיור, שסוחטים מתיירים משכנתא עבור סיור ",אבו יויו,1,0,0.0,0
2730,Fungus,פטרת,"Fun-כיפי gus-ניחוש (guess), ניחוש כיפי זה לנחש איפה יש לי פטרת ",אבו יויו,1,0,0.0,0
2731,Glitch,"תקלה, הפרעה",הייתה לי תקלה בהליכה ודפקתי גליצ' על הריצפה,אבו יויו,1,0,0.0,0
2732,Indigenous,"מולד, ילידים","ההינדים נולדים גאונים, זה מולד",אבו יויו,1,0,0.0,0
2733,Ingest,להכניס דבר מה דרך הפה,"דומה ל digest-לעכל, רק שלב אחד לפני",אבו יויו,1,0,0.0,0
2734,Inclusive,כולל,מהמילה include-לכלול ,אילה,1,0,0.0,0
2735,Investing,להשקיע,"אם מישהו רוצה להשקיע בלבוש, כדאי לו לשים וסט",אילה,1,0,0.0,0
2736,Investment ,השקעה,"Vast- גדול מאוד, כדי לעשות משהו גדול מאוד צריך להשקיע",נוי,1,0,0.0,0
2737,Lapse,"מעידה, פליטת פה/פרק זמן, פקיעה, סיום","השפתיים (lips) שלי אחראיות על הרבה פליטות פה בפרק זמן קצר מאוד, מזל שהוא הגיע לסיומו",אילה,1,0,0.0,0
2738,Legistalate,לחוקק,מהמילה חוקי Legal,אילה,1,0,0.0,0
2739,Plunge,טבילה,Sponge-ספוג-את הספוג טובלים במים,אבו יויו,1,0,0.0,0
2740,Probe,"לחטט, לברר",To make a prove you need to probe= כדי להוכיח אתה צריך לברר,אבו יויו,1,0,0.0,0
2741,Modify,"לשנות, להתאים",אפשר לשנות את המודה אם (if) אני אוהב אותה?,אילה,1,0,0.0,0
2742,Occurrence,"התרחשות, מאורע","הו! קורה נס! איזו התרחשות, ממש מאורע!",אילה,1,0,0.0,0
2743,Salvation,"ישועה, גאולה",עם הsolution (פתרון) תגיע הsalvation (ישועה),אבו יויו,1,0,0.0,0
2744,Saturated,רווי,מד סטורציה (זה שמלבישים על האצבע) מודד רווי חמצן בדם,אבו יויו,1,0,0.0,0
2745,Nest,"קן, לקונן",הסמל של nestle (נסטלה) זה קן ציפורים,אבו יויו,1,0,0.0,0
2746,Pass,לוותר,להגיד &quot;פס&quot; בפוקר זה כמו לוותר על התור שלך,אילה,1,0,0.0,0
2747,Preferable,עדיף,מלשון Prefer (להעדיף),אילה,1,0,0.0,0
2748,Priest,כומר,במזרח (est) התיכון אפשר להיות כומר רק אם מאמציך נושאים פרי (pri),אילה,1,0,0.0,0
2749,Publisher,מוציא לאור,המוציא לאור אומר שזה בלי (bli) לשתף (share) ברווחים,אילה,1,0,0.0,0
2750,Rare,נא (בשר),כמו מידת עשייה בהמבורגר,אילה,1,0,0.0,0
2751,Scales,קשקשים,תגידו רצוף ומהר את המילה (scales'scales'scales'scales) ותשמעו &quot;קשקש&quot;,אבו יויו,1,0,0.0,0
2752,Scrutinize,"לבחון, לבדוק",כדי לעשות סקר (scru) צריך לבדוק בקפדנות את המדגם,אבו יויו,1,0,0.0,0
2753,Indispensable,"הכרחי,חיוני",In-(אין) dis-כמו this (זה) pen (עט) שאין במקום אחר.. זה הכרחי שנקנה אותו עכשיו,תומר,1,0,0.0,0
2754,Transcript,"תמליל, פרוטוקול","Trans- שינוי, script-תסריט, שינוי תסריט מבעל פה (מישהו מדבר) לתסריט (פרוטוקול)",אבו יויו,1,0,0.0,0
2755,Wagon,עגלה,כמו hang on (להתלות להיאחז במשהו)- מה שעגלה עושה,אבו יויו,1,0,0.0,0
2756,Wound,"מתוח, נמתח","כשלמישהו יש wound (פצע), הוא מתוח",אבו יויו,1,0,0.0,0
2757,Distort,לעוות,"לא כמו שהוא היה בחנות (store), הוא התעוות",מלכת האסוציאציות,1,0,0.0,0
2758,Antler,קרן,לנמלים יש מחושים שזה כמו קרניים,אבו יויו,1,0,0.0,0
2759,Bead,חרוז,Bead מתחרז עם bird,אבו יויו,1,0,0.0,0
2760,Reveal,לחשוף,(rev) בריבים נחשפים כל הצדדים הפחות טובים,אוראל,1,0,0.0,0
2761,Carpet,שטיח,החיית מחמד יושבת על הריצפה באוטו (car- pet) איפה שהשטיח,אבו יויו,1,0,0.0,0
2762,Trial,ניסיון,Tutorial - הדרכה מגיעה מאדם עם ניסיון,אוראל,1,0,0.0,0
2763,Unify,לאחד,"Unit - יחידה, unify - לאחד",יוסי כהן יועץ פיננסי,1,0,0.0,0
2764,Coop,לול,יש מלא poop בלול,אבו יויו,1,0,0.0,0
2765,Coop,לכלוא,"כמו cop, שוטר שכולא אותך",אבו יויו,1,0,0.0,0
2766,Accustomed,מורגל,בפורים כולם רגילים לשים תחפושת ( custom מזכיר את המילה - costume ),הדר,1,0,0.0,0
2768,Floundering,הולך בכבדות,Flo מזכיר תמחלה שפעת Under זה תחת - מי שתחת שפעת הולך בכבדות כי הוא לא מרגיש טוב,הדר,1,0,0.0,0
2769,Doctrine,"מכלול השקפות , אמונה העומדת בבסיס דבר מה",לדוקטורים יש השקפות ואמונות שהם חוקרים,מזור,1,0,0.0,0
2770,Lavishly,"בנדיבות, באופן שופע",חברה תרמה לי בגד והוא &quot;לביש לי&quot;,רותם,1,0,0.0,0
2771,Earnestly,באופן רציני,מי שמרוויח טוב (earn) הוא בחור רציני.,רותם,1,0,0.0,0
2772,Retain,"להחזיק, לשמור","כדי לשמור על חברות טובה, צריך שוב (re9 להיות אחד שנוtain",אילה,1,0,0.0,0
2773,Date,תמר,לדייט של פיקניק אתה מביא (בין היתר גם) תמרים,אבו יויו,1,0,0.0,0
2774,Eel,צלופח,Eel ill for real - צלופח מחליא (גורם למחלה) על אמת,אבו יויו,1,0,0.0,0
2775,Gland,בליטה,איפה שיש גלד יש בליטה כזו,אבו יויו,1,0,0.0,0
2776,Glaze,לזגג,כמו glass- זכוכית\כוס שמזגגים,אבו יויו,1,0,0.0,0
2777,Stack,ערמה,&quot;יש סטוק של דברים&quot; יש לי ערמה של דברים,אילה,1,0,0.0,0
2778,Subdue,להכניע,"לגרום למישהו לעשות (do) דברים תחתיך (sub), זה להכניע אותו",אילה,1,0,0.0,0
2779,Submit,להיכנע,הוא שם אותה מתחתין (sub) ואיים להמית (mit) וכך לגרום להלהיכנע,אילה,1,0,0.0,0
2780,Grit,"גרגרים, לכלוך",דומה ל grains- גרגרים (של תבואה),אבו יויו,1,0,0.0,0
2781,Coordinator,לתאם,צריך קוארדינציה(coordination) כדי לתאם בין דברים,יוסי כהן יועץ פיננסי,1,0,0.0,0
2782,Symbol,סמל,"המתנה זה משו סימבולי, שמסמל משהו, סימן",אילה,1,0,0.0,0
2783,Symbolize,לסמל,ליז משתמשת בשפת הsymנים שכל דבר בה מנסה לסמל את משמעותו במציאות,אילה,1,0,0.0,0
2784,Emblem,סמל,הבלם (blem) הוא הסמל של הקבוצה,יוסי כהן יועץ פיננסי,1,0,0.0,0
2785,Unfortunate,מצער,"אין (un) לי טון (tun) של דברים לאכול (ate), זה תמיד מצער",אילה,1,0,0.0,0
2786,Unique,מיוחד,היונק הזה מיוחד מאוד,אילה,1,0,0.0,0
2787,Sew,לתפור,"(מבוטא כמו so) - אני אוהב לתפור, SO ..(אז)..?! יש בעיה עם זה?!",דניאל ק,1,0,0.0,0
2788,Cast,להשליך,בקסטרו (cast) זורקים את כול העודפים,רבקה דנה,1,0,0.0,0
2790,Numeric,מספרי,"כמו number, מספר. ic סופית של כלליות",אבו יויו,1,0,0.0,0
2791,Circulation,מחזור הדם,קלקול circul בקיבה מזיק למחזור הדם,שני,1,0,0.0,0
2792,Withhold,"לעכב, לעצור, לא לתת",הוא החזיק אותי יחד איתו כדי לעכב אותי ולא לתת לי לעצור לנוח,אילה,1,0,0.0,0
2793,Worldwide,"כלל עולמי, בכל העולם","זה כל כך רחב (wide), זה נמצא בכל העולם (world)",אילה,1,0,0.0,0
2794,Prick,לדקור,יש פריקים שהולכים עם קולרי ניטים (שפיצים קודרים כאלה),אבו יויו,1,0,0.0,0
2795,Lurking,אורב/מתגנב,שחקן הכדורסל שיין לארקין (lurkin) אורב לטעויות של הקבוצה השנייה,שחק,1,0,0.0,0
2796,Spinach,תרד,ספין (תקשורתי) של הנאצים היה לאכול תרד כדי שתהיה הארי,אבו יויו,1,0,0.0,0
2797,Stove,"תנור,כיריים",רק משהו טוב יוצא מהstove,אבו יויו,1,0,0.0,0
2798,Thimble,אצבעון,איזה טמבל יתחיל לתפור בלי אצבעון??,אבו יויו,1,0,0.0,0
2799,Blank,"ריק, רווח",החשבון בנק שלי ריק,אילה,1,0,0.0,0
2800,Cargo,מטען,תעמיס את המטען על האוטו (car) ובוא נלך (go) כבר!,אילה,1,0,0.0,0
2801,Carve,לחרוט,אני רוצה לחרוט על המכונית (car) שלי וי (V) כדי להראות שהיא שליייי,אילה,1,0,0.0,0
2802,Collect,לאסוף,"אני קולט אליי, אני אוסף אליי",אילה,1,0,0.0,0
2803,Collide,להתנגש,"תקרא (call) לעזרה (aid), התנגשנו",אילה,1,0,0.0,0
2804,Satellite,לווין ,"Sate- כמו ממוקם(הלווין ממוקם בחלל), ו llite דומה ל uplift (הלווין ממוקם גבוה בחלל)",מזור,1,0,0.0,0
2805,Period,"משך זמן, תקופה, מחזור",(iod) זה אדום כמו המחזור שנמשך תקופה ,רבקה דנה,1,0,0.0,0
2806,Period,"משך זמן, תקופה, מחזור","(iod) זה בצבע אדום כמו המחזור שנמשך למשך זמן, תקופה ",רבקה דנה,1,0,0.0,0
2807,Compile,"לאסוף, לקבץ",צריך לאסוף את כל הקבצים (file) יחד (co),אילה,1,0,0.0,0
2808,Gross,"ברוטו, גולמי",נשמע כמו grocery=מכולת. במכולת מוכרים מוצרים גולמיים.,עמית,1,0,0.0,0
2809,Remorseful,מלא בחרטה עמוקה,"כתבת בכתב מורס, איך אבין שאתה מתחרט?",רותם,1,0,0.0,0
2810,Stale,"מעופש, עובש",משהו שנשאר הרבה זמן (stay) מעלה עובש,רותם,1,0,0.0,0
2811,Feud,"סכסוך, איבה, נקמת דם",נשמע כמו פאודה,רוני,1,0,0.0,0
2812,Commotion,מהומה,בואו ( Come ) יש אקשן ( Action ) - מהומה ,שחר,1,0,0.0,0
2813,Berate," נזף ,גער",הדירוג שלו היה נמוך אז הוא נזף בו,800,1,0,0.0,0
2814,Dismal,"קודר ,עגום, מדכא",בגלל שהוא לא אוכל mal אז המצב שלו עגום וקודר,800,1,0,0.0,0
2815,Venue,מקום מפגש/ התכנסות/ אירוע,במקום מפגש נקבל תפריט ,800,1,0,0.0,0
2816,Irritate,"להרגיז, לעצבן",אירית אוהבת לעצבן אנשים,800,1,0,0.0,0
2817,Morbidity,"תחלואה, דיכאון, עצב",מזכיר mortal- קטלני. תחלואה היא קטלנית והיא גורמת לדיכאון ועצב,מזור,1,0,0.0,0
2818,Condense,"מרוכז, דחוס","מזכיר can וdance, כדי להיות מסוגל לרקוד עלייך להיות מרוכז.",ניר,1,0,0.0,0
2819,Dictate,"להכתיב, לפקד",נשמע כמו דיקטטור - הדיקטטור מכתיב ומפקד על בני עמו מה לעשות,הדר,1,0,0.0,0
2820,Flatter,"להחמיא, להחניף","להגיד למישהי שהיא ראית יותר flat, רזה יותר",מלכת האסוציאציות,1,0,0.0,0
2821,Remedial,לסייע,"Remedy תרופה , מי שיש לו תרופה צריך סיוע",Shany18,1,0,0.0,0
2822,Mar,לקלקל,אנשים מרים מקלקלים את האוירה,Shany18,1,0,0.0,0
2823,Lament,להתאבל,מזכיר : &quot;למה הוא מת&quot; - צריך להתאבל,Shany18,1,0,0.0,0
2824,Overcome,להתגבר,שצשהו נגמר אני נופל וקםםםם,Shany18,1,0,0.0,0
2825,Exalt,"לרומם, לשבח ",לתת למישהו extra altitude=אקסטרה גובה,מלכת האסוציאציות,1,0,0.0,0
2826,Deviant,סוטה,דודה (ant) שלי אומרת שכל דיווה (devi) סוטה,אילה,1,0,0.0,0
2827,Load,להעמיס,כשאתה מעמיס מידי על מישהו הוא אומר לא &quot;לא עוד&quot; (load),יוסי כהן יועץ לכלכלת המשפחה,1,0,0.0,0
2828,Hive,כוורת,בכוורת מרגישים בהיי,הודיה,1,0,0.0,0
2829,Trajectory,מסלול,בfactory יש מסלול ידוע מראש,מזור ,1,0,0.0,0
2830,Confiscate,להחרים,אם אכלת (ate) קונפי (confi) שום יחרימו אותך כי תהיה מסריח מהפה,מלכת האסוציאציות,1,0,0.0,0
2831,Explicit,"מפורש, ברור, בוטה","האקס שלי רשם על פלקט דברים באופן מפורש, אפילו ברור מידי או בוטה",אילה,1,0,0.0,0
2832,Shroud,"תכריך, עטיפה",נשמע כמו שריד- במצרים היו עוטפים בתכריחים כדי שהגופה תשרוד,זוהר,1,0,0.0,0
2833,Beak,מקור,בקביק (הארי פוטר) הוא ציפור ענקית עם מקור,זוהר,1,0,0.0,0
2834,Beak,מקור,נשמע כמו הצליל שתרנגול עושה (באק באק באק) ,זוהר,1,0,0.0,0
2835,Indiganant,עצוב ממורמר,מוזיקת אינדי נשמעת לרב קצת עצובה,עינב עינב,1,0,0.0,0
2837,Withdraw,"לסגת, לפרוש; לקחת בחזרה","מזכיר draw שזה למשוך ( למשוך אחורה ) ,כמו גם draw back שזה נסוג ויתר",אסיה,1,0,0.0,0
2838,Landscape,נוף,בזמן הבריחה (escape) מהאדמה (land) הם צפו בנוף היפיפה,אילה,1,0,0.0,0
2839,Fragrance ,ניחוח,Frog- צפרדע. לצפרדע יש ניחוח מיוחד,אליהו,1,0,0.0,0
2840,Imbibe,חדור,אנשי דת שמתעסקים בbible (תנ&quot;ך) הם חדורי מטרה,אליהו,1,0,0.0,0
2841,Negligence,"הזנחה, רשלנות",מהמילה neglect (להזניח),אילה,1,0,0.0,0
2842,Notable,נכבד,רק איש נכבד יכול (able) לכתוב פתק (note),אילה,1,0,0.0,0
2843,Notice,לשים לב,צריך לשים לב שהקרח (ice) לא (not) נמס,אילה,1,0,0.0,0
2844,Notice,לשים לב/התראה,רק מי שיש לו לב מקרח (ice) יכול שלא (Not) לשים לב להתראות השונות,אילה,1,0,0.0,0
2845,Orient,להתמצא,"כדי להתמצא במקומות מסויימים, צריך אור",אילה,1,0,0.0,0
2846,Oriented,"מכוון, מונחה",טד מונחה ע&quot;י אוריין,אילה,1,0,0.0,0
2847,Pattern,דוגמה,את רק מפטר את כולם! זה לא דוגמה לאיך מתמודדים עם בעיות,אילה,1,0,0.0,0
2848,Penned,כתב,הוא כתב דברים בעזרת העט (pen) שלו,אילה,1,0,0.0,0
2849,Lucrative,רווח ,לו הייתי יצירתי הייתי מרוויח יותר,מלכת האסוציאציות,1,0,0.0,0
2850,Steer,להטות,"אתה קצת מ*סתיר* (steer), אתה יכול בבקשה להטות את הראש שלך הצידה?",דניאל ק,1,0,0.0,0
2851,Impoverished,"רוֹשֵׁשׁ, דִּלְדֵּל, דִּלֵּל","Pover- מזכיר poverty (עני), rish- מזכיר Rich (עשיר)- מישהו עשיר שנהפך להיות עני ורושש את עצמו",עידן,1,0,0.0,0
2852,Prescribe,לרשום מרשם,בעולם של פעם (pre) היו חושבים שסקיבים הם אנשים חולים ונתנו להם מרשמים,אילה,1,0,0.0,0
2853,Prohibit,"למנוע, לאסור",אני בעד (pro) למנוע מאנשים לפתח הרגלים (habit),אילה,1,0,0.0,0
2854,Enact,לחוקק,אין (en) אקט (act). אין לעשות אקט בלי חקיקה. ,שובל יחיא,1,0,0.0,0
2855,Exhausting,"מתיש, מעייף",דיבור על האקס בבית (haust נשמע כמו house) יכול להיות מתיש ומעייף,שירה,1,0,0.0,0
2856,Harsh,"נוקשה, אכזרי","יש המון (ha) רעש(rsh), זה נוקשה ואכזרי. ",שובל יחיא ,1,0,0.0,0
2857,Evidence,עדות,אני מהווה עדות לזה שראיתי את אבי (evi) רוקד (dence),עדי,1,0,0.0,0
2858,Malignant,"זדוני, מרושע, ממאיר",מלי (mali) היא דודה (ant) זדונית ומרושעת,עדי,1,0,0.0,0
2859,Rear,"אחורי/לטפח, לגדל",החילזון טיפח מאחוריו שובל של ריר,אילה,1,0,0.0,0
2860,Margin,"גבול, שוליים",למר (mar) גין (gin) אין גבול!,עדי,1,0,0.0,0
2861,Superstition,אמונה טפלה,לדתיים- סופר סטיטי מהדרך אם אני מאמין באמונות טפלות במקום באלוהים,ר,1,0,0.0,0
2862,Deploy,"הִתְפָּרֵס, נִפְרַשׂ; פָּרַס (כוחות צבא), שלח (אנשים) למשימה מסוימת; הִצִּיב; השתמש (במשהו) למטרה מסוימת",דיפ ליי- לשכב עמוק- לישון עמוק. אפשר לישון עמוק בלילה כשצהל פורס עמדות,ר,1,0,0.0,0
2863,Gmaw,לכרסם,נשמע כמו קול של בליעת אוכל. אחרי הכרסום בולעים,ר,1,0,0.0,0
2864,Gnaw,לכרסם,"ג'ימי אמר אאו, אחרי שהאוכר כרסם לו את האצבע",רחלי,1,0,0.0,0
2865,Treason,בגידה,"Treason מלשון reason, תביא לי סיבה למה בגדת בי",הודיה,1,0,0.0,0
2866,Wit,שנינות,אסוציאציה עם (עם) שנינות (with wit(h)) ,דניאל ק,1,0,0.0,0
2867,Vessel,כלי שיט ,"מזכיר את השחקן דון וידל ( וידל - VESSEL ), בטוחה שאם יתנו לו כלי שיט במקום מכונית - גם שם הוא יהיה מהיר ועצבני ;)",הדר סלניקר,1,0,0.0,0
2868,Edifice,בנין / מבנה מפואר,"יש שם כמעט את המילה office שזה משרד, שכמעט תמיד שוכן בבנין. ואם נחשוב על משרדי הייטק אז הבנין הוא לחלוטין מפואר",שני,1,0,0.0,0
2869,Erode,"לשחוק, לסחוף",A road נשמע כמו erode ובכביש מלא מכוניות ורכבים יש סחיפה גדולה והכביש כתוצאה מכך נשחק,שני,1,0,0.0,0
2870,Transgress,"לחטוא, לפשוע, לעבור על החוק",טראנס (trans) וגראס (grass) הם דברים אסורים שמי שמגיע למסיבה שבה טראנסים וגראס הוא עובר על החוק,שני,1,0,0.0,0
2871,Offensive,"התקפי, מתקפה",בגלל שהעליבו(offend) אותו הוא יצא למתקפה,רפי,1,0,0.0,0
2872,Sorrow,"עצב, צער",אומרים &quot;סליחה&quot; (sorry) למי שגרמנו לו לעצב או צער,אילה,1,0,0.0,0
2873,Spectacular,מדהים,אני סקפטי (spect) שקולר (cular) זה דבר שיכול להיות מדהים,אילה,1,0,0.0,0
2874,Relent,"לוותר, להתמתן","Real ant, נמלה אמיתית מוותרת וממתנת את הצרכים האישיים שלה לטובת המלכה ושאר הממלכה",רחלי,1,0,0.0,0
2875,Unprecedented,חסר תקדים ,להיות בתפקיד הנשיא (president) זה חסר תקדים,ע,1,0,0.0,0
2876,Vulgar,המוני,"מי שגר (gar) בוול (vul) קורא המון פעמים לגרר, כי יש המון אנשים והוא סובל מהמון רעש מהם",שני,1,0,0.0,0
2877,Pristine,"טהור, מקורי וטהור",הפרינסס והפרינססה נהנים מהחוף הפרטי הטהור והמקורי שלהם. It's prince (at the beach) time,שני,1,0,0.0,0
2878,Decadent,מנוון,יש בה את המילה decade שזה עשור. ומשהו שקיים כבר decades הוא דבר שמתנוון,שני,1,0,0.0,0
2879,Ratified,"לאשרר, אישר מחדש","To rat someone out זה להלשין, לבגוד. אז, בגלל שsomeone rat him out הוא היה צריך לאשרר מחדש את הטפסים",שני,1,0,0.0,0
2880,Habitat,אזור מחיה ,"המילה הנ&quot;ל נשמעת כמו המילה &quot;הביתה&quot; בעברית, והבית זה האזור מחיה שלנו ",אניטה,1,0,0.0,0
2881,Heyday,תקופת שיא,&quot;Way too much hay today! Just like yesterday!&quot; גם יוצא חרוז יעני,שני,1,0,0.0,0
2882,Eschew,"להימנע, להשתמט","אסתי (שם חיבה - אס, es) לועסת (chew) מסטיק חזק בשביל להימנע מלשמוע אותך אומר לה כמה מסטיק זה לא בריא",שני,1,0,0.0,0
2883,Permission,"רשות, היתר",צריך לבקש אישור לכל משימה (per mission),יוסי כהן יועץ לכלכת המשפחה,1,0,0.0,0
2884,Digression,סטייה חריגה,לחאמסניק הייתה סטייה/ חריגה בחישוב החפירה אז הוא יצא ברוסיה,רון,1,0,0.0,0
2885,Afflicated,הכאיב,נתן לו פליק מכאיב,רון,1,0,0.0,0
2886,Infer,"הסיק,רמז",כשאתה בתוך(in) זה אתה מבין שזה פייר(כמו סוף המילה fer) ומסיק נכון,יוחאי,1,0,0.0,0
2887,Density,"צפיפות,דחיסות",במסיבה כשרוקדים אז &quot;צפןף&quot; ו&quot;דחוס&quot; כמו תחילת המילה שנשמעת כמו לרקוד-dance,יוחאי,1,0,0.0,0
2888,Estimate,"הערכה,אומדן",נשמע כמו אסטמה-&quot;תעריך&quot; את זה שאין לך אסטמה..אנשים מתים מזה(אוהב אתכם חולי האסטמה..עד 120),יוחאי,1,0,0.0,0
2889,Misconception,תפיסה מוטעית,פיצול המילה- mis כמו לפספס ו- concept שזה קונספט(=רעיון כללי) אתה מפספס את הרעיון הכללי =התפיסה שלך מוטעית,יוחאי,1,0,0.0,0
2890,Nutrition,תזונה,המילה מתחילה ב &quot;nut&quot; שזה אגוז- אגוז זה חשוב וחלק עיקרי בתזונה,יוחאי,1,0,0.0,0
2891,Luminous,מואר,למי שמכיר הארי פוטר- הכישוף המוכר &quot;לומוס&quot; מאיר את החדר,יוחאי,1,0,0.0,0
2892,Heir,יורש,"נשמע ודומה לשיער (hair) -שיער עובר בירושה, הילד יורש את השיער מאביו",יוחאי,1,0,0.0,0
2893,Limb,איבר,כמו במשחק לימבו אסור ששום &quot;איבר&quot; יגע במקל,יוחאי,1,0,0.0,0
2894,Pamper,"לפנק,לטפח",כמו חברת הטיטולים-תינוקות תמיד צריך לפנק ולטפח,יוחאי,1,0,0.0,0
2895,Flinch,"נרתע,התכוץ",נשמע כמו לינץ שעושים על מישו-מי שעושים עליו לינץ הוא נרתע ואז מתכוץ,יוחאי,1,0,0.0,0
2896,Fortify,"לחזק,לבצר",המלך שם עוד 45 (נשמע כמו fourty five) חיילים שיחזקו ויבצרו את ההגנה על העיר ,שחק,1,0,0.0,0
2897,Terrain,שטח,הרכבת נוסעת על פני השטח,אילה,1,0,0.0,0
2898,Introverted,מופנם,Intro- פנימי = מופנם ,מזור ,1,0,0.0,0
2899,Kit,ערכה,ערכה של KitKat,מזור,1,0,0.0,0
2900,Fortitude,"גבורה, עוז רוח","היהודים (ude) ששרדו 40 (forti) שנה במדבר, היו גיבורים עם עוז רוח ואמונה!",דניאל ק,1,0,0.0,0
2901,Woeful,מעורר רחמים,"Wow הוא אי מלא (רזה מאוד) , מעורר רחמים",הדס,1,0,0.0,0
2902,Infraction,עבירה,"פעולה (Action) לא חוקית, שמתועדת במצלמת אינפרא (Infra) אדום.",דניאל יוהן,1,0,0.0,0
2903,Devout,אדוק,"נשמע כמו devote - להקדיש את החיים לדת, פירושו להיות מאמין *אדוק*",דניאל ק,1,0,0.0,0
2904,Dull,משעמם,הסרט היה דל (dull) בפרטים ולכן היה משעמם,שחק,1,0,0.0,0
2905,Envy,קנאה/לקנא,אין בי (envy) שום קנאה,שחק,1,0,0.0,0
2906,TREAD,צעד,הוא עשה צעד בשיפור האנגלית על ידי זה שהוא READ ,הדר ,1,0,0.0,0
2907,Prone,נוטה ל,Rone ( רונה ) נוטה להיות pro בכל דבר שהיא עושה,הדר,1,0,0.0,0
2908,Verify,"לוודא, לאמת","VERY FINE, צריך לאמת שזה בסדר",אילה,1,0,0.0,0
2909,Vessel,כלי שייט,"בוורידים (blood vessel), הדם שט כמו בכלי שייט",אילה,1,0,0.0,0
2910,Virtually,"למעשה, בעצם","חשבתי שאנחנו חברים, אבל למעשה זה היה רק בעולם הווירטואלי",אילה,1,0,0.0,0
2911,Visualize,לדמיין,"לדמיין דברים זה לרוב באופן ויזואלי (visual), עם העיניים (eyes)",אילה,1,0,0.0,0
2912,Wealthy,עשיר,"פעם, רק מי שהיה עשיר, יכל להיות בריא (healthy)",אילה,1,0,0.0,0
2913,Wickedly,ברשעות,מכשפות (witch) מתנהגות ברשעות,אילה,1,0,0.0,0
2914,Accentuate,"להבליט, להדגיש",המבטא (accent) עוזר מאוד להדגיש שאתה לא מהארץ הזאת,אילה,1,0,0.0,0
2915,Acknowledge,"להכיר, לדעת",אתה צריך לackיר בזה שאין לך knowledge,אילה,1,0,0.0,0
2916,Adequate,הולם,"נשמע כמו Educate, חינוך. הורים מספקים לילדיהם חינוך הולם כד שיוכלו להתקבל לבית ספר מתאים",אילה,1,0,0.0,0
2917,Dismay,"תדהמה, דכדוך, בהלה, להפחיד",Aunt May נבהלה מאוד כששמעה שPeter Parker היה בקרבת מקום כשהיה שוד בבנק! לאחר מכן לתדהמתה(!) היא גילתה שPeter Parker הוא ספיידרמן,שני,1,0,0.0,0
2918,Affinity,"זיקה, קרבה",מהיום הראשון הרגשתי את הזיקה אליה ועכשיו אנחנו חברות לנצח (infinity),אילה,1,0,0.0,0
2919,Attire,"לבוש, מלבוש",As part of my *attire* I'm wearing *a tie* today,שני,1,0,0.0,0
2920,Affinity,"זירה, קרבה/משיכה","כבר מהיום הראשון הייתה בינינו משיכה, הרגשתי את הזיקה שיש בינינו! והיום אנחנו חברות לנצח (infinity)",אילה,1,0,0.0,0
2921,Agitate,"להסעיר, לזעזע, לעצבן",בגיל שלך (age) לאכול (ate) כל כך קצת יכול להסעיר ולזעזע,אילה,1,0,0.0,0
2922,Agonize,"לענות, לייסר",אגנוזיה (מחלה שבה לא רואים) יכולה לענות ולייסר את האדם,אילה,1,0,0.0,0
2923,Meek,"צנוע, ענו",בסרט Thor: Ragnarok יש דמות שקטה וצנועה (יש לו ידיים ממספריים או משהו) - קוראים לו Miek שנשמע ממש כמו meek,שני,1,0,0.0,0
2924,Clan,"שבט, משפחה, בית אב",כאן (clan) גרים בכיף משפחת כהן (clan),שני,1,0,0.0,0
2925,Affiliate,שותפים / סניף,נשמע כמו &quot;תביא לי עט&quot; אני חותם איתך שאני אהיה השותף הראשון שלך בסניף החדש,שני,1,0,0.0,0
2926,Aisle,מעבר,אייל יכול לעבור גם במעברים צרים,אילה,1,0,0.0,0
2927,Alienation,"ניכור, הרחקה",בלאום (nation) של החייזרים (alien) מורגלים לניכור מאחרים,אילה,1,0,0.0,0
2928,Anchor,עוגן,העוגן מונח על הכיסא (chair),אילה,1,0,0.0,0
2929,Augment,להרחיב,אני מתכוון (meant) לעשות את זה ענק (huge) ובשביל זה צריך להרחיב אותו,אילה,1,0,0.0,0
2930,Cattle,בקר,"לא להתבלבל, חתול (cat) לא עשוי מבשר בקר",אילה,1,0,0.0,0
2931,Chariot,מרכבה,בגלגלים במרכבה עגולים כמו דובדנים (cheery),אילה,1,0,0.0,0
2932,Cheerful,"עליז, שמח","הוא מלא (ful) בעידודים (cheer), ניכר שהוא עליז ומאוד שמח",אילה,1,0,0.0,0
2933,Circuit,"מסלול, להקיף",את הקרקס (circus) מקיף מסלול מכשולים,אילה,1,0,0.0,0
2934,Circuit,"מעגל, להקיף/מעגל חשמלי",את הקרקס (circuit) מקיף מעגל חשמלי,אילה,1,0,0.0,0
2935,Combat,לתקוף/קרב,"בקרב, צריך לcom ולתקוף, אפילו עם מחבט (bat)",אילה,1,0,0.0,0
2936,Components,"חלקים, מרכיבים",אילו מרכיבים צריך כדי להכין קומפוט?,אילה,1,0,0.0,0
2937,Compulsory,מהווה חובה,"קום ופול! אני סורי שאתה צריך לעשות את זה, אבל זה מהווה חובה!",אילה,1,0,0.0,0
2938,Concise,"תמציתי, תכליתי",הגודל (size) של המטבע (coin) מאוד תמציתי ותכליתי,אילה,1,0,0.0,0
2939,Inherent,טבוע (תכונה פנימית),מזכיר לי &quot;אינטרנט&quot; שנהפך להיות חלק מאיתנו טבוע בתוכנו,שר,1,0,0.0,0
2940,Counsel,"מועצה/לייעץ, להדריך",המועצה תייעץ לך איך להשיג סייל,אילה,1,0,0.0,0
2941,Counterpart,"בעל תפקיד מקביל, עמית, בן-זוג","לכל אחד יש חלק (Part) בעבודה, התפקיד המקביל אליי, שמאייש אותו בן הזוג שלי, הוא הסופר (count)",אילה,1,0,0.0,0
2942,Court,מגרש (ספורט)/בית-משפט,קראטה מתאמנים במגרש ספורט ועל הפציעות תובעים בבית המשפט,אילה,1,0,0.0,0
2943,Courtesy,"נימוס, אדיבות",אדיבות זה לקום לזקנה שתשב באוטבוס care for sit,אילה,1,0,0.0,0
2944,Craft,"אומנות, מלאכה/כלי טייס, כלי שייט",1. דומה לגראפיטי - גראפיטי זו אמנות. 2. מזכיר רפטינג - רפטינג עושים עם כלי שיט.,אילה,1,0,0.0,0
2945,Craftsmen,"אומן, בעל מלאכה",אדם (men) שעושה אמנות (craft) הוא בעל מלאכה,אילה,1,0,0.0,0
2946,Critique,ביקורת,"כל ביקורת יכולה להיות קריטית, גם טובה וגם רעה",אילה,1,0,0.0,0
2947,Currently,כרגע,כרגע קור אנד לי נוסעים במכונית ,בר,1,0,0.0,0
2948,Consistenly,בעקביות ,אחות (sis) של קון (con) סופרת עד עשר (ten) בעקביות בשביל להרגע ,בר,1,0,0.0,0
2949,Hence,לפיכך,"אני אוהב קטשופ היינס, ולפיכך אני קונה אותו",בר,1,0,0.0,0
2950,Regardless,"למרות, ללא קשר, בלי להתחשב ב...","למרות שביקשתי לשמור (gard) פחות (less), המפקד לא התחשב בי",בר,1,0,0.0,0
2951,Despite,למרות ,De - לא pite - מזכיר ריב. לא לריב למרות המצב ,בר,1,0,0.0,0
2952,Conversely,לעומת זאת ,"Con - קון. verse - מזכיר ורסיה, ווראציה. רון לא אוהב את הווראציה הזו, לעומת זאת, את השניה הוא אוהב ",בר,1,0,0.0,0
2953,Nonetheless,למרות זאת ,"Non - אין. less - חסר. אין את המוצר הזה, הוא חסר, ולמרות זאת כולם מחפשים אותו ",בר ,1,0,0.0,0
2954,Content,שביעות רצון ,קון באוהל (tent) וזה אומר שהוא חש שביעות רצון כי הוא אוהב טיולים ,בר,1,0,0.0,0
2955,Reconcile,להשלים,"Re - להחזיר את המצב. co - דו קיום. cile - מזכיר סמיילי, לחייך. בואו נשלים, נחזיר את הדו קיום שהיה ונחייך",בר,1,0,0.0,0
2956,Obedience,מציית ,Bed - רע. die - מוות. יהיה מוות רע למי שלא מציית,בר,1,0,0.0,0
2957,Cuisine,"בישול, מטבח ",Cuis - כוס. ine - יין. מבשבלים במטבח כדי לשתות כוס יין,בר,1,0,0.0,0
2958,Display,"להציג, תצוגה ","Dis - לא. play - לשחק. אסור לשחק בבובות שבחלון הראווה בתצוגה, הם שם רק בשביל להציג לאחרים ",בר,1,0,0.0,0
2959,Aspiration,שאיפה,השאיפה שלי היא להפסיק להשתמש באספירין,בר,1,0,0.0,0
2960,Convene,כנס,קון נסע לכנס בוינה ,בר,1,0,0.0,0
2961,Mate,"להזדווג, בן זוג ","אני לא רוצה שהבן זוג שלי, מי שאני מזדווגת איתו, יהיה מת ",בר,1,0,0.0,0
2962,Collide,להתנגש,תקראו להייד! פז וקלסו התנגשו! ,בר,1,0,0.0,0
2963,Orient,"להתמצא, כיוון, מזרח","אורי וענת פנו לכיוון מזרח, הם מתמצאים באיזור ולא הסתבכו ",בר ,1,0,0.0,0
2964,Intervene,"מפריע, מתערב","מזכיר interview - ראיון. לא רק שאתה מפריע לי להתראיין, אתה גם מתערב בראיון ",בר,1,0,0.0,0
2965,Compensate,לפצות ,"Com - בוא. pen - עט. sate - שב. בוא, שב, אני אפצה אותך בעט ",בר,1,0,0.0,0
2966,Project,"פרוייקט, להקרין, לשגר ",הפרוקייט שלי הוא לשגר טיל ולהקרין את זה בטלוויזיה כדי שכולם יראו ,בר,1,0,0.0,0
2967,Practice,"לתרגל, תרגול, להתאמן, לעסוק ","כדי להיות פרקטי במשהו צריך להתאמן, לתרגל ולעסוק בו הרבה",בר,1,0,0.0,0
2968,Stride,לצעוד,"&quot;אתה רוצה טרמפ ride?&quot; &quot;לא, תודה, אני מעדיף לצעוד&quot;",בר,1,0,0.0,0
2969,Evoke,מעורר,אבק מעורר בי אלרגיה ,בר,1,0,0.0,0
2970,Dawn,שחר,דן הוא החבר הכי טוב של שחר,אילה,1,0,0.0,0
2971,Deal,להתמודד,"יש דיל שאני לא יכולה להתמודד בפניו, אני חייבת לקחת אותו",אילה,1,0,0.0,0
2972,Debt,חוב,יש לך ספק (doubt) לגבי זה שיש לך חוב (debt)?,אילה,1,0,0.0,0
2973,Decay,ריקבון,"כשבהכל יש ריקבון, זה ממש מdecay",אילה,1,0,0.0,0
2974,Decipher,לפענח,אני צריך לפענח את מה שdisappear (נעלם),אילה,1,0,0.0,0
2975,Delegate,"להאציל, להסמיך",רוה&quot;מ מdeleg בין השרים כדי להאציל דברים עליהם,אילה,1,0,0.0,0
2976,Latent,"סמוי, חבוי",Latte זה קפה סמוי,מזור,1,0,0.0,0
2977,Hue,גוון,לסינים יש גוון שונה מלא נשים לבנים,דניאלה ,1,0,0.0,0
2978,Delinquent,"עבריין/נזנח, נשכח",הלינק (linq) נזנח והלך (went) להיות עבריין,אילה,1,0,0.0,0
2979,Desirable,נחשק,"הסיר (sir) יכול (able) להיות מאוד נחשק, אם רק ירצה",אילה,1,0,0.0,0
2981,Despair,להתייאש,"נשמע כמו נעלם ( Disappear), לאחר שהוא הבין שהאיש נעלם לרגמרי הוא התייאש",אילה,1,0,0.0,0
2982,Desperate,נואש,אני נואש! תוכל לperate לי עוד פרטים על המקרה?,אילה,1,0,0.0,0
2983,Desperation,ייאוש,זה גורם לייאוש זה שאין (de) ספייר (sper) בכל האומה (nation),אילה,1,0,0.0,0
2984,Dimension,מימד,"מי שלוקה בדמנציה, נדמה כאילו הוא במימד אחר",אילה,1,0,0.0,0
2985,Disciples,תלמידים/נושאי כלים,זה (this) תפוח (apple) מי שתלמיד שלי או נושא כלי צריך לדעת זאת,אילה,1,0,0.0,0
2986,Vigor,"חוזק, חיוניות",אvigor ליברמן חיוני מאוד בתור שר הביטחון,אילה,1,0,0.0,0
2987,Dehydration,התייבשות,הוא החביא (hide) את הגשם (rain) ולכן הייתה התייבשות כללית,אילה,1,0,0.0,0
2988,Prestige,יוקרה,פעם (pre) כל אדם שעלה על במה (stage) הייתה לו יוקרה,אילה,1,0,0.0,0
2989,Depict,"לתאר, לשרטט",*de*scribe a *pict*ure,אילה,1,0,0.0,0
2990,Irregular,"לא אחיד, חריג","זה לא (ir) רגיל (regular), זה חריג ולא אחיד",אילה,1,0,0.0,0
2991,Contradict,לסתור,אני נגד (contra) הדיקט הזה! אני רוצה לסתור לו,אילה,1,0,0.0,0
2992,Recall,"לזכור, להיזכר",תפסיק לקרוא (call) לי שוב ושוב (re) אני מנסה להיזכר במשהו!,אילה,1,0,0.0,0
2993,Enthusiasm,התלהבות,"מי שעושה ענטוז, צריך לעשות זאת בהתלהבות",אילה,1,0,0.0,0
2994,Nature,טבע/אופי,"אופי זה דבר טבעי, ולכן קשה לשנות אותו",אילה,1,0,0.0,0
2995,Discipline,"תחום לימוד, מחקר/להעניש, לחנך, משמעת",הוא לא (dis) שמר (keep) את השורות (line) שכתב על תחום המחקר בו הוא עושה - משמעת ואיך לחנך/להעניש,אילה,1,0,0.0,0
2996,Discourage,לשכנע שלא לעשות משהו,הוא ניסה לשכנע שלא לעשות משהו כי לא (dis) היה לו את האומץ (courage) לעשות זאת בעצמו,אילה,1,0,0.0,0
2997,Disinfection,חיטוי,"כדי לא (dis) להידבק, צריך להשתמש בחיטוי",אילה,1,0,0.0,0
2998,Dislocate,"לפרוק, לנקוע","הכתף שלה לא (dis) במקום (locate), היא הצליחה לפרוק או לנקוע אותנ",אילה,1,0,0.0,0
2999,Dissent,"להתנגד, חילוקי דעות",אני לא (dis) שולח (sent) לך כלום כי יש בינינו חילוקי דעות,אילה,1,0,0.0,0
3000,Distinctive,מיוחד,תינוק (tinc) שיודע לכתוב (ctive) זה משהו מאוד מיוחד,אילה,1,0,0.0,0
3001,Distinctive,מיוחד,תינוק (tinc) שיודע לכתוב (ctive) זה משהו מאוד מיוחד,אילה,1,0,0.0,0
3002,Distinguish,"להבדיל, להבחין",מנסים להבדיל ולהבחין בין היהודים (jewish) לשאר הדתות,אילה,1,0,0.0,0
3003,Duplicate,לשכפל,"נשמע כמו double, משכפלים כפול",אילה,1,0,0.0,0
3004,Durable,"יציב, מתמשך",דורה יכולה (able) לדבר באופן מתמשך ולהיות יציבה,אילה,1,0,0.0,0
3005,Iron,ברזל,כמו אירנה שמאמנת כושר קל למה מאוד להרים ברזל,אוריה :),1,0,0.0,0
3006,Omnipotent,כל יכול,כל (omni) דבר הוא יכול לייצר -סירים (pot) ואפילו אוהלים (tent),אילה,1,0,0.0,0
3007,Bilateral,דו צדדי,למכתב (letter) יש שני (bi) צדדים,אילה,1,0,0.0,0
3008,Outweigh,לעלות במשקל/בחשיבות,זה שוקל (weigh) יותר (out) ולכן זה עולה בחשיבות על הדברים האחרים,אילה,1,0,0.0,0
3009,Underground,תת קרקעי/מחתרתי,המחתרת קורית מתחת (under) לקרקע (ground),אילה,1,0,0.0,0
3010,Infrastructure,תשתית,"בניין (structure) מתחילים לבנות מהלמטה (infra), מתחילים בתשתית",אילה,1,0,0.0,0
3011,Hypertension,לחץ יתר,"מי שנוten ציון (sion) נמוך, יכול לגרום לאדם זה לחץ יתר",אילה,1,0,0.0,0
3012,Eloquent,רהוט,"מזכיר אלגנט, אדם אלגנטי מדבר רהוט",אילה,1,0,0.0,0
3013,Embrace,"לחבק, לאמץ לקרבו",כשאמא שלי מחבקת אותי בפומבי זה מביך ( embarrass ),אילה,1,0,0.0,0
3014,Emission,פליטה,"יצאה לו פליטה על המשימה, הוא סיפר מה היא!",אילה,1,0,0.0,0
3015,Enclosing,"לסגור, להקיף",צריך לצרף (enclose) מישהו ששר (sing) ואז אפשר לסגור את הלהקה ולהקיף את העולם בהופעות,אילה,1,0,0.0,0
3016,Enclosure,"סגירה, כיתור, שטח מגודר","זה בטוח (sure) סגור (close), עשו שמה סגירה וזה שטח מגודר",אילה,1,0,0.0,0
3017,Encounter,מפגש,בוא נעשה מפגש של כל הסופרים (counter),אילה,1,0,0.0,0
3018,Endanger,לסכן,"הוא יכול לגרום ל(en) סכנה (danger), לסכן אותך!",אילה,1,0,0.0,0
3019,Endangered,בסכנת הכחדה,כל חיה אדומה (red) נמצאת בסכנה (danger) של הכחדה,אילה,1,0,0.0,0
3020,Endurance,כוח סבל,דור (dur) נס (nce) כי אין לו כוח סבל,אילה,1,0,0.0,0
3021,Endure,"לסבול, להחזיק מעמד",אני לא יכולה לסבול את המצב שאין לי דלת!,אילה,1,0,0.0,0
3022,Equator,קו המשווה,בוא נעשה סיור (tour) בקו המשווה (equal),אילה,1,0,0.0,0
3023,Equip,לצייד,צריך לצייד את כל מי שמתפטר (quit) בכלים לחיים,אילה,1,0,0.0,0
3024,Fabric,בד,זה עשוי מבד? אני מצב! אתה מפברק,אילה,1,0,0.0,0
3025,Extraterrestrial,מהחלל החיצון,"יש ניסיון (try) לater חייזרים בחלל החיצון, חוץ (extra)",אילה,1,0,0.0,0
3026,Rebuild,"לשקם, לבנות מחדש","היה נצרך לבנות (build) מחדש (re) את הבניין, כדי לשקם אותו",אילה,1,0,0.0,0
3027,Foresee,לחזות מראש,הוא ראה (see) את הדברים מראש (fore),אילה,1,0,0.0,0
3028,Precaution,אמצעי זהירות,צריך לפני (pre) לשים את אמצעי הזהירות (caution) כדי שלא ייפלו,אילה,1,0,0.0,0
3029,Intravenous,תוך ורידי,אני אוהב את כוכב הלכת ונוס (venous) הוא זורם לי בתוך (intra) הוריד,אילה,1,0,0.0,0
3030,Preview,תצוגה מקדימה,"אני רואה (view) את זה לפני (pre) כולם, בתצוגה מקדימה",אילה,1,0,0.0,0
3031,Transatlantic,שחוצה את האוקיינוס האטלנטי,הוא עושה מעבר (trans) באוקיינוס האטלנטי (atlantic),אילה,1,0,0.0,0
3032,Fabricate,לבדות,לfabric דברים זה לבדות,אילה,1,0,0.0,0
3033,Fate,גורל,הגורל שלי הוא להיות שמן (fat),אילה,1,0,0.0,0
3034,Flame,להבה,התהילה (fame) היא כמו להבה שבוערת וגורמת להתרגשות רבה!,אילה,1,0,0.0,0
3035,Flattery,חנופה,"נשמע כמו פלרטוט , מי שמפלרטט אומר דברי חנופה",אילה,1,0,0.0,0
3036,Flock,"לנהור, עדר, המון",רק במזל (luck) כשכל העדר התחיל לנהור לעברה לא קרה כלום,אילה,1,0,0.0,0
3037,Fragile,"עדין, שביר",הוא לא עשוי מג'לי הוא שביר,אילה,1,0,0.0,0
3038,Gauge,"למדוד, להעריך, מידה","החבורה שלי (גאנג) מנסה למדוד כל דבר בחיי, יש לנו אותה מידה",אילה,1,0,0.0,0
3039,Generous,נדיב,"הוא גם גאון (genius) גם ג'נטלמן וגם נדיב, וואו!",אילה,1,0,0.0,0
3040,Grade,"כיתה/ציון, דרגה, מעמד/שיפוע",הכיתה בצבא קיבלה ציון גבוה על יריית הגראד בשיפוע,אילה,1,0,0.0,0
3041,Hail,לשבח/ברד,המנהל שלי התחיל לשבח אותי על שעשיתי חיל (hail) על שהמצאתי את הברד,אילה,1,0,0.0,0
3042,Hall,מסדרון/היכל,האל יושב בהיכל שיש אליו מסדרון,אילה,1,0,0.0,0
3043,Herb,עשב,יש herbה עשב,אילה,1,0,0.0,0
3044,Illustrate,"להמחיש, להדגיש","להיות סטרייט (starte) זה לא להיות חולה (ill), אני חייבת להדגיש את זה",אילה,1,0,0.0,0
3045,Immersion,שקיעה,השקיעה זה הזמן בין אתה er לבין הזמן שאתה הולך ליsion,אילה,1,0,0.0,0
3046,Implement,ליישם,"אם אתה רוצה לקבל ממני complement, תאלץ ליישם את הערותיי",אילה,1,0,0.0,0
3047,Incompetence,חוסר יכולת,"אנחנו לא (in) נמצאים בתחרות (competition), כי אנחנו בחוסר יכולת",אילה,1,0,0.0,0
3048,Infectious,מדבק,אינפקציה זה דבר מדבק,אילה,1,0,0.0,0
3049,Insight,תובנה,התובנה מגיע מבפנים (inside),אילה,1,0,0.0,0
3050,Invoke,"לעורר, לזמן",בתוך (in) הוודקה (voke) יש חומר שיכול לעורר אותך ולזמן לך דברים טובים,אילה,1,0,0.0,0
3051,Labor,"להתאמץ/עבודה, עמל, לעמול",לבורנט צריך להתאמץ כדי להשיג עבודה,אילה,1,0,0.0,0
3052,Laborer,פועל,צוריך פועל שיפעיל את הלהביור הזה,אילה,1,0,0.0,0
3053,Loosely,באופן רפוי,"הוא הפסיד (lose) ומשכו לו בבגדים, לכן הם יושבים עליו באופן רפוי",אילה,1,0,0.0,0
3054,Loudspeaker,רמקול,"בשביל שמישהו יוכל לדבר (speaker) בקול, הוא צריך רמקול",אילה,1,0,0.0,0
3055,Luxury,מותרות,מי שיש לו מזל (luck) יכול לחיות עם מותרות,אילה,1,0,0.0,0
3056,I.e.,כלומר,I mean (נשמע דומה ומתאים לפירוש),יסמין ויס(:,1,0,0.0,0
3057,Provided (that),בתנאי ש,רק בתנאי שמספקים לי- מספק\ים= provide,יסמין ויס,1,0,0.0,0
3058,Gloom,"חשכה, עגמומיות","איזו חשכה, אני לא רואה גלום (כלום)",קורל,1,0,0.0,0
3059,Manufacture,ייצר,הוא ייצר הרבה תפריטים (menu) במפעל (factory),אילה,1,0,0.0,0
3060,Martial,"צבאי, קרבי","מרשל מHIMYM היה הולך מכות עם אחיו באופן קרבי, צבאי",אילה,1,0,0.0,0
3061,Master,"להתמחות, לשלוט","בכדי להגיע למאסטר שף, אתה צריך להתמחות באוכל ולשלוט בחומרי הגלם.",אילה,1,0,0.0,0
3062,Masterpiece,יצירת מופת,זה המאסטר של כל היצירות (piece).זו יצירת מופת!,אילה,1,0,0.0,0
3063,Mind,"לשים לב, לשמור/אכפת",זה העניין שלי אם אכפת לי מדברים או אם אני שם לב אליהם,אילה,1,0,0.0,0
3064,Myriad,"רב, הרבה",אין הרבה אנשים שמאמינים בבנות ים (Mermaid),אילה,1,0,0.0,0
3065,Observation,אבחנה,מי שמשרת (serve) תיון (tion) מקבל אבחנה של משוגע,אילה,1,0,0.0,0
3066,Observe,"להתבונן, להבחין",משקיף זה אחד שצריך להתבונן בכל ולהבחין בדברים,אילה,1,0,0.0,0
3067,Obstinate,עקשן,הוא מתעקש להתנזר (abstain),אילה,1,0,0.0,0
3068,Offender,"פושע, פוגע",פושע הוא אדם שפוגע בסוף (end) או מכבה דברים (off),אילה,1,0,0.0,0
3069,Offensive,"מעליב, פוגעני",עוף (off) ו(and) סיב שניהם דברים שיכולים להיות מעליבים,אילה,1,0,0.0,0
3070,Outdated,מיושן,צריך לשים בחוץ (out) את התאריך (date) הזה,אילה,1,0,0.0,0
3071,Outspoken,"מדבר גלויות, ישיר","מי שמדבר (spoke) יותר מידי, יכול להיות ישיר בטעות",אילה,1,0,0.0,0
3072,Overtake,"לעקוף, להשיג",אתה יכול לקחת (take) את כולם בתחרות... אתה יכול לעקוף ולהשיג אותם,אילה,1,0,0.0,0
3073,Picture,לדמיין,אני יכול לדמיין כל תמונה (picture) שראיתי אי פעם,אילה,1,0,0.0,0
3074,Province,"מחוז ,אזור",בוונציה (vince) כולם בעד (pro) לחלק את המקום למחוזות ואזורים,אילה,1,0,0.0,0
3075,Punctuation,"ניקוד, פיסוק",גם בשירי פאנק (punc) צריך ניקוד ופיסוק,אילה,1,0,0.0,0
3076,Recurring,"חוזר, נשנה",האות r חוזרת ונשנית במילה זו,אילה,1,0,0.0,0
3077,Reflect,"להרהר/לשקף, להחזיר אור","אם אני מהרהר, אז הרפלקס שלי לא יהיה מהיר מספיק",אילה,1,0,0.0,0
3078,Refugee,פליט,נשמע כמו &quot;רפיוז&quot; (לסרב) - הפליטים במדינתנו מסרבים לעזוב.,אילה,1,0,0.0,0
3079,Reinforce,"לתגבר, לחזק",להוסיף מחדש (re) כוחות (force) זה בשביל לתגבר ולחזק את החזית,אילה,1,0,0.0,0
3080,Relapse,"הדרדר, הישנות","דומה ל-collapse(שזה התמוטטות), מי שמתמוטט מדרדר ויש הישנות של הרגלים",אילה,1,0,0.0,0
3081,Relating,מתייחס,"משורש relate, יחס",אילה,1,0,0.0,0
3082,Custom,"מנהג, מותאם אישית",תחפושת (Costume) זה מנהג מותאם אישית לכל אחד,ת.,1,0,0.0,0
3083,Opposition,"אופוזיציה, התנגדות",Opposition זה אופוזיציה שהיא מתנגדת לקואליציה,ת.,1,0,0.0,0
3084,Descendant,צאצא,"The second Dan (דן השני, צאצא של דן הראשון)",אילה,1,0,0.0,0
3085,Formation,"מבנה, התהוות","הצורה (form) של השטיח (mat) רק בהתהוות, אמור להיות ממוקם עליו מבנה",אילה,1,0,0.0,0
3086,Fulfill,"למלא, להגשים","Fill (למלא), אני מלא (full) בחלומות שאני רוצה להגשים",אילה,1,0,0.0,0
3087,Remarkable,"ראוי לציון, יוצא דופן",אני יכול (able) למרקר (mark) רק דברים יוצאי דופן או ראויים לציון,אילה,1,0,0.0,0
3088,Rival,יריב,כל (all) הריבים (riv) שלי הם עם היריב שלי,אילה,1,0,0.0,0
3089,Rivalry,יריבות,מגיע מלשון יריב (rival),אילה,1,0,0.0,0
3090,Rural,כפרי,בזמנים שהיו שליטים (ruller) היו גם הרבה כפרים rural,אילה,1,0,0.0,0
3091,Satisfy,"לרצות, לספק","ניסינו לרצות את הבוס, אבל הוא אמר שהישיבה (sat) הייתה רק בסדר (fine)",אילה,1,0,0.0,0
3092,Scarce,נדיר,זה נדיר שאני מפחד (scare),אילה,1,0,0.0,0
3093,Score,"לחתוך, לחרוץ/לזכות בניקוד","אני יכול לזכות בניקוד, אבל כבר עכשיו אפשר לחרוץ שאני אזכה",אילה,1,0,0.0,0
3094,Senior,בכיר,כל סיני (seni) הוא בדוק בכיר,אילה,1,0,0.0,0
3095,Senior,בכיר/זקן,כל אדם סיני (seni) הוא או בכיר או זקן,אילה,1,0,0.0,0
3096,Sensation,תחושה,הסצנות האלה נותנות לי תחושה טובה,אילה,1,0,0.0,0
3097,Sensations,חדשות מרעישות,לא כל מי שעושה סצנות בהכרח היה לו חדשות מרעישות,אילה,1,0,0.0,0
3098,Set up,"להרכיב, לארגן, לסדר","כדי לארגן ולסדר דברים, אני מושיב (set) דברים למעלה (up)",אילה,1,0,0.0,0
3099,Sight,"ראייה, כוונת",אני יושב (sit) ומכוון את הראייה שלי בכוונת,אילה,1,0,0.0,0
3100,Exhausted,מותש,Ex house ted-אין כניסה(ex) לבית(haus) לדובי (ted)מותש,מיכל,1,0,0.0,0
3101,Sighting,"תצפית, מראה",השיא (si) של להיות בגובה (height) כזה הוא התצפית והמראה.,אילה,1,0,0.0,0
3102,Skinned,פשט עור,מלשון עור (skin),אילה,1,0,0.0,0
3103,Slight,"קל, מעט","Light זה דבר קל, ולרוב קל זה דבר שיש ממנו מעט",אילה,1,0,0.0,0
3104,Stadium,אצטדיון,כשאנשים מעודדים באצטדיון הם עומדים (stand),אילה,1,0,0.0,0
3105,Stark,"בוטה, מוחלט, גמור/שומם, עזוב",כוכבי (star) רוק (rk) הם בוטים באופן מוחלט ואחרי הבוטות כולים עוזבים אותם והם נהיים שוממים,אילה,1,0,0.0,0
3106,Steel,פלדה,יש אנשים שגונבים (steal) רק דברים מפלדה,אילה,1,0,0.0,0
3107,Storage,אחסון,אני מאחסן בסופר (store) דברים לכל הגילאים (age*,אילה,1,0,0.0,0
3108,Strain,"להתאמץ, למתוח, לנקוע/מתח נפשי","תיסע ברכבת (train) כדי לא להתאמץ, גם ככה יש עלייך מלא לחץ נפשי",אילה,1,0,0.0,0
3109,Tender,רך,טנדר יכול לרמוס כל דבר רך,אילה,1,0,0.0,0
3110,Tilt,"להטות, שיפוע",אסור לשים טלית בשיפוע או להטות אותה,אילה,1,0,0.0,0
3111,Timid,ביישן,אני תמיד אהיה ביישן,אילה,1,0,0.0,0
3112,Toxic,רעיל,הטוסיק הזה רעיל,אילה,1,0,0.0,0
3113,Trace,"סימן, עִקְבָה/לעקוב, למצוא",הוא לא השאיר סימן לאף אחד במירוץ (race) והיה קשה מאוד לעקוב אחריו,אילה,1,0,0.0,0
3114,Track,"מסילה, מסלול/לעקוב","הרבה צעירים הולכים במסלול לדרום אמריקה, למרות שהם לא עוקבים אחד אחרי השני",אילה,1,0,0.0,0
3115,Transmit,לשדר,"אתה לא צריך לשדר לי את הבשר (meat), אתה רק צריך להעביר (trans) לי אותו",אילה,1,0,0.0,0
3116,Transmitter,משדר,"מלשון transmit, לשדר",אילה,1,0,0.0,0
3117,Transplant,לשתול,אני מעביר (trans) את השתיל (plant) לעציץ וכך אני שותל אותו,אילה,1,0,0.0,0
3118,Triumph,ניצחון,"נשמע כמו טראמפ, לטראמפ היה ניצחון אחד בבחירות",אילה,1,0,0.0,0
3119,Tube,צינור,טובה (כלי הנגינה) בצורת צינור,אילה,1,0,0.0,0
3120,Twist,"סיבוך, סיבוב",טוויסט בעלילה זה סיבוך בעלילה,אילה,1,0,0.0,0
3121,Corruption,שחיתות,זמר הראפ (rup) קור (cor)הוא אדם ששחיתות מוכרת לו היטב,אילה,1,0,0.0,0
3122,Pronouncement,"הצהרה, הודעה",כל מי שטוב (pro) בשמות עצם (noun) צריך לצאת בהצהרה על זה,אילה,1,0,0.0,0
3123,Vagueness,"עמימות, ערפול",לפעמים עושים בוגאס דברים שגורמים לך לזכור דברים בעמימות וערפול,אילה,1,0,0.0,0
3124,Vehicle,כלי רכב,ויהיה קל כי יש כלי רכב,אילה,1,0,0.0,0
3125,Veracity,"יושר, הגינות",כל מי שגר בעיר וורה (בcity) נוהג תמיד ביושר והגינות,אילה,1,0,0.0,0
3126,Verdict,"פסק דין, פסיקה",ורד (verd) השופטת נתנה פסק דין למישהו שהכה מישהו אחר בעזרת דיקט,אילה,1,0,0.0,0
3127,Voyage,מסע,בכל גיל (age) אפשר ללכת למסע,אילה,1,0,0.0,0
3128,Wildlife,חיות בר,חיות בר חיות (life) בצורה מופרעת (wild),אילה,1,0,0.0,0
3129,Wind,למתוח,הרוח יכולה למתוח כל דבר,אילה,1,0,0.0,0
3130,Withstand,"להתמודד, לעמוד ב-",אפשר לעמוד stand ולהתמודד מול דברים,אילה,1,0,0.0,0
3131,Marble,"שיש, ג`ולה, גולה ",מר בול( אדון כדור) היה משחק בבית ספר בגולות עשויות משיש. ,עידן,1,0,0.0,0
3132,Marble,"שיש, גולה, ג`ולה.",מר בול(אדון כדור) היה משחק בגולות משיש בבית הספר.,עידן,1,0,0.0,0
3133,Jewel,שיבץ באבני חן; קישט בתכשיטים,Jew ( קיצור של יהודי) wel נשמע כמו wall (קיר). יהודי שיבץ את הקיר באבני חן וקישט בתכשיטים.,עידן,1,0,0.0,0
3134,Mortality,תמותה ,Mortal kombat-משחק לחימה(במחשב) שבו גורמים לתמותה של דמויות מצוירות.,עידן,1,0,0.0,0
3135,Affinity,"יחסי קרבה, זיקה, משיכה;דמיון","עם דגש ב-פ זה נשמע &quot;אה פינתי&quot; את הזבל לדוגמא, יכול ליצור יחסי קרבה ומשיכה עם בת הזוג.",עידן,1,0,0.0,0
3137,Aloquence,"רהיטות, לשון צחה ",אם ב-ו יהיה שורוק(O)במקום חולם נקבל &quot;אלו מלכות&quot; אלו קווינס (queens-מלכות) ומלכות מדברות ברהיטות ובלשון צחה. ,עידן חתוכה,1,0,0.0,0
3139,Myriad,"עצום, בלתי ספיר ","מירי אוהבת לעשות הד עצום במקומות שיש בהם אקו(הד), לכן קוראים לה מירי הד",עידן,1,0,0.0,0
3140,Livestock,עדר צאן או בקר(מיקנה),"&quot;מלאי&quot; של עדר בעלי חיים שהאדם מגדל ומוכר- live(שיש בו חיים), stock(מלאי) .",עידן+,1,0,0.0,0
3141,Abroad,חו&quot;ל,ברודוואי מדינה בחו&quot;ל,אילה,1,0,0.0,0
3142,Acquitted,זוכה מאשמה,"למרות שהוא זוכה מאשמה, הוא התפטר (quit)",אילה,1,0,0.0,0
3143,Advocate,פרקליט/לייעץ,הפרקליט ניסה לייעץ לי לאכול אבוקדו,אילה,1,0,0.0,0
3144,Ample ,"מספיק, שופע, גדול","Sample זה דוגמה קטנה, ample זה שופע, גדול",אילה,1,0,0.0,0
3145,Artifact,"חפץ, פריט אומנות",לא כל חפץ הוא אומנות (art) זאת עובדה! (fact),אילה,1,0,0.0,0
3146,Barrier,מחסום,צריך לשים מחסום מחוץ לכלוב של הדובים (bear) או שהם יאכלו אותנו,אילה,1,0,0.0,0
3147,Blur,"טשטוש, לטשטש",אני שותה וויסקי עם בלו (blu) כדי לטשטש את המחשבות,אילה,1,0,0.0,0
3148,Coal,פחם,"קולה ופחם באותו צבע, שחור",אילה,1,0,0.0,0
3149,Commute,"להמתיק (עונש)/להחליף, להמיר/לנסוע בקביעות לעבודה","אני רוצה לשים על mute את העונש שלי, להמתיק אותה, או להחליף ולהמיר אותו בדברים אחרים. בנוסף, בלי העונש אוכל לנסוע בקביעות לעבודה",אילה,1,0,0.0,0
3150,Composed,הלחין,הקמפוס זה מקום ממש טוב שבו אפשר להלחין דברים,אילה,1,0,0.0,0
3151,Condense,לדחוס,כמה אנשים אפשר (can) לדחוס במועדון ריקודים (dance),אילה,1,0,0.0,0
3152,Condone,"לסלוח, למחול",היינו יחד (con) עד שהריב נעשה (done) ולא הצלחתי לסלוח או למחול,אילה,1,0,0.0,0
3153,Congenial,"נעים, ידידותי",כל (all) ג'ני (geni) היא נעימה וידידותית,אילה,1,0,0.0,0
3155,Consolidate,"לאחד, לגבש",יחד (con) אנחנו יכולים לאחד יחידים (solo) לדייט,אילה,1,0,0.0,0
3156,Container,"מיכל, קונטיינר",כדי לשמר (contain) דברים אפשר לשים אותם במיכל,אילה,1,0,0.0,0
3157,Contest,למחות/תחרות,כולנו יחד (con) רוצים למחות על כך שיש מבחנים (test) זה גורם לתחרות בינינו!,אילה,1,0,0.0,0
3158,Crash,"להתנגש, התנגשות",Candy crash - משחק שגורמים לממתקים להתנגש ואז הם מתרסקים,אילה,1,0,0.0,0
3159,Damp,לח,Damn! זה לח..,אילה,1,0,0.0,0
3160,Delicate,עדין,דלי החתול (cat) הוא החתול הכי עדין שיש,אילה,1,0,0.0,0
3161,Defer,"לעכב, לדחות",בגלל שהוא שונה (diffrent) מעכבים ודוחים אותו,אילה,1,0,0.0,0
3162,Department,מחלקה,חלק ממשהו (part) זה מחלקה,אילה,1,0,0.0,0
3163,Department-store,חנות כולבו,בחנות (store) שיש בה הרבה מחלקות (Department) זו חנות כולבו,אילה,1,0,0.0,0
3164,Deposit,"להפקיד, פיקדון",זה ממש פוזה להפקיד את כל הפיקדון בבת אחת,אילה,1,0,0.0,0
3166,Domestic,ביתי,הסטיק הזה ממש דומה לסטיק שיש לי בביתי,אילה,1,0,0.0,0
3167,Donor,תורם,תעשה כבוד (honor) לתורם (donor) הזה,אילה,1,0,0.0,0
3168,Draw,"תיקו, שוויון/לצייר/לשלוף",כדי לצייר את השוויון הזה צריך לשלוף את המכחול,אילה,1,0,0.0,0
3170,Drift,"סחף, זרם",במקום יבש dry לא יכול להיות שיהיה זרם או סחף,אילה,1,0,0.0,0
3171,Eager,"נחוש, נלהב","איגור הוא רוסי ורוסים הם אדישים, לא נחושים או נלהבים לעשות דברים",אילה,1,0,0.0,0
3172,Engage,"להעסיק, ליצור מגע",באירוסין (Engagement) יש הרבה דברים שיכולים להעסיק אותך,אילה,1,0,0.0,0
3173,Entertain,"לשעשע, לבדר",אפשר להכניס (enter) עד 10 (ten) אנשים כדי לשעשע ולבדר את המלך,אילה,1,0,0.0,0
3174,Esteemed,מכובד,"הוא לא סתם (steem) אד (ed), הוא אד מאוד מכובד",אילה,1,0,0.0,0
3175,Exert,להתאמץ/להפעיל,דומה ל-expert שזה מומחה שאם הוא מתאמץ הוא יכול להפעיל הכל,אילה,1,0,0.0,0
3176,Establishment,"ייסוד, מוסד",היא עשתה (esta) ייסוד של המוסד בלי (bli) איש (ish),אילה,1,0,0.0,0
3177,Negligent,רשלנות,"נגלי וג'נט שכחו את הכלב באוטו, איזו רשלנות.",אילה,1,0,0.0,0
3178,Expend,"לגמור, לבזבז, לפזר","דברים יקרים (expense) יכולים לגרום לך לגמור את הכסף, לבזבז ולפזר אותו בכל מקום.",אילה,1,0,0.0,0
3179,Familiarize,להתוודע,אני צריך להתוודע למשפחה (family) של הארים (ari) וכל זה (ze),אילה,1,0,0.0,0
3180,Fascinate,לרתק,פנטזיה יכולה לרתק תמיד,אילה,1,0,0.0,0
3181,Fiber,סיב,"כדי להיפטר מהחום (fever), צריך לאכול דברים עם סיבים",אילה,1,0,0.0,0
3182,Firm,"מוצק/נחוש, תקיף/חברה (פירמה)",הסופר פארם (firm) היא חברה עם עמדה מוצקה והבעלים שלה תקיף מאוד,אילה,1,0,0.0,0
3183,Fluency,שטף,יש עכשיו שטף של אנשים עם שפעת (flue) ,אילה,1,0,0.0,0
3184,Fluent,שוטף,דודות (ant) שחולות בשפעת (flue) מדברות באופן שוטף,אילה,1,0,0.0,0
3185,Grievance,"טרוניה, התמרמרות",אני לא מסכים (agree) עם המטלות שואנס הטיל עליי ולכן אני במצב של התמרמרות,אילה,1,0,0.0,0
3186,Goblet,גביע,לגובלינים שעובדים בגרינגוטס יש מלא גביעים,אילה,1,0,0.0,0
3187,Genre,"ז'אנר, סוגה",Genre נשמע כמו ז'אנר,אילה,1,0,0.0,0
3188,Gasoline,בנזין,"אם לוחצים הרבה על הגז (gas) במכונית, צריך למלא בה בסוף בנזין",אילה,1,0,0.0,0
3189,Fragrance,ניחוח,אישה בהריון (Pregnant) מריחה כל מיני ניחוחות לא רגילים,אילה,1,0,0.0,0
3190,Growled,נהם,רק מי שנוהם ומוביל (lead) יכול לצמוח (grow),אילה,1,0,0.0,0
3191,Hasty,"מהיר, בהול",נסטי היו מהירים ובאופן בהול החליטו לשנות את השם לפיוזטי,אילה,1,0,0.0,0
3192,Hatch,"לבקוע (מביצה)/פתח, צוהר","למאמן הדג', מפרסי גקסון. יש פתח במשרד שלו, שמה הוא מנסה לבקוע כמו מביצה",אילה,1,0,0.0,0
3193,Heed,לשים לב,הצלחתי להתחבא בלי שאף אחד שם לב אליי,אילה,1,0,0.0,0
3194,Dandy,גנדרני,בדן דיזיין סנטר (dandy-sign) יש הרבה רהיטים מגונדרים לאנשים מגונדרים,רוני,1,0,0.0,0
3195,Smooth,"חלק, עדין, שטוח",המידה דומה לסמודי בול (קערת שייק)- יש לה מרקם חלק ועדין,קורל,1,0,0.0,0
3196,Shield,"להגן, מגן","כמו שילדה ברכב, השלד שלה, מגן עליה מפגיעות",קורל,1,0,0.0,0
3197,Figurative,סמלי,בדברים סמליים לא תמיד אפשר להבחין (figure),אילה,1,0,0.0,0
3198,Heresy,כפירה,היא חושבת שהים (sea) הזה שלה (here) היא כופרת באל הים!,אילה,1,0,0.0,0
3199,Hinder,לעכב,קינדר יכול לעכב את הדיאטה,אילה,1,0,0.0,0
3200,Hive,כוורת,לא כדאי לתת כיף (high five) לכוורת,אילה,1,0,0.0,0
3201,Horrific,אָיוֹם,סרט האימה (horror) הזה פשוט איום!,אילה,1,0,0.0,0
3202,Hospitality,הכנסת אורחים,בבית החולים (hospital) יש מנהג של הכנסת אורחים,אילה,1,0,0.0,0
3203,Hostility,עוינות,"מי שמנהל (host) בשיחות זום, יכולים לפתח כלפיו עוינות כי הוא משתיק את כולם",אילה,1,0,0.0,0
3204,Illuminate,להאיר,הלילה (night) הוא בעילום (illum) שם ולא באמת יכול להאיר,אילה,1,0,0.0,0
3205,Imply,לרמוז,"פליי (play) - לשחק עם מישהו , לא להגיד לו ישירות, לרמוז.",אילה,1,0,0.0,0
3206,Incline,שיפוע,"למי שיש מחלה קלינית, הבריאות שלו היא בשיפוע",אילה,1,0,0.0,0
3208,Guarantee,"להבטיח, ערבות","אני יכול להבטיח לך, בערבות, שזה גרין (guaran) תה (tee)",אילה,1,0,0.0,0
3209,Inherit,לרשת,"מלשון תורשה, heredity",אילה,1,0,0.0,0
3210,Inject,להזריק,בטעות הזרקת לתוך הג'קט,אילה,1,0,0.0,0
3211,Intelligence,אינטליגנציה/מודיעין,מי שבמודיעין צריך להיות עם אינטליגנציה,אילה,1,0,0.0,0
3212,Interface,ממשק,בין (inter) הפנים (face) אין ממשק,אילה,1,0,0.0,0
3213,Interjection,"הערה, הפרעה לשיחה",למייקל ג'קסון (jection) לא יעירו אף פעם ולא יפריעו לא בשיחה,אילה,1,0,0.0,0
3214,Lackluster,"היעדר ברק, היעדר כוח",לוק (lack) רוצה להסתיר (luster) את היעדר הברק והיעדר הכוח שלו,אילה,1,0,0.0,0
3215,Parrot,תוכי,נשמע כמו פרד (הכלאה של חמור עם סוסה) רק עם- t ניתן לדמיין פרד שעליו נמצא תוכי. ,עידן,1,0,0.0,0
3216,Leisure,פנאי,תהיה בטוח (sure) שאין לי פנאי לשכב (lie) כל היום,אילה,1,0,0.0,0
3217,Lucrative,רווחי,"אנשים עם לוק (luc) רע (ra) נוטים ל(ive, סיומת של נוטה ל-)היות רווחיים",אילה,1,0,0.0,0
3218,Lurking,"אורב, מתגנב","מלך (king) לא (lu) יודע לארוב ולהתגנב, כי יש לו כתר שמרעיש",אילה,1,0,0.0,0
3219,Merit,"ערך, הישג",יש מי שרואים בנישואין (marriage) ערך גדול והישג שחייב להשיג.,אילה,1,0,0.0,0
3220,Meticulous,קפדני,איש קפדני יכול להיות מאוד מציק! (metic),אילה,1,0,0.0,0
3221,Migrate,להגר,הרעיון שלי (mine) הוא מעולה! (great) להגר למדינה זרה,אילה,1,0,0.0,0
3222,Mimic,לחקות,"המילה מחקה את עצמה, יש mi כפול 2",אילה,1,0,0.0,0
3223,Narcotic,סם,"מי שרוצה לקנות סם, ימכור כל דבר שיש לו, גם נר (nar) או תיק (tic)",אילה,1,0,0.0,0
3224,Significance,חשיבות,אני אחתום אם אני אוכל בגלל החשיבות של זה ( sign if I can ),Renana,1,0,0.0,0
3225,Nurture,"לטפח, להזין, לחנך",צריך לטפח את הטבע (nature) ולהזין את האדמה בדברים טובים,אילה,1,0,0.0,0
3226,Obligation,התחייבות,אני בהתחייבות מוחלטת לליגה (liga) O,אילה,1,0,0.0,0
3227,Oblige,"לחייב, לאלץ",צריך לחייב אותו לעשות את זה. עם או (o) בלי (bli) כוח G,אילה,1,0,0.0,0
3228,Overly,יותר מידי,"זה אובר לי, יותר מידי בשבילי",אילה,1,0,0.0,0
3229,Oversee,לפקח,הוא רואה (see) יותר (over) את הפועל הצעיר כי הוא צריך לפקח עליו,אילה,1,0,0.0,0
3230,Path,"דרך, נתיב","ועמי ותמי יצרו דרך מ&quot;פת&quot; לחם, שימצאו את הנתיב לביתם",אילה,1,0,0.0,0
3231,Peddler,"רוכל, סוחר",מי שמשתמש בפדלים (peddler) יוכל להגיע ממקום למקום ולהיות סוחר מצויין,אילה,1,0,0.0,0
3232,Perpetuate,להנציח,כל (per) חיה (pet) שאתה (u) אכלת (ate) צריך להנציח אותה,אילה,1,0,0.0,0
3233,Petroleum,נפט,אין שום חיית מחמד (pet) שיש לה תפקיד (role) חשוב כמו לנפט במסחר,אילה,1,0,0.0,0
3234,Poet,משורר,למשורר יש תמיד עט (et). גם פה (po),אילה,1,0,0.0,0
3235,Pole,מוט/קוטב,"מי שעומד ליPol כדאי שיהיה לו מוט להיאחז בו, אחרת יימצא עצמו בקוטב",אילה,1,0,0.0,0
3236,Poorly,בצורה גרועה,"Poor זה דבר ירוד, ככה שאם עושים משהו ירוד, ברור שהוא יהיה בצורה גרועה.",אילה,1,0,0.0,0
3237,Asset,נכס,מה יש בסט של הסרט (set)? נכס,לירן,1,0,0.0,0
3238,Potter,קדר,"אם הארי פוטר לא היה קוסם, הוא היה יוצר מחימר כדים",אילה,1,0,0.0,0
3239,Principle,"עיקרון, עיקרי",העיקרון העיקרי של הנסיך (Prince) הוא להיות יפה (ipe),אילה,1,0,0.0,0
3240,Probation,תקופת מבחן,"אני בעד (pro) שמי שלא עומד בתקופת המבחן שלו, נחבוט בו במחבט (bat) ",אילה,1,0,0.0,0
3241,Carbohydrates,פחמימות,"אם אכפת (care) לך מהגוף (body) שלך, אל תאכל פחמימות",אילה,1,0,0.0,0
3242,Protein,חלבון,"קניתי איזה 10 (ten) מעדני PRO, שהם עשירים בחלבון",אילה,1,0,0.0,0
3243,Praise,לשבח,"כשמתפללים (pray), אנשים רוצים לשבח ולהעלות (raise) את אלוהים",אילה,1,0,0.0,0
3244,Prone,נוטה,"פורנו נוטה להראות מציאות לא מציאותית, אפילו המילה לא כתובה כמו שצריך!",אילה,1,0,0.0,0
3245,Proposition,הצעה,אני בעד (pro) ההצעה למשרה (position),אילה,1,0,0.0,0
3246,Readily,ללא קושי,"שור יצליח להבחין ללא קושי בצבע אדום (red), גם בסמטה (ally) חשוכה",אילה,1,0,0.0,0
3247,Prospective,"צפוי, עתידי","לפרוספקט יש תכונה (סיומת ive), בה הוא מספר כל מה שצפוי ועתידי לקרות",אילה,1,0,0.0,0
3248,Courageous,אמיץ,קור רוח (cour) בא עם הגיל (age)- אתה ניהיה אמיץ,לירן,1,0,0.0,0
3249,Proposition,הצעה,אני בעד (pro) ההצעה למשרה (position),אילה,1,0,0.0,0
3250,Rearing,"גידול, טיפוח","מלשון rear, לגדל, לטפח",אילה,1,0,0.0,0
3251,Reassurance,"הבטחה, הרגעה",אני יכולה להרגיע אותך ולהבטיח לך שיש לנו ביטוח (insurance) אמיתי (real),אילה,1,0,0.0,0
3252,Remedy,תרופה,פניתי לרמ&quot;ד שלי בשביל תרופה,אילה,1,0,0.0,0
3253,Represent,"לייצג, מייצג",פרזנטור הוא אחד שמייצג חברות,אילה,1,0,0.0,0
3254,Repressive,מדכא,מי שעושה ראפ (rep) ברברס (ressive) זה דבר מדכא,אילה,1,0,0.0,0
3255,Reproduce,"להתרבות, לשכפל","מוצר (produce) שעושים אותו שוב ושוב (re) זה אומרים שגורמים לו להתרבות, לשכפל אותו",אילה,1,0,0.0,0
3256,Resent,"להתנגד, להתרעם","אני שולח (sent) לך מסרים שוב ושוב (re), שתפסיק להתנגד לי ולהתרעם עליי",אילה,1,0,0.0,0
3257,Reservation,שמורה/שריון מקום,"הכל שמור, שריינו מקום להכל. אין רזרבות",אילה,1,0,0.0,0
3258,Reserve,"עתודה, מילואים/לשמור/שמורה",בעתודה וגם במילואים אנשים רוצים לשרת (serve) ולשמור על המדינה,אילה,1,0,0.0,0
3259,Reservoir,מאגר,יש לי מאגר של אור (oir) ומשרתים (serve),אילה,1,0,0.0,0
3260,Interpretation,פרשנות,פרשנות על קבוצת הכדורגל אינטר (INTER),לירן,1,0,0.0,0
3261,Lane,מסלול,הP(LANE) במסלול,לירן,1,0,0.0,0
3262,Revise,"לתקן, לשפר","Device=מכשיר, devise=להמציא, revise=לתקן",Thkv,1,0,0.0,0
3263,Revision,בדיקה מחדש לצורך שיפור,הסתכלות (vision) מחדש (re) ואז תיקון המצב,אילה,1,0,0.0,0
3264,Segment,"קטע, מקטע",לאיזה קטע התכוונת (ment) בכל הסאגה שלך?,אילה,1,0,0.0,0
3265,Heeded,שמו לב אליו,הידד ששמת לב!,Shay,1,0,0.0,0
3266,Self-indulgence,סיפוק-עצמי,"Self=עצמי, סיפוק מגיע כשאנחנו מגיעים לבגרות (adult) וזה קשור בגנים (gence)",אילה,1,0,0.0,0
3267,Sequel,המשך,אני יכול לצייר המשך לים (sea) עם עט הקולמוס (quill),אילה,1,0,0.0,0
3268,Sequence,רצף,מה הסיכוי שיהיה כזה רצף של נצחונות בלוטו?,אילה,1,0,0.0,0
3269,Shell,"קליפה, מעטפת/פגז","לא כל הפגז של המהנדס, רק הקליפה שלו.",אילה,1,0,0.0,0
3270,Slate,"להכניס מישהו לרשימה/רעף, לוח","נשמע כמו להחליק (slide), אפשר להחליק מישהו לרשימה והוא יכול להחליק מהרעף/לוח",אילה,1,0,0.0,0
3271,Sequence,רצף,מה הסיכוי שיהיה כזה רצף של נצחונות בלוטו?,אילה,1,0,0.0,0
3272,Slaughter,"לטבוח, לשחוט, טֶבַח",אנשי הSS פרצו בצחוק (laughter) כאשר הם טבחו ושחטו את היהודים,אילה,1,0,0.0,0
3273,Slender,רזה,"מי שרוצה להיות רזה, צריך להכין משקאות בריאים בבלנדר",אילה,1,0,0.0,0
3274,Sound,בריא,"הקול (sound) שאתה עושה הוא קול של אנשים לא בריאים, חולים",אילה,1,0,0.0,0
3275,Spike,יתד,"יתד זה דבר מיושן להשתמש בו, כמו בסקייפ",אילה,1,0,0.0,0
3276,Splendor,פאר,איזה פאר הבית! הפנאלים (plen) והדלת (door),אילה,1,0,0.0,0
3277,Segment,"קטע, מקטע",חלק מהקצינים חולים במחלת הסגמת,אילה,1,0,0.0,0
3278,Store,לאחסן,אפשר לאחסן דברים בחנות (store),אילה,1,0,0.0,0
3279,Strict,נוקשה,מי שנוקשה לא עושה טריקים,אילה,1,0,0.0,0
3280,Subsequent,עוקב,דודה (ant) שלי עשתה &quot;עוקב&quot; לסבא (sub) שהיה חולה (sick),אילה,1,0,0.0,0
3281,Supplement,תוסף,אם אתה לא מוסיף לי עוד סופלה אני מת,אילה,1,0,0.0,0
3282,Supply,אספקה,יש לי אספקה של מרקים (sup) שאפשר לשחק איתם (play),אילה,1,0,0.0,0
3283,Tie,"לקשור, קשירה",את העניבה (tie) אנחנו יודעים לקשור בקשירה הדוקה,אילה,1,0,0.0,0
3284,Tomb,קבר,תום=סוף=קבר,אילה,1,0,0.0,0
3285,Trait,תכונה,"איך שאתה מתנהג (treat) אנשים אחרים, זה חלק מהתכונות שמאפיינות אותך",אילה,1,0,0.0,0
3286,Tranquilize,להרגיע,"אולי לשבת בטרקלין, עם ספר יכול להרגיע אותך",אילה,1,0,0.0,0
3287,Tranquilize,"להרגיע, להרדים","אתה חייב לנבות להרגיע, אולי תקרא ספר בטרקלין ותצליח להירדם",אילה,1,0,0.0,0
3288,Transcend,להתעלות,"Descend זה לרדת, אז transcend זה להתעלות",אילה,1,0,0.0,0
3289,Transition,"מעבר, שינוי",אפשר לעשות מעברים בין מקומות ולעשות שינוי מקום מגורים עם טרנזיט,אילה,1,0,0.0,0
3290,Transparent,שקוף,זה שקוף שההורים (parent) שלי שונאים מעבר (trans),אילה,1,0,0.0,0
3291,Absent,"חסר, נעדר, לא נוכ",הוא נעדר אז אבא שלו (ab) שלח (sent) מישהו לחפש אותו,Shai,1,0,0.0,0
3292,Transport,להוביל/הובלה,"בנמל (port) למעבר (trans) קוראים הובלה, להוביל",אילה,1,0,0.0,0
3293,Transportation,תחבורה,כדי להוביל (transport) את התיון (ation) צריך תחבורה,אילה,1,0,0.0,0
3294,Virtue,מעלה,לאנשים וירטואלים יש מעלות טובות,אילה,1,0,0.0,0
3295,Vivid,"חד, בהיר, ססגוני, שופע","ויוי היא ילדה חדה, עם צבע עור בהיר, ססגונית לרוב",אילה,1,0,0.0,0
3296,Vulnerable,פגיעות,אפילו כוויה מנר (ner) יכולה (able) לעורר פגיעות,אילה,1,0,0.0,0
3297,Withdraw,"לסגת, לפרוש",גם עם (with) תיקו (draw) אי אפשר לנצח וצריך לפרוש,אילה,1,0,0.0,0
3298,Maintenance,תחזוקה,מלשון maintain=לשמר,אילה,1,0,0.0,0
3299,Immune system,מערכת חיסון,מערכת החיסון שלנו יכולה להתחזק בעזרת אימון (immune),אילה,1,0,0.0,0
3300,Depression,"דיכאון/שפל כלכלי, מיתון","הוא לוחץ (press) עליו כדי שיצליח לצאת מהמיתון, השפל הכלכלי, שיוציא אותו מהדיכאון גם",אילה,1,0,0.0,0
3301,Routine,שגרה,הדרך (route) שלי היא דבר שבשגרה,אילה,1,0,0.0,0
3302,Commentery,פירוש,בתגובה (comment) אני כותב את הפירוש שלי לאירוע,לירן,1,0,0.0,0
3303,Physician,רופא,רופא הוא מישהו שהמקצוע (ian סיומת של מקצוע) קשור לחלק הפיזי (physic) בגןף,אילה,1,0,0.0,0
3304,Recognize,להכיר,רק הרקורד(reco) שלו יכול לגרום ל(ize סיומת של לגרום ל-)אנשים להכיר בו,אילה,1,0,0.0,0
3305,Shorten,לקצר,"כדי לגרום למשהו (en, לגרום למשהו) להיות קצר (short) צריך לקצר אותו",אילה,1,0,0.0,0
3306,Instructor,מדריך,גם בתוך (in) הטרקטור (tructor) המדריך יכול לעשות לנו סיור,אילה,1,0,0.0,0
3307,Pianist,פסנתרן,"מי שמנגן בפסנתר (piano) הוא בעל מקצוע (ist סיומת של בעל מקצוע), הוא פסנתרן",אילה,1,0,0.0,0
3308,Salesman,איש מכירות,איש (man) מכירות (sales),אילה,1,0,0.0,0
3309,Lengthen,להאריך,"כדי לגרום למשהו (en, לגרום למשהו) להיות ארוך (short) צריך להאריך אותו",אילה,1,0,0.0,0
3310,Ignite,להצית,"כדי להפוך את האיגואנה (ign) לאיגואנת אש, צריך לגרום לה (ite, סיומת של לגרום ל-) לעלות באש, להצית אותה",אילה,1,0,0.0,0
3311,Abhor,"לשנוא, לתעב",הוא עשה לאבא (ab) שלו חור (hor) בלב ולכן אבא שלו התחיל לשנוא ולתעב אותו,אילה,1,0,0.0,0
3312,Adolescence,גיל ההתבגרות,"מבוגרים (adolt) לא עושים סצנות, רק ילדים בגיל ההתבגרות",אילה,1,0,0.0,0
3313,Attorney,עורך-דין,"כשאורנה (orney) דץ התגרשה, היא הייתה זקוקה לעורך-דין לגירושים",אילה,1,0,0.0,0
3314,Awe,יראת כבוד,"כשאדם מלא ביראת כבוד, הוא פוער את פיו ואומר אההה (awe)",אילה,1,0,0.0,0
3315,Bald,קרח,אני בעל הקרח הזה,אילה,1,0,0.0,0
3316,Barn,אסם,"לברני מHIMYM יש כל כך הרבה דברים מופרכים, בטוח יש לו אסם",אילה,1,0,0.0,0
3317,Beat,"מקצב/מכה, להכות","ביט זה מקצב, אפשר לעשות מקצב בעזרת זה שנוכל להכות מכות על השולחן",אילה,1,0,0.0,0
3318,Bond,קשר,כדי להיות ג'יימס בונד צריך להפעיל קשרים,אילה,1,0,0.0,0
3319,Breed,"מין, גזע/להרביע, להפרות",יש המון מינים של דבורים (bee) שאפשר להפרות ולהרביע,אילה,1,0,0.0,0
3320,Clash,התנגשות,לפני שהוא התרסק (crash) הייתה ההתנגשות,אילה,1,0,0.0,0
3321,Cliff,צוק,הוא ניסה לטפס (climb) על הצוק,אילה,1,0,0.0,0
3322,Cosmopolitan,אוניברסלי,משהו קוסמי הוא משהו של כל העולם,אילה,1,0,0.0,0
3323,Course,מנה/קורס/מסלול,יש קורס שבו מלמדים איך לעשות מנות טעימות ויש שמלמדים איך ללכת במסלול,אילה,1,0,0.0,0
3324,Croak,קרקור,נשמעים דומה,אילה,1,0,0.0,0
3325,Crop,לקצץ/יבול,"מי שמכיר את הקראפוי במיתולוגיה, הם משרתי אלת התבואה והם יכולים לקצץ לך את הצורה",אילה,1,0,0.0,0
3326,Subsequently,כתוצאה מכך,"Subsequent=עוקב, דברים שקורים כתוצאה מדברים הם דברים עוקבים",אילה,1,0,0.0,0
3327,Formerly,לשעבר,יש לי (ly) את זה כבר מ(form)המעסיק הקודם שלי,אילה,1,0,0.0,0
3328,Following,בעקבות,"אני הולך בעקבותיו, אני עוקב (follow) את מעשיו",אילה,1,0,0.0,0
3329,Initially,בתחילה,יניטה (initia) בתחילת דרכה חיה בסמטה (ally),אילה,1,0,0.0,0
3330,Primarily,בראש ובראשונה/בעיקר,בפריימריז צריך בראש ובראשונה למצוא מועמדים ואז בעיקר נשאר לבחור,אילה,1,0,0.0,0
3331,Nowadays,כיום,"זה קורה עכשיו (now), בימים (days) אלה, כיום",אילה,1,0,0.0,0
3332,Curtain,וילון,מבד של עשר (ten) כרית (cur) אפשר להכין ויליון,אילה,1,0,0.0,0
3333,Dairy,מחלבה,את המשמרות של המחלבה רושמים ביומן (diary),אילה,1,0,0.0,0
3334,Dandy,גנדרני,אבא (dady) שלי הוא אדם מאוד גנדרני,אילה,1,0,0.0,0
3335,Meticulous,"קפדני, מדוקדק, מוקפד",")מטיקולס)מזכיר את המילה מסטיק, מקפידה ללעוס מסטיק ולשמור על ריח טוב בפה",אנונימית,1,0,0.0,0
3336,As soon as,ברגע ש,"רגע אחד אתה אומר שזה קרה אז (as) ורגע אחד שזה יקרה בקרוב (soon), ברגע שתחליט תודיע לי",אילה,1,0,0.0,0
3337,Frequently,לעיתים קרובות,רק פריקים (freq) משתמשים הרבה בחוט דently,אילה,1,0,0.0,0
3338,Eternally,"לעד, לנצח",אתה תהיה תורן (tern) של סמטאות (ally) לעד!,אילה,1,0,0.0,0
3339,Ultimately,בסופו של דבר,בסופו של דבר נתתי להם אולטימטום,אילה,1,0,0.0,0
3340,Derision,לעג,אין (de) לה רישיון (rision) ולכן היא מושא ללעג,אילה,1,0,0.0,0
3341,Dissect,"לנתח, לבתר","כדי להכין סטייק (sect), צריך לבתר את הפרה לשניים",אילה,1,0,0.0,0
3342,Draft,טיוטה/גיוס/משיכה/רוח פרצים,"הכנתי טיוטה לגלופה של חולצת הדרייפט שהכנתי לגיוס, שמעתי שזה ממש מושך ושזה טוב נגד רוח פרצים",אילה,1,0,0.0,0
3343,Dull,סתום/משעמם/עמום,"זה משעמם לשחק עם בובות, הן גם סתומות ומי שמשחק איתן זה רק באור עמום",אילה,1,0,0.0,0
3344,Dwell,להתגורר,לאל (ell) יש לפחות שתי (dw) מקומות להתגורר בהם,אילה,1,0,0.0,0
3345,Emit,"לפלוט, להוציא","הוא הודה (admit) בדברים, הוא פשוט התחיל לפלוט עוד ועוד",אילה,1,0,0.0,0
3346,Emphasize,להדגיש,"צריך לשיר את פה (Pha) בגודל (size) הנכון, להדגיש אותה",אילה,1,0,0.0,0
3347,Engine,מנוע,"כשאין (en) ג'יני (gine) שיסיע אותך ממקום למקום, אתה צריך משהו עם מנוע",אילה,1,0,0.0,0
3348,Engineer,"מהנדס, להנדס",דעת להנדס זה עובר בגנים (gin) כמו אוזניים (ear),אילה,1,0,0.0,0
3349,Ensue,נבע,כל העניין נבע מזה שהם נסו מפניי,אילה,1,0,0.0,0
3350,Envious,קנאי,אין מבאס (נשמע דומה) יותר מלהיות קנאי למישהו,אילה,1,0,0.0,0
3351,Plague ,"מגפה, דבר; מטרד(בלשון הדיבור)","נשמע כמו פלג, ניתן לדמיין פלג עליון בגוף שחלה במגפה כתוצאה מכך נוצר מטרד.",עידן,1,0,0.0,0
3352,Respectively,"בהתאמה, ביחס ישר",מי שנוהג בכבוד(respect) מחלק דברים בהתאמה ביחס ישר או פרופורציונלי,עידן,1,0,0.0,0
3353,Albeit,אף על פי,נשמע כמו אלף בית אותיות אומרים בפי לכן אף על פי,ליאור,1,0,0.0,0
3354,Pollution ,זיהום ,אם לא תעשה פוליש לצלחות יהיה זיהום ,הדר,1,0,0.0,0
3355,Powder ,אבקה ,כמו פודרה (של איפור),הדר,1,0,0.0,0
3356,Disintegrate,לְהִתְפּוֹרֵר,"נשמע כמו : ?this in tea ,great - אם תשים א ת זה בתה שלך זה לא טוב זה יתפורר",Renana,1,0,0.0,0
3357,Maternal,אימהי ,"מזכיר את המילה מטרנה, זה אימהי להביא לתינוקות שלך מטרנה",Renana ,1,0,0.0,0
3358,Inquire,לברר," ההבדל בין לברר ולדרוש require זה בתחילת , כשאתה מברר בתחילת היא in כי אתה נכנס לזה בשביל לבדוק באמת ",Renana ,1,0,0.0,0
3359,Distort,לעוות,"Tort , מזכיר טורט, מי שיש לו טורט הוא לפעמיים מעוות את הפנים ",Renana ,1,0,0.0,0
3360,Admitted,"הודה,התיר,הכניס",התפקיד של אדמין זה תמיד להadmitted כניסה לקבוצות בפייסבוק,ניצן,1,0,0.0,0
3361,Plant,צמח/מפעל,יש הרבה צמחים שמקימים מפעלים,אילה,1,0,0.0,0
3362,Pollution,זיהום,בגלל הגידול באוכלוסייה (population) יש הרבה זיהום,אילה,1,0,0.0,0
3363,Frequent,"תדיר, תכוף",זה לא תדיר שיש קניות בחינם (free),אילה,1,0,0.0,0
3364,Reason,"סיבה,הגיון","אם אתה רוצה שהסיבה שלך תהיה מספיק משכנעת, צריך להיות בה הגיון.",אור,1,0,0.0,0
3365,Abhor,לסלוד...,אני כועס ובוער בו על כך שהרביץ לי,Hannah,1,0,0.0,0
3366,Death,מוות,"כשמישהו מת, אנו כותבים את צוואתו על (דף)",Hannah,1,0,0.0,0
3367,Destroy,הרס,"כשהמכונית דרסה אותו, היא הרסה את עצמותיו",Shell,1,0,0.0,0
3368,Beneath,מתחת,בן (ben) אכל (eat) מתחת לשולחן,אילה,1,0,0.0,0
3369,Ahead of,לפני,הוא שם את הראש (head) שלו לפני שאר הגוף שלו,אילה,1,0,0.0,0
3371,Enrich,להעשיר,לגרום ל(en) משהו להיות עשיר (rich),אילה,1,0,0.0,0
3372,Envious,קנאי,"זה ברור (Obvious) שהוא קנאי, ושום דבר לא ישנה זאת",אילה,1,0,0.0,0
3373,Evocative,"מעורר, מעלה, מזכיר",הכתב הזה מעלה לי זיכרונות מהאוב (evo),אילה,1,0,0.0,0
3374,Exhale,לנשוף,האל (hale) שלי יכול לנושף ממש חזק,אילה,1,0,0.0,0
3375,Expatriate,"להגלות, לגרש","אני פטריוט (patriate) לשעבר, כי בחרו להגלות ולגרש אותי מהמדינה",אילה,1,0,0.0,0
3376,Lick,ללקק,אסור לתת לכלבים ללקק שוקולד,Hannah,1,0,0.0,0
3377,Mystery,תעלומה,הוא מסתיר ממני את הסודות שלו,Hannah,1,0,0.0,0
3378,Faint,קלוש/להתעלף,"גם מי שיש לו אמונה (faith) קלושה, כשמישהו מתעלף הוא ישר מתפלל",אילה,1,0,0.0,0
3379,Famine,רעב קשה,אנורקסיה זו מחלה מאוד נשית (feminine) והיא גורמת לרעב קשה,אילה,1,0,0.0,0
3380,Fatigue,"עייפות, תשישות",אנשים שמנים (fat) מתייגים (tigue) אותם כעייפים ותשושים,אילה,1,0,0.0,0
3381,Flip,"לזרוק, להעיף/סלטה/להפוך צד","פיליפ יכול לזרוק אדם, עד שיעשה סלטה באוויר ויתהפך לצד השני",אילה,1,0,0.0,0
3382,Foster,"אומן, מאומץ","ד&quot;ר פוסטר, מהסדרה &quot;שקר לי&quot;, הייתה אמורה לאמץ ילדה",אילה,1,0,0.0,0
3383,Fraction,שבר,"אם תנסה לfrac שן, זה יכול לעשות בה שבר",אילה,1,0,0.0,0
3384,Fracture,שבר,"כשמפרקים טור בכיתת יורים, זה נקרא לשבור עמדה",אילה,1,0,0.0,0
3385,Infant,תינוק,הוא ב(in) פנטזיה(fant) שהוא תינוק,Yuvala,1,0,0.0,0
3386,Altitude,גובה,"אל (al) תטעו (titu), יש לו הרבה מאוד גובה",אילה,1,0,0.0,0
3387,Economical,חסכוני,"כדי שיהיה קל (cal) עם המצב הכלכלי (econom), צריך להיות חסכוניים",אילה,1,0,0.0,0
3388,Substance,חומר,החבאתי את החומר בתת (sub) תנאים (tan),אילה,1,0,0.0,0
3389,Competent,"בעל יכולת, מתאים","רק מי שישלו יכולת והוא מתאים, יכול להתחרות בתחרות (competition)",אילה,1,0,0.0,0
3390,Site,אתר,"בכל אתר עושים משהו אחר, יש שיושבים בהם (sit) ויש שעומדים",אילה,1,0,0.0,0
3391,Please,להשביע רצון,"כדי להשביע מישהו רצון, אפשר להגיד לו כל הזמן מילות נימוס כמו &quot;בבקשה&quot; (please)",אילה,1,0,0.0,0
3392,Assert,לטעון,מי שעומד בפני מעצר (arrest) יכול לטעון קודם למה הוא לא צריך להיעצר,אילה,1,0,0.0,0
3393,Stark,"עזוב, שומם",משפחת stark במשחקי הכס היו עזובים אחד מהשני במהלך כל הסדרה,דנה,1,0,0.0,0
3394,Stark,בוטה,טוני סטארק היה דמות די בוטה במארוול,דנה,1,0,0.0,0
3395,Jovial,"עליז, שמח",בון ג'ובי (JOVI) תותח על (AL) כי הוא עליז ושמח על הבמה,אושר ,1,0,0.0,0
3396,Calamity,אסון,תתקשרי לעמיתי אני דואג לו בגלל האסון שקרה,אושר,1,0,0.0,0
3397,Fundraiser,מגייס כספים,"Fund - קרן, raiser- עולה , הקרן עולה בזכות מגייס הכספים",נוי,1,0,0.0,0
3398,Encourage,לעודד,אם אין(en) למישהו אומץ(courage) אז צריך לעודד אותו,יאיר,1,0,0.0,0
3399,Verasatile,"רב גוני, מגוון",הסטייל של ורה נורא מגוון,ליליה ,1,0,0.0,0
3400,Nutrition,תזונה,נטורופת הוא מי שעוסק בתזונה,ליליה,1,0,0.0,0
3401,Hilarious,מצחיק,השיר ״הילה הילה הילה היא יה..״ הוא מצחיק,ליליה,1,0,0.0,0
3402,Erosion,"סחף, כרסום",האוקיינוס (ocean) יכול לגרום לסחף ואפילו לכרסום באבנים,אילה,1,0,0.0,0
3403,Expand,להרחיב,אני צריך לבזבז (expend) את הכסף שלי רק על דברים שיכולים להרחיב לי את העסק,אילה,1,0,0.0,0
3404,Frustration,תסכול,במצבי תסכול אנחנו עושים את הפעולה (action) הראשונה (first) שקופצת לנו לראש,אילה,1,0,0.0,0
3405,Fume,אדים/עשן,"עשן נגרם בעקבות אש וכדי לכבות אש, עושים פווווו",אילה,1,0,0.0,0
3406,Fury,זעם,יש לי הרבה זעם על מי שלובש פרוות (fur) ולא דואג לבע&quot;ח,אילה,1,0,0.0,0
3407,Genesis,ספר בראשית,"ספר בראשית הוא ההתחלה שלנו, הוא מראה לנו מאיפה הגענו, בדיוק כמו הגנים",אילה,1,0,0.0,0
3408,Genesis,"היווצרות, התהוות/ספר בראשית","אנחנו נוצרים מהגנים, כך כתוב בספר בראשית",אילה,1,0,0.0,0
3409,Frustrated,מתוסכל,אני מתוסכל לטייל ביער(פורסט) מדורג(rated) עם העליות האלה,ניצן,1,0,0.0,0
3410,Distorted,"מסולף, מעוות,עקום","דיס סטוריז הם מסולפים, מעוותים ועקומים. ככה לא נראית המציאות.",ניצן,1,0,0.0,0
3411,Barrier,"מחסום,מגבלה",לבר לא כל אחד יכול להכנס יש מגבלה של גיל ומחסום בכניסה אליו,אורן,1,0,0.0,0
3412,Extraordinary,בלתי רגיל,"Extra-תוספת,ordinary-רגיל,כלומר יותר מהרגיל=בלתי רגיל.",אור,1,0,0.0,0
3413,Disuse,חוסר שימוש,"Dis-שלילה,use-להשתמש,כלומר לא משתמשים בו=אין בו שימוש.",אור,1,0,0.0,0
3414,Invariably,ללא שינוי,"Variable-משתנה,in-שלילה,כלומר לא משתנה=אין שינוי.",אור,1,0,0.0,0
3415,Erroneous,שגוי,Erro נשמע כמו error-שגיאה=כלומר משהו שגוי.,אור,1,0,0.0,0
3416,Installation,התקנה,"נשמע כמו אינסטלטור, אשר מגיע לסדר ולהתקין חלקים שונים.",אור,1,0,0.0,0
3417,Demented,משוגע,"Demn-לעזאזל, הגבר (men) הזה פשוט משוגע!",אור,1,0,0.0,0
3418,Embitter,גורם התמרמרות,להיראות כמו אבי ביטר (bitter) גורם לי להתמרמרות.,אור,1,0,0.0,0
3419,Genial,ידידותי,ליעל (ial) יש גן (gen) שעובר במשפחה שבו כולם ידידותיים.,אור,1,0,0.0,0
3420,Hike,"הליכה,טיול","כמו חברת הבגדים Nike,אשר מייצרת בגדי ספורט שנועדו לפעילויות שונות כמו הליכה וטיולים. ",אור,1,0,0.0,0
3421,Lineage,"שושלת,ייחוס","Line-שורה,age-גיל,יש שורה ארוכה של כל השושלת ובה מצויינים כל בני המשפחה והגילאים+הייחוס שלהם.",אור,1,0,0.0,0
3422,Lodge,"אכסנייה,להתאכסן","בלוד-Lod, יש אכסנייה בשם ג'י-ge, שניתן להתאכסן בה.",אור,1,0,0.0,0
3423,Maximize,למקסם,מלשון המילה מקסים בעברית.,אור,1,0,0.0,0
3424,Maze,מבוך,"כדאי להשתמש ב-waze (אפליקציית ניווט),כדי לא להיתקע במבוך.",אור,1,0,0.0,0
3425,Predominantly,באופן ניכר,"Dominantly-באופן דומיננטי, כלומר בולט/ניכר לעין=באופן ניכר.",אור,1,0,0.0,0
3426,Purchase,"לקנות,לרכוש",האדם העשיר הזה קנה\רכש לעצמו פורש (purch).,אור,1,0,0.0,0
3427,Puzzled,מבולבל,כמו פאזל (puzzle) שעדיין לא הורכב-הוא לא מפוזר ומבולבל.,אור,1,0,0.0,0
3428,Recreation,בילוי,"Re-שוב ושוב,creation-ליצור, ליצור דברים שוב ושוב מהווים עבורי כבילוי.",אור,1,0,0.0,0
3429,Scorn,"מנודה,לבוז,לזלזל","כמו המילה corner-פינה, המטרה של לשים מישהו בפינה היא לבוז\לזלזל בו ולתת לו להרגיש מנודה.",אור,1,0,0.0,0
3430,Polish,"לצחצח,להבריק","כאשר עושים פוליש (Polish) לרצפה, היא מבריקה ומצוחצחת.",אור,1,0,0.0,0
3431,Polite,מנומס,"בפוליטיקה (Polite), האנשים לא תמיד מתנהגים באופן מנומס.",אור,1,0,0.0,0
3432,Refund,החזר,"כמו המילה refuse-לסרב, סירבתי לקבל את המוצר הפגום שנשלח אליי, לכן קיבלתי החזר.",אור,1,0,0.0,0
3433,Root,שורש,רות (root) צבעה את השורשים בשיער שלה שגדלו בצבע לבן.,אור,1,0,0.0,0
3434,Straighten,ליישר,מלשון המילה straight-ישר.,אור,1,0,0.0,0
3435,Study,"חדר עבודה,מחקר","כדי ללמוד (to study), על מחקר מסוים, יש לשהות בחדר העבודה המותאם לו.",אור,1,0,0.0,0
3436,Malfunction,"כשל, לקוי","Mal(גבר) function -תפקוד, גבר מתפקד באופן לקוי, כשל",דנה,1,0,0.0,0
3437,Lethel,קטלני,כמו little אולי זה נשמע קטן אבל זה קטלני. (כמו כדור סם) ,דנה,1,0,0.0,0
3438,On account of,בגלל,צריך להתחשב במיקרו (account) בגלל שהוא יכול להיות דלוק (on) ומכובה (off),אילה,1,0,0.0,0
3439,Accordingly,בהתאם לכך,הוא שר לי (ly) שיר בהתאם לאקורד (accord),אילה,1,0,0.0,0
3440,As,מכיוון ש,אז... מההמצב? אני שואלת מכיוון שעברת משהו נורא,אילה,1,0,0.0,0
3441,Glitch,"תקלה, הפרעה","כמו בסרט &quot;ראלף ההורס&quot;, פנוליפי היא תקלה ולכן אומרים שהיא גליץ'",אילה,1,0,0.0,0
3442,Glorify,להאדיר,"בסרט מדגסקר, יש את ההיפוטמית, גלוריה שאוהבת להאדיר את עצמה",אילה,1,0,0.0,0
3443,Grace,"חסד, חינניות","הדשא (grass) עושה עם כל דבר חסר, הופך אותו לחינני",אילה,1,0,0.0,0
3444,Humility,ענווה,מי שעובר השפלה (humiliation) לומד ענווה,אילה,1,0,0.0,0
3445,Iceberg,קרחון,"כמו בסרטון של הטיקטוק &quot;...its a Penguin, cuting an iceberg&quot;",אילה,1,0,0.0,0
3446,Icicle,נטיף קרח,נטיף קרח עשוי מקרח (ice) ונוצר במין מעגל (circle),אילה,1,0,0.0,0
3447,Confound,לבלבל,"Con (נשמע כמו cant) found- למצוא. לא יכול למצוא, זה מבלבל אותי.",ליליה,1,0,0.0,0
3448,Native to,יליד,הוא יליד הארץ. עוד לא התחיל את נתיב חייו (native),ליליה,1,0,0.0,0
3449,Solitude,בדידות,Soli- סוֹלִיקוֹ - לבד. ,דנה,1,0,0.0,0
3450,Lodging,"מקום מגורים, לינה",מקום המגורים שלי עשוי מבולי עץ (logs),אילה,1,0,0.0,0
3451,Portion,"חלק, מנה",אני מוזג (pour) את מנת התה היומית שלי,אילה,1,0,0.0,0
3452,Inaugurate,לחנוך,"אי אפשר להיות בתוך (in) הלימודים, אלא צריך לסיים (graduate) אותם, כדי לחנוך את תעודת סיום הלימודים",אילה,1,0,0.0,0
3453,Depend,"לסמוך על, להיות תלוי ב",מוחמד דף (dep) יכול לסמוך על אנשים מעטים ולהיות תלוי רק בהם,אילה,1,0,0.0,0
3454,Trail,"שביל, נתיב",אני מנסה (try) להיות חולה (ill) כדי לא לצאת לשביל,אילה,1,0,0.0,0
3455,Ingest,להכניס משהו לגוף דרך הפה,אתה יכול לעשות לי ג'סטה ולהכניס כבר את השוקולד הזה לגוף שלי דרך הפה?,אילה,1,0,0.0,0
3456,Insect,חרק,הכנסתי את החרק בתוך (in) השקית (sect),אילה,1,0,0.0,0
3457,Instill,"להחדיר, להשריש",אתה צריך לעמוד באופן דומם (still) כדי שאוכל להחדיר לך קצת דברים במוח,אילה,1,0,0.0,0
3458,Insulate,לבודד,"הוא כל כך (so) איחר (Late), כי הוא רצה קצת לבודד את עצמו מהשאר",אילה,1,0,0.0,0
3459,Insurrection,התקוממות,כל הסוריקטות ביחד עושות התקוממות,אילה,1,0,0.0,0
3460,Interminable,נצחי,בתנאים (term) האלה אני יכול (able) להיות לנצח בתפקיד זה,אילה,1,0,0.0,0
3461,Joyous,"שמח, עליז",מלשון joy (שמחה),אילה,1,0,0.0,0
3462,Keep,חלק מהמצודה,אני רוצה לשמור (keep) חלק מהמצודה,אילה,1,0,0.0,0
3463,Owing to,הודות ל-,אני מוכרח להודות לכל מי שאני ״חייב לו״,אנונימי,1,0,0.0,0
3464,Knot,קשר,לאות k אין קשר לשום אות (ot) אחרת,אילה,1,0,0.0,0
3465,Log,"יומן, לתעד ביומן/בול עץ","אני יכולה לתעד ביומן דברים, כי הוא לא יספר לאף אחד, זה כמו לדבר לבול עץ!",אילה,1,0,0.0,0
3466,Even,"אפילו/ ליישר, להשוות",אפילו אם תנסה ליישר את האבן (נשמע דומה לeven) הזאת לא תצליח,ישראל,1,0,0.0,0
3467,Nonetheless,אף על פי כן,אף (nose) על פי כן,אילה,1,0,0.0,0
3468,Still,בכל זאת,אאני חולה (ill) ובכל זאת יושב (sit),אילה,1,0,0.0,0
3469,Nevertheless,אף על פי כן,אף פעם (never)ואף על פי כן מתחילים באותה מילה,אילה,1,0,0.0,0
3470,However,אולם,אני לא יודע איך (how) אני אהיה באולם הזה אי פעם (ever),אילה,1,0,0.0,0
3471,Notwithstanding,על אף ,אני לא (not) עומד (stand) על האף,אילה,1,0,0.0,0
3472,Mortal,"אנושי, בן תמותה",מירטל המייללת היתה אנושית ובת תמותה לפני שהפכה לרוח רפאים,ישראל,1,0,0.0,0
3473,Memorial,"מצבה, תזכיר",משתמשים בזיכרון (memory) גם כדי לזכור אנשים (מצבה) וגם כדי להזכיר דברים לאנשים (תזכיר),אילה,1,0,0.0,0
3474,Midair,באוויר,הוא נמצא האמצע (middle) האוויר (air),אילה,1,0,0.0,0
3475,Monument,אנדרטה,"נשמע כמו הר (mountain), הרים יכולים להיות אנדרטות",אילה,1,0,0.0,0
3476,Mountainside,מדרון,תמיד בצד (side) הר (mountain) יש מדרון חלקלק,אילה,1,0,0.0,0
3477,Narration,קריינות,"בתור נער, לעשות קריינות זה פשוט גועל נפש",אילה,1,0,0.0,0
3478,Naval,ימי,יש מלא נבלים (naval) ימיים,אילה,1,0,0.0,0
3479,Oxygen,חמצן,אני אוהב לשמוע שירים באוטו ולכן קבל אוקס (ox) בשבילי הוא כמו חמצן,אילה,1,0,0.0,0
3480,Palm,דקל/כף יד,"אני וידיד שלי (pal) קטפנו מעץ דקל, בעזרת כף היד שלנו",אילה,1,0,0.0,0
3481,Pardon,"לחון, חנינה / סליחה, לסלוח",The party is onnnn! ובמסיבה צריך לסלוח לאנשים ולתת להם חנינה אם הם דרכו עלייך,אילה,1,0,0.0,0
3482,Petty,"קטן, חסר חשיבות / קטנוני",אפשר להגיד &quot;פטי&quot; רק לאנשים קטנים וחסרי חשיבות וגם זה רק כשאתה ממש קטנוני,אילה,1,0,0.0,0
3484,Plate,צלחת / לוח,אני אוכל מהצלחת בזמן שאני מעתיק מהלוח,אילה,1,0,0.0,0
3485,Immune,חסין,תושבי הארץ נתנו אמון בביבי בחיסון קורונה ועכשיו אנחנו עם *חסין* לוירוס,גיגי,1,0,0.0,0
3486,Raise,"העלאה, הוספה",צריך להוסיף עוד מים לאורז (מזכיר rice) בשביל להעלות אותו,ליליה,1,0,0.0,0
3487,Float,צף,כדי לזרום (flow) צריך לצוף מעל המים,תמר,1,0,0.0,0
3488,Collapse,להתמוטט,כשקולה(colla) עושה ״פסס״ (pse) אפשר להתמוטט,ליליה,1,0,0.0,0
3489,Dispute ,להתווכח,"למביני רוסית, מזכיר ״אידי ספאט״ (לך לישון) אני לא אתווכח איתך שוב!",ליליה,1,0,0.0,0
3490,Minor,קטין,קטין נותן מן אור קטן. Min Or,ליליה,1,0,0.0,0
3491,Progressive ,מתקדם ומתמשך ,"Prog מזכיר (program תוכנית) פאסיבית, לכן זה לא מתקדם ומתמשך יותר",ליליה ,1,0,0.0,0
3492,Evacuate,לפנות ,Evac - אבק שרוצים &quot;לפנות&quot; ולהסיר אותו ,מורן ,1,0,0.0,0
3493,Struggle ,מאבק,הוא חזק (מזכיר strong) לכן ניצח במאבק המכוער הזה (מזכיר ugly),ליליה,1,0,0.0,0
3494,Aware,"מודע, ערני",החייל מודע שבמלחמה (war) ניתן למות,ליליה,1,0,0.0,0
3495,Argue,"לטעון, להתווכח","אחרי שהם הרגו אותו, הוא לא טען טענות והתווכח יותר",ליליה,1,0,0.0,0
3496,Disaster,אסון,אחותי (מזכיר sister) נקלעה לאסון,ליליה,1,0,0.0,0
3497,Miracle ,נס,מירה ניצלה בנס בזכות האל (יש המאייתים ״אל״ עם האות ק׳ -קל) ,ליליה,1,0,0.0,0
3498,Terrified,"להפחיד, להבהיל",הטרף שלי הפחיד והבהיל אותי,ליליה,1,0,0.0,0
3499,Plead,"לעתור, להתחנן","אפשר לבקש בבקשה (Please), עד אפילו להתחנן לאנשים",אילה,1,0,0.0,0
3500,Pleasure,"תענוג, לענג",It's pleasure to meet you,אילה,1,0,0.0,0
3501,Poignant,"חריף, נוקב",לקרוא למישהו חזיר (pig) ענק (giant) זה חריף מאוד,אילה,1,0,0.0,0
3502,Precious,יוקרתי,פרי בטעם של צ'יריוס הוא נדיר ולכן יוקרתי,אילה,1,0,0.0,0
3503,Probe,"לחטט, לברר, לגשש","כדי לפתור בעיה (problem) לפעמים צריך לחטט, לברר ולגשש",אילה,1,0,0.0,0
3504,Proverb,"פתגם, אמרה","אני צריך הוכחות, לא סתם פתגמים ואמירות",אילה,1,0,0.0,0
3505,Quake,רעד,ברעידת אדמה (earthquake) יש רעד באדמה,אילה,1,0,0.0,0
3506,Quench,"לספק, להרוות",כולם צריכים לספק ולהרוות את המלכה (queen),אילה,1,0,0.0,0
3507,Raid,פשיטה,"כשגשם (rain) יורד, אנשים לא שמים לב לדברים וזה זמן טוב לפשיטה",אילה,1,0,0.0,0
3508,Length,אורך,משתמשים בפונקציית ln (במתמטיקה) בשביל לשנות את האורך של הפונקציה log (e),אסתר,1,0,0.0,0
3509,Tence,"מתוח, דרוך",טנצר המניאק תמיד היה דרוך ומתוח,ליליה,1,0,0.0,0
3510,Tongue,לשון,"תוריד את הטון (ton), אחרת אדביק לך את הלשון (gue מזכיר glue-דבק)",ליליה,1,0,0.0,0
3511,Audience,קהל,הקהל רוקד (dance) לצלילי האודיו,ליליה,1,0,0.0,0
3512,Mark,סימן,תפקידו של המרקר הוא להדגיש סימנים חשובים,ליליה,1,0,0.0,0
3513,Chant,"לשיר, לזמר",ג'קי צ'אן לא ידע לשיר ולזמר,ליליה,1,0,0.0,0
3514,Abandon,"לנטוש, לזנוח",האבא (aba) נידון (ndon) לעונש בגלל שנטש את הילד שלו,ישראל,1,0,0.0,0
3515,Artificial,מלאכותי,"הוא ממש פישל (ficial נשמע דומה) מבחינה אמנותית (art), היצירה הזאת נראית כל כך מלאכותית!",ישראל,1,0,0.0,0
3516,Assign,"למנות, להקצות",הוחלט למנות מישהו בתור (as) תמרור (sign) ,ישראל,1,0,0.0,0
3517,Solely,"רק, בלבד",הוא מכר (sole) את זה רק לי (ly),אילה,1,0,0.0,0
3518,Quality,איכות/תכונה,גם איכות זו תכונה,אילה,1,0,0.0,0
3519,Lasting,"ממושך, קבוע","הדבר (thing) האחרון (last) שקניתי, הוא כבר קבוע אצלי, הוא לא נשבר לזמן ממושך",אילה,1,0,0.0,0
3520,Sole,"יחיד, בלעדי","כל נשמה (soul) היא דבר יחיד, בלעדי לעצמה",אילה,1,0,0.0,0
3521,Reap,לקצור,"כשמנסים לקצור את החיטה, אז עושים תנועה חוזרת (repeat)",אילה,1,0,0.0,0
3522,Recipient,נמען,אני שולחת את המתכון (recipe) הזה לנמען,אילה,1,0,0.0,0
3523,Reciprocal,מספר הופכי (במתמטיקה),זה לא קל (cal) לזכור מושגים במתמטיקה כמו מספר הופכי בשביל מבחן אמיר,אילה,1,0,0.0,0
3524,Rehabilitation,שיקום,"אם נותנים מספיק תשומת לב (Attention) לגמילה (rehab), אז אפשר לעשות שיקום",אילה,1,0,0.0,0
3525,Relegated,הורד בדרגה,"חייל! אם אתה עובר בשער (gate) הזה, אתה מורד בדרגה!",אילה,1,0,0.0,0
3526,Resort,אתר נופש/לנקוט באמצעים,"אם באתר הנופש לא תהיה מסעדה (restaurant), אנחנו נאלץ לנקוט באמצעים",אילה,1,0,0.0,0
3527,Revived,"קם לתחייה, התחדש","מידי פעם, הריב שלי עם אד קם לתחייה",אילה,1,0,0.0,0
3528,Revolt,מרד,"מי שלא מקשיב שוב ושוב (re) להצבעות (vote) שלנו, סופו שיעשו לו מרד",אילה,1,0,0.0,0
3529,Rotary,נע על ציר סיבובי,"נשמע כמו רולטה, רולטה נעה על ציר סיבובי",אילה,1,0,0.0,0
3530,Scale,"מאזניים/לעלות, לטפס/סולם, סקלה","יש סקלה של מידות, שצריך לעלות ולטפס בו עד שמגיעים לאיזון",אילה,1,0,0.0,0
3531,Sculpture,פסל,אני רוצה לצלם תמונה (picture) של הפסל,אילה,1,0,0.0,0
3532,Amiable,"חָבִיב, נָעִים",עמי (ami) אבל (able) הוא אדם חביב ונעים,ניב,1,0,0.0,0
3533,Overlaps,חופף,Lap- ברך. מעל הברכיים הרגליים שלי חופפות אחת עם השנייה(:,דנה,1,0,0.0,0
3534,Sporadic,לא סדיר ,ספורט (sport) עושה לי קצב לב לא סדיר ,נועם ,1,0,0.0,0
3535,Irritating ,"מעצבן, מגרה",מעצבן שאירית (irrit) רודפת רייטינג (ritating) ,נועם,1,0,0.0,0
3536,Delivery,משלוח,להזמין משהו במשלוח זה לעשות דיל (deal) על-עיוור (eliver נשמע דומה ל'על עיוור'),ישראל,1,0,0.0,0
3537,Grant,להעניק,סבתא מעניקה מתנות,Idanthelover,1,0,0.0,0
3538,Consistently,בעקביות,כמו אחותי הקטנה שנולדה בעקבותי ,עדנה,1,0,0.0,0
3539,Constantly,קבוע,קונוסים מחזיקים באופן קבוע אוהלים,עדנה,1,0,0.0,0
3541,Hazard,סכנה,אזהרה! (מזכיר hazara...) יש פה סכנה,ליליה,1,0,0.0,0
3542,Amass,"לצבור, לערום",אני (im) צברתי שומן לכן התחת (ass) שלי גדל,ליליה,1,0,0.0,0
3543,Scatter,לפזר,אני פיזרתי את כל הסקיטלס על הרצפה,ליליה,1,0,0.0,0
3544,Disclose,"לגלות, לחשוף",היינו כל כך קרובים לגלות ולחשוף את זה! (so close),ליליה,1,0,0.0,0
3545,Algae,אצות,אצות יכולות לגרום לאלרגיה ,SAP,1,0,0.0,0
3546,Benign,"שַׁפִּיר, בלתי מזיק; טוֹב לֵב; נָעִים","ילד בן ניין - כלומר בן 9 (את האות G לא הוגים, נשמע כמו ben nine) הוא בלתי מזיק, טוב לב, נעים.",ניב,1,0,0.0,0
3547,Paucity,מַחְסוֹר; מִעוּט,בפאו סיטי (paucity) יש מחסור באוכל ,ניב,1,0,0.0,0
3548,Regulate,לווסת,זה קשה לווסת אכילה (ate) אחרי שאתה רגיל (regul) לאכול כל כך הרבה,אילה,1,0,0.0,0
3549,Salvation,"גאולה, ישועה",השפחות (slave) צריכות גאולה וישועה,אילה,1,0,0.0,0
3550,Term,"מונח, תקופה",טרם המציאו מונח לתקופה המשוגעת הזו,אילה,1,0,0.0,0
3551,Per capita,"לאדם, לנפש","זה לכל (per) מי שמתחיל באות גדולה (capital), כל אדם בתכלס",אילה,1,0,0.0,0
3552,Sedative,"סם הרגעה, משכך",אנשים סדיסטים לא לוקחים סם הרגעה לא משנה מה,אילה,1,0,0.0,0
3553,Segregation,הפרדה,בסגר (seger)ישנה הפרדה בין האנשים,אילה,1,0,0.0,0
3554,Seizure,התקף,היה לי התקף בגודל (size) ענק,אילה,1,0,0.0,0
3555,Shrink,"לכווץ, כיווץ",כיור (sink) יכול לכווץ בגדים תמיד,אילה,1,0,0.0,0
3556,Slaughterhouse,משחטה,משחטה זה בית שאין בו בכלל צחוק (laughter),אילה,1,0,0.0,0
3557,Sober,פיכח,סבאים הם תמיד פיכחים,אילה,1,0,0.0,0
3558,Sperm,תא זרע,האות S מפותלת כמו שהזרע יכול להתפתל,אילה,1,0,0.0,0
3559,Spewing,להזרים,אפשר להזרים מים דרך הכנפיים (wing),אילה,1,0,0.0,0
3560,Stunned,"נדהם, היה המום",עשיתי נוד (ned) על המצעי סטאן (stun) והיה היה נדהם מכך,אילה,1,0,0.0,0
3561,Summits,פסגות,יש כמה (some) אנשים שנפגשים (meet) בפסגות ההרים,אילה,1,0,0.0,0
3562,Surpass,"להצטיין, לעלות על","סר, אני לא רק עברתי את הבחינות (pass) אני גם הצטיינתי בהם",אילה,1,0,0.0,0
3563,Swallow,לבלוע,אסור להרשות (alllow) לילדים קטנים לבלוע כל מה שבא להם,אילה,1,0,0.0,0
3564,Taint,לזהם,ישנם סוגי צבע (Paint) שיכולים לזהם את הסביבה,אילה,1,0,0.0,0
3565,Taint,"לזהם/להכתים, להכפיש","לא השתמשתי בצבע (paint) כדי לזהם את הסביבה, אתה סתם מנסה להכפיש את שמי הטוב",אילה,1,0,0.0,0
3566,Tentative,ניסיוני,האוהל (tent) שעשוי מאטבים (ative) הוא רעיון ניסיוני,אילה,1,0,0.0,0
3567,Restore,"לשקם, לשחזר",לשלט של המסעדה (Restaurant) נמחקו חלק מהאותיות (וזה נראה שכתוב Restore) וצריך לשחזר אותן,ישראל,1,0,0.0,0
3568,Confiscate,להחרים,תודי (confis) קייט (cate) או שנצטרך להחרים אותך,נעמי,1,0,0.0,0
3569,Wander,"להסתובב, לשוטט",לא כדאי להניח לשרביט (wand) להסתובב כך סתם,אילה,1,0,0.0,0
3570,Wound,"מתוח, נמתח","רוח (wind) כשאדם מזיע, יכולה למתוח את שריריו",אילה,1,0,0.0,0
3571,Wound,"פצע / למתוח, נמתח","רוח (wind) כשאדם מזיע, יכולה למתוח את שריריו ואפילו לגרום לא לפצע",אילה,1,0,0.0,0
3572,Wrought,"מעוצב, מחושל",כל דמות שאי פעם כתבתי (write) עליה היא מעוצבת כראוי ומחושלת,אילה,1,0,0.0,0
3573,Fellow,"חבר, עמית",חבר שלי נתן לי את הפרח הזה (מזכיר flower),ליליה,1,0,0.0,0
3575,Boisterous ,"רוֹעֵשׁ, סוֹעֵר; קוֹלָנִי, רַעֲשָׁנִי",Boisterous היא מילה רועשת,ניב,1,0,0.0,0
3576,Demand,דרישה,Demand נשמע כמו the man שהנשים תמיד אומרות שיש לגבר תמיד דרישות,עמיתוש,1,0,0.0,0
3578,In order to,על מנת,בתוך (in) התפריט (order) יש את מנת העל (על מנת),אילה,1,0,0.0,0
3579,Tolerance,סובלנות,סובלנות זוהי מעלה גבוהה (נשמע כמו tall) ,אופיר,1,0,0.0,0
3582,Permanently,קבוע,פרר מינט יש קבוע 60 שניות,עדנה,1,0,0.0,0
3583,Perpetully,נצחי,בעל חיים זה לכל החיים..לנצח,עדנה,1,0,0.0,0
3593,Adorn,לקשט,האדון הזה רוצה שאני אוכל לקשט אותו,אילה,1,0,0.0,0
3594,Bead,חרוז,בשיר יש קצב (beat) וגם חרוזים (bead),אילה,1,0,0.0,0
3595,Blade,להב,הלהב הוריד לי דם (blood),אילה,1,0,0.0,0
3596,Bleak,עגום,ללבוש שחור (black) זה ממש עגום,אילה,1,0,0.0,0
3598,Horizontal,"מאוזן, אופקי","הבמה באוריווזיון היא אופקית, מאוזנת",אילה,1,0,0.0,0
3599,Cadaver,גופה,&quot;אבדה קדברה&quot; זו הקללה הממיתה בהארי פוטר,אילה,1,0,0.0,0
3600,Canvass,"לבדוק, לסקור",ציור על קנבס זה הדרך שלי לבדוק את העולם,אילה,1,0,0.0,0
3603,Citrus,פרי הדר,"סתרו לעץ, כדי שיניב פרי (מלא) הדר",אילה,1,0,0.0,0
3605,Distant,רחוק/מרוחק,הוא בדיסטנט איתך...מרוחק...,עדנה,1,0,0.0,0
3607,Opposite,מנוגד,אופוזיציה מנוגדת לממשלה,עדנה,1,0,0.0,0
3614,Simultaneously,בו זמנית,סימולציות עושים באותו הזמן של הבחינה,עדנה,1,0,0.0,0
3615,CERTAINLY,בהחלט,בהחלט יש לי סרטן ,עדנה,1,0,0.0,0
3616,CHIEFLY,ראשי/בעיקר,"ציף הוא ראש השבט, הראשי, העיקרי",עדנה,1,0,0.0,0
3620,Markedly,בצורה ניכרת,מרקר מדגיש משהו בצורה ניכרת,עדנה,1,0,0.0,0
3624,Primarily,בעיקר,פריימ טיימ = הזמן העיקרי בו רואים טלווזיה,עדנה,1,0,0.0,0
3632,Refer,להתייחס,יש דברים שצריכים לעבור רף (ref) מסויים כדי שאתייס אליהם,אילה,1,0,0.0,0
3633,Passage,קטע,בכל גיל (age) יש קטע מסויים שאותו צריך לעבור (pass),אילה,1,0,0.0,0
3634,View,"דעה, השקפה","אני רואה (view) את העולם בצורה שונה, ש לי השקפה ודעות שונות",אילה,1,0,0.0,0
3635,Cockroach,"מקק, ג'וק",רק מקקים יכולים לחיות בלי ראש (roach),אילה,1,0,0.0,0
3637,Conductor,מנצח (תזמורת),הוא יכול (can) להיות דוקטור (ductor) או מנצח בתזמורת,אילה,1,0,0.0,0
3640,Copper,נחושת,השוטר (cope) תפס מישהו גונב מלא נחושת ,אילה,1,0,0.0,0
3644,Denominator,מכנה (של שבר),"ככל שמגדילים את המכנה של השבר, כך השבר נהיה יותר מיניאטורי (minator)",אילה,1,0,0.0,0
3645,Dental,שקשור לשיניים,"כמו חוט דנטלי, שמעבירים בין השיניים",אילה,1,0,0.0,0
3646,Diural,יומי,אני רושמת ביומן (diary) דברים באופן יומי,אילה,1,0,0.0,0
3647,Doorstep,מפתן הדלת,"המפתן הוא המקום הראשון בו דורכים (step), כי זה בדלת",אילה,1,0,0.0,0
3651,Edible,אכיל,אדי (edi) בולע (ble) רק דברים אכילים,אילה,1,0,0.0,0
3653,Fancy,מחבב,"אני מחבב דברים יקרים, שהם fancy",אילה,1,0,0.0,0
3654,Fashion,לעצב,"אני רוצה לעצב דברים, להיות חלק ממי שקובע את האופנה (fashion)",אילה,1,0,0.0,0
3656,Folk,עממי,אנשים עממיים לא משתמשים במזלגות (fork) ,אילה,1,0,0.0,0
3657,Footage,קטע צילום,"נשמע כמו photage, צילום",אילה,1,0,0.0,0
3658,Mock,ללעוג,"מי שעושה מוהק, יש לו טעם גרוע ואפשר ללעוג לו",אילה,1,0,0.0,0
3659,Intend,להתכוון,"אם מישהו אומר משהו עשר (ten) פעמים, הוא כנראה ממש בתוך (in) זה, הוא צריך ממש להתכוון לזה",אילה,1,0,0.0,0
3662,Cite,לצטט,בהרבה אתרים (site) יש ציטוטים,אילה,1,0,0.0,0
3663,Commiserate ,"השתתף בצערו (של מישהו), הביע תנחומים",בסרט (seratre) קומי (commi) לא סביר שנראה השתתפות בצער של מישהו,ניב,1,0,0.0,0
3664,Address,להפנות/להתאים,להפנות לכתובת מסויימת,עדנה,1,0,0.0,0
3665,Adjust,לכוונן/להתרגל/להתאים,נשמע כמו &quot;עוד קצת&quot; וזה מתאים,עדנה,1,0,0.0,0
3666,Aim,מטרה/לכוון,יכוון וישאף גבוה - יגיע למטרה,עדנה,1,0,0.0,0
3667,Alarm,להדאיג/להזעיק/להבהיל,כמו שעון מעורר שעושה חרדות בבוקר,עדנה,1,0,0.0,0
3668,Alternate,לסירוגין/חילופי,יש אלטרנטיבות ומחליפים בינהם לסירוגין,עדנה,1,0,0.0,0
3670,Ambiguous,דו משמעי,אמביוולנטי,עדנה,1,0,0.0,0
3671,Apart,בנפרד,חלק ממשהו בנפרד ,עדנה,1,0,0.0,0
3672,Envelope,מעטפה,(en) השפה האנגלית envelope נשמע כמו develop (התפתחה) באמצעות שליחת מעטפות,ליאור,1,0,0.0,0
3674,Approve,להסכים לאשר,הוכחת לי שזה נכון ואני מאשר,עדנה,1,0,0.0,0
3675,Arm,לחמש/זרוע,כמו ARMY,עדנה,1,0,0.0,0
3678,Articulate,רהוט/להביע,בן אדם רהוט יודע להביע את עצמו,עדנה,1,0,0.0,0
3679,ASSOCIATE,לקשר,כמו אסוציאציה שמקשרת,עדנה,1,0,0.0,0
3680,Associate,איגוד,העובדים קשורים זה לזה ,עדנה,1,0,0.0,0
3681,ATTACH,להצמיד,טאץ והם מוצמדים,עדנה,1,0,0.0,0
3682,Formula,"נוסחה, פורמולה",יש נוסחה איך לנצח בפורמולה 1,אילה,1,0,0.0,0
3683,Formulate,לנסח,אפשר לנסח דברים באופן מאוד פורמלי (formul),אילה,1,0,0.0,0
3684,Fraternal,"אחוותי, של אחים",יש קטע אחוותי בלהפליץ (fart) אחד על השני,אילה,1,0,0.0,0
3686,Glacier,קרחון,אפשר לעשות ממש גליצ'ות על קרחון,אילה,1,0,0.0,0
3687,Grit,"גרגרים, לכלוך",זה ממש לא נפלא (great) אם יש גרגרים ולכלוך בכל מקום,אילה,1,0,0.0,0
3688,Groom,"חתן / לטפח, לטפל",אני יכולה לטפל לך בהכל לחתונה! אפילו חתן יש לך בחדר (room),אילה,1,0,0.0,0
3692,Abroad,חול,ברוודאווי זה בחול,עדנה,1,0,0.0,0
3694,Characterize,לאפייין,קריקטורה זה מאפיינים של בן אדם,עדנה,1,0,0.0,0
3697,Coexist,קיום בשותפתות,"אקזיסט - להתקיים , CO - ביחד/משותף",עדנה,1,0,0.0,0
3698,Consist,מורכב מ,משפחות מורכבות לפעמים גם מאחיות,עדנה,1,0,0.0,0
3704,EXCWESSIVE,מוגזם,כמו אקספנסיב - מוגזם כמה שזה יקר,עדנה,1,0,0.0,0
3708,Impartial,הוגן/לא משוחד,אני חלק מכולם - ולכן הוגן (i...am...part...all..),עדנה,1,0,0.0,0
3710,Insert,להכניס/להחדיר,להיכנס לתוך הסרט,עדנה,1,0,0.0,0
3715,Give rise,"לעורר, לגרום",לתת העלאה (דומה למשמעות של rise) בשכר גורם ומעורר בך תחושת חיוניות,ליאור,1,0,0.0,0
3716,Pole,מוט / קוטב,בתרגיל פולי בחדר כושר אני אוחז במוט ודוחף לכיוון הקוטבי,אב,1,0,0.0,0
3717,Monk,נזיר,"נזיר צריך להתנהג בנימוס רב, שלא כמוח קופים (monkey)",אילה,1,0,0.0,0
3718,Numerator,מונה (של שבר),המספר (number) הראשון בתור (tor) יהיה במונה של השבר,אילה,1,0,0.0,0
3722,Deterrent ,מרתיע,השכר דירה (rent) של דטר (deter) מרתיע מכמה שהוא גבוה,ניב,1,0,0.0,0
3724,Retardation,"פיגור, עיכוב",זה מסורת (tradition) לאחר שוב (re) ושוב לכל מקום,אילה,1,0,0.0,0
3725,Guinea pig,חיית ניסוי,רק גאון יחשוב שחזיר זה חיית ניסוי,אילה,1,0,0.0,0
3726,Wilderness,שממה / ערבה,בשממה גרות רק חיות פרא (wild),אילה,1,0,0.0,0
3727,Matter,חומר,"את כל החומר ויוter, החבאתי מתחת לשטיח (mat)",אילה,1,0,0.0,0
3728,Pad,לרפד,"פדים נועדו כדי לרפד מכות, שלא יכאב לאדם",אילה,1,0,0.0,0
3730,Pottery,קדרות,"בהארי פוטר, בטוח פרופסור טרלוני משתמשת באומנות הקדרות",אילה,1,0,0.0,0
3732,Rehearsal,חזרה,"יש לי בסל (sal) חזרה, שכל הזמן שומעים (hear)",אילה,1,0,0.0,0
3734,Bestow,להעניק,"אני רוצה להעניק לו את הכי טוב (tow), את ההכי הכי טוב (best)",אילה,1,0,0.0,0
3735,Enable,לאפשר,הסרט אנבל לא יכול לאפשר לי לישון בלילה,אילה,1,0,0.0,0
3736,Intensity,עצמה,דברים אינטנסיבים מתבטאים בעצמה גדולה,אילה,1,0,0.0,0
3737,Abrupt,פתאומי,מזכיר אברקה קדברא - הקוסם הוציא בפתאומיות שפן מהכובע,עדנה,1,0,0.0,0
3738,Accomplish,להשלים /לבצע ,כמו קומפליט,עדנה,1,0,0.0,0
3739,Accomplished,מומחה,סיים והשלים את כל הלימודים והפך למומחה,עדנה,1,0,0.0,0
3744,ADMINISTRASION,מנהל/ניהול,אדמין - ניהול,עדנה,1,0,0.0,0
3746,ADVANCE,מקדמה/להתקדם,כמו נעלי ואנס שעוזרות להתקדם,עדנה,1,0,0.0,0
3750,Comply,"להסכים, לציית",קום-תיפול זה פקודה,Yonatan fridenberg,1,0,0.0,0
3751,Infamous,"ידוע לשמצה, מגונה","(famous) - מפורסם, (in) - בהקשר שלילי. בן אדם שהוא מפורסם אבל בהקשר שלילי הוא אדם מגונה וידוע לשמצה",ליאור,1,0,0.0,0
3753,Intent,"מרוכז, ממוקד, כוונה","In ten (בעשר) אני מתכוון להגיע, ולכן אני אהיה מרוכז לגבי השעה וממוקד מטרה",ליאור,1,0,0.0,0
3754,Appoint,למנות,הצביע על מי שרצה למנות,עדנה,1,0,0.0,0
3755,Approach,גישה,אל תצא אפרוח - תיגש אליה...,עדנה,1,0,0.0,0
3759,Bend,לכופף,הגיבן מנוטרדם,עדנה,1,0,0.0,0
3764,CLASSIFY,למיין /לסווג,למיין לכיתות,עדנה,1,0,0.0,0
3765,Common,נפוץ/משותף,כמו קומונה,עדנה,1,0,0.0,0
3766,COMMUNAL,משותף / ציבורי,קומונה,עדנה,1,0,0.0,0
3767,Comparable,בר השוואה,"2 מילים, יכולת השוואה",עדנה,1,0,0.0,0
3771,Decrease,ירידה/הפחתה/לצמצם,מפחית ומצמצם את הקריז,עדנה,1,0,0.0,0
3772,Decline,לרדת/לדחות/ירידה,ד&quot;ר קליין דוחה את הניתוח כי היא צריכה לרדת במשקל,עדנה,1,0,0.0,0
3773,CRISIS,משבר,אחותי בוכה בגלל המשבר,עדנה,1,0,0.0,0
3774,CORE,ליבה,כור גרעיני הוא המרכז-הליבה,עדנה,1,0,0.0,0
3777,DEMAND,דרישה/לדרוש,V.O.D זה VIDEO ON DEMAND,עדנה,1,0,0.0,0
3780,Derive,להפיק/לשאוב,מה הדרייב שלך? מאיפה אתה מפיק/שואב אנרגייה,עדנה,1,0,0.0,0
3781,Descend,ירד/לרדת,"די - משהו שלילי , CENT=CEND, ירידה של הסנט",עדנה,1,0,0.0,0
3783,DEVOTE,להקדיש,מי שמצביע מקדיש מזמנו,עדנה,1,0,0.0,0
3794,Forbid,לאסור,כי זה BAD..,עדנה,1,0,0.0,0
3796,Therefore,לכן,"הוא היה שם(there) לפנייך(before) לכן, הוא יכנס ראשון לרופא.",שיר,1,0,0.0,0
3798,Infer,להסיק,זה לא fer (פייר) הוא רק נכנס (in) וכבר מיהר להסיק מסקנות.,שיר,1,0,0.0,0
3803,Mortality,תמותה,"אם נכנסים לשורש המילה, ומשחקים איתה, אפשר להרכיב מהאותיות m,o,t,a\ t,m,o,t,a\m,o,t",שיר,1,0,0.0,0
3808,Eventually,בסופו של דבר,"בסופו של דבר, כולנו נגיע לגן עדן (even נשמע כמו גן עדן) \ אפילו איוון(even) בסופו של דבר הגיע למסיבה שלי (tually) נשמע כמו שלי",שיר,1,0,0.0,0
3809,Threat,איום,אכלתי (eat) בדרך (.thr.ough) והיה נורא ואיום.,שיר,1,0,0.0,0
3812,Outrage,"זעם, שערוריה ","Im a rage (אני זועם) וכשיצאתי (out) החוצה, נוצרה שערוריה",שיר,1,0,0.0,0
3813,Surmount,להתגבר,האדון (sur) התגבר על מכשולי ההר(Mount(,שיר,1,0,0.0,0
3819,Employ,להעסיק,"Em-אם תעשה ploy-תכסיס, אגיד למנהל לא להעסיק אותך",שיר,1,0,0.0,0
3821,Eternally,"לנצח, לעד",Your tern- התור שלך להגיע ally (אלי) ולהיות שלי לנצח.,שיר,1,0,0.0,0
3826,Decent,הגון,"נתתי לו בטעות סנט (cent) אחד יותר, הוא היה הגון והחזיר לי אותו.",שיר,1,0,0.0,0
3829,Propaganda,תעמולה,"כל האג'נדה שלו לטובת (pro) אנשים, אני מפרסם בתעמולה",אילה,1,0,0.0,0
3830,Motif,"מוטיב, רעיון מרכזי",נשמע כמו מוטיב ,ליאור,1,0,0.0,0
3831,Moth,עש,Moth נשמע כמו מה עף ? עף שם עש מסביב למנורה,ליאור,1,0,0.0,0
3832,Scattered,מפוזר,Ttered(נשמע כמו תרד) ותסדר את החדר המפוזר שלך!,שיר,1,0,0.0,0
3833,Reincarnation,גלגול נשמות,מי שמאמין בגלגול נשמות לרוב גם ממין שיש בגשם (rain) קרינה,אילה,1,0,0.0,0
3834,Roast,"לקלות, צלי",צריך לקחת מהרועה (roa) צאן הזה כבש ולקלות צלי,אילה,1,0,0.0,0
3836,Authorities,רשויות,לרשויות יש הרבה סמכויות (authority),אילה,1,0,0.0,0
3837,Sarcophagus,ארון קבורה קדום,"כל שר (sar) או שוטר (cope) בעבר היה נקבר הארון קבורה, עם חיבוק (hug) בידיים",אילה,1,0,0.0,0
3838,Shelf,מדף,"כל דבר שצריך, אפשר פשוט לשלוף מהמדפים",אילה,1,0,0.0,0
3840,Devoted,"נאמן, מסור","אני מצביע (vote) לאד (ed) כל פעם, כיוון שאני נאמן ומסור",אילה,1,0,0.0,0
3841,Extent,"היקף, שיעור",היקף האוהלים (tent) שהאקס (ex) שלי קנה לי הוא גדול,אילה,1,0,0.0,0
3842,Revolution,מהפכה,הריב (rev) על התיון (tion) נהפך למהפכה,אילה,1,0,0.0,0
3843,Battery,"סוללה, תקיפה",נגמר לי הבטרייה בסלולר הצבאי ולכן אין לי מידע על התקיפה,חיל האוויר והחלל,1,0,0.0,0
3844,Snarl,"לרטון, לנחור",חילזון (snail) הוא חיה שתמיד רוטנת ונוחרת,אילה,1,0,0.0,0
3846,Spread,"ממרח, למרוח",הממרח הופץ לכל עבר,אילה,1,0,0.0,0
3848,Stroke,"ליטוף / מכה / שבץ, אירוע מוחי","אם מישהו מקבל מכה מאבן (rock) הוא יכול לקבל שבץ,ואז הוא יצטרף ליטוף",אילה,1,0,0.0,0
3849,Stuff,"למלא, לפחלץ",לפחלץ זה למלא חומר משמר בחיה,אילה,1,0,0.0,0
3850,Swept away,נסחף,ממש נסחפת עם כל הטיטוא (sweep) הזה,אילה,1,0,0.0,0
3851,Obedience,ציות ,Obed-עובד nce- נס- העובד לא ציית לחוקי העבודה ושתה נס באמצע משמרת,שיר טרבלסי,1,0,0.0,0
3853,Stomach,"קיבה, בטן",מי שאוכל יותר מידי (too much) נהיה לו קלקול קיבה,ישראל,1,0,0.0,0
3854,Ragged,מרופט,בשטיח (rag) מאוד מרופט,אילה,1,0,0.0,0
3855,Solid,מוצק,מי ששר את השיר &quot;soldi&quot; היה בחור מוצק,אילה,1,0,0.0,0
3856,Vicious,מרושע,זה ידוע שויקי זה שם של מרושעת,אילה,1,0,0.0,0
3857,Tolerant,סובלני,נמלים (ant) לא סובלניות לאלה הגבוהים (toler) מהם,אילה,1,0,0.0,0
3858,Tax,מס,בעלי מוניות (taxi) צריכים לשלם הרבה מיסים,אילה,1,0,0.0,0
3859,Throughout,"במשך, בכל","היא זרקה (through) את הדברים שלו החוצה (out) מהחלון, במשך כל הפרידה",אילה,1,0,0.0,0
3860,Tin,"בדיל, עשוי מפח",כל דבר קטן (tiny) עשוי מפח,אילה,1,0,0.0,0
3863,Adept,"אשף, מיומן, מומחה","מרוב שהוא adopt - מאמץ, הוא כבר מומחה בנושא",עמית,1,0,0.0,0
3866,Credible,"אמין, מהימן","תנו לו קרדיט, הוא אמין",מאיה,1,0,0.0,0
3867,Publicity,פרסום,עשו פרסום ציבורי (public) בכל העיר (city),אילה,1,0,0.0,0
3869,Swindler,רמאי,רמאים עושים רוח (wind) מכל דבר!,אילה,1,0,0.0,0
3870,Twig,"ענף קטן, זרד","אני מתנדנד (swing) על ענף קטן מאוד, אפילו זרד",אילה,1,0,0.0,0
3872,Unearth,"לחשוף, לחפור","אני לא (un) רוצה שיהיה ארץ (earth), אז אני מנסה לחפור אותה ולחשוף דברים",אילה,1,0,0.0,0
3873,Using up,"לכלות, לנצל עד תום","אני משתמש (using) בדברים עד למעלה (up), מבחינת רף. אני רוצה לכלות ולנצל עד תום.",אילה,1,0,0.0,0
3874,Shrink,"כיווץ, לכווץ","עגבניית שרי (shri) זה עגבניה שעברה כיווץ, ועכשיו היא כמו קטנה כמו נקודה (nk - התחלה של המילה נקודה) ",אסתר,1,0,0.0,0
3875,Wasp,צרעה,צרעה הייתה (was) גורמת לי לעשות PP במכנסיים,אילה,1,0,0.0,0
3876,Well,"באר/טוב, היטב/בריא","ביקשתי מבאר המשאלות להיות בריא, להרגיש טוב",אילה,1,0,0.0,0
3877,Deprive,לקפח,"יש לנו ריב (rive) עמוק (depth), על הקיפוח בארץ",אילה,1,0,0.0,0
3878,Deter,להרתיע,מישהו נחוש (determined) בדעתו יכול קצת להרתיע אנשים אחרים ,אילה,1,0,0.0,0
3880,Paramount ,בעל חשיבות עליונה,"נשמע כמו מצנח (parachute) , כשאתה עושה צניחה חופשית מצנח זה בעל עדיפות ראשונה",ליאור לוי,1,0,0.0,0
3881,Wreck,להרוס,כמו בשיר &quot;wrecking ball&quot; של מיילי סיירוס,אילה,1,0,0.0,0
3882,Stem from,לנבוע מ-,הגזע (stem) יכול לנבוע מההורים,אילה,1,0,0.0,0
3883,Worship,"להעריץ, לסגוד",יש לו סירה (ship) ולכן צריך לסגוד לו,אילה,1,0,0.0,0
3885,Lull,"הרגיע, השקיט",אני מרגיע תינוק כשאני שם אותו בלול (lull),רוני,1,0,0.0,0
3886,Bin,"פח, כלי קיבול",מיסטר בין (דמות מפורסמת) עשה את צרכיו בתוך פח ולא בשירותים ,ליליה,1,0,0.0,0
3887,Banish,לגרש\לסלק,"בני, ששש, תהיה בשקט אחר יגרשו ויסלקו אותנו מפה",ליליה,1,0,0.0,0
3888,Arrive,"להגיע, להופיע, לבוא",כשיש ריב (rive) אני מגיע מהר בגלל האקשן,ליליה,1,0,0.0,0
3889,Soccer,כדורגל,אני שוכר מגרש בשביל הקבוצה שלי בכדורגל,ליליה,1,0,0.0,0
3890,Barrier,מחסום,כמו רייר- כששמים מחסום על הפה מריירים,ענבל,1,0,0.0,0
3891,Involuntary,לא-רצוני,"זה לא (In) משהו שעשיתי בהתנדבות (Volunteer), לא משהו רצוני",אילה,1,0,0.0,0
3892,Discrimination,אפליה,"לא (dis) כל מי שעושה עברה (crim) הוא פושע, זה אפילה!",אילה,1,0,0.0,0
3894,Crow,עורב,"רק עורב עושה: &quot;קרעע, קרעע&quot;",ליליה,1,0,0.0,0
3895,Flock,"עדר, להקה","כל פעם שעדר הכבשים לא זז, אני מפליק להן והן זזות",ליליה,1,0,0.0,0
3896,Congregate,"התקהל, התאסף",כל הקנגורו התקהלו סביב השער (gate),ליליה,1,0,0.0,0
3897,Taut,"עצבני, מתוח",טעות להיות עצבני ומתוח,מאיה,1,0,0.0,0
3899,Reporter,כתב,כתב מדווח (report) על דברים,אילה,1,0,0.0,0
3901,Revise,"לתקן, לשפר","כדי לתקן ולשפר, צריך ללכת אחורה, רוורס ולמצוא את הטעויות",אילה,1,0,0.0,0
3902,Delay,"לעכב, לדחות","&quot;סליחה על הדיליי&quot; (סליחה על העיכוב) , משתמשים במילה זו גם בעברית",ליליה,1,0,0.0,0
3903,Begin,להתחיל,כביש בגין התחיל לעבוד,ים,1,0,0.0,0
3904,Offer,להציע ,עופר מציע הצעות,ים,1,0,0.0,0
3905,Witty,שנון,מזכיר את החייזר אי.טי. שידוע כיצור שנון,עומרי,1,0,0.0,0
3906,Carcass,"גופה, פגר",מכיל את המילה car. באוטו מחביאים גופה,Nicole,1,0,0.0,0
3907,Cohensive,"מגובש, מלוכד",הכהנים בבית המקדש היו מגובשים ומלוכדים,חרשנית,1,0,0.0,0
3909,Deceit,"רמאות, הונאה","Ceit מזכיר sit , הוא תפס לי את הכסא במשחק הכסאות זו רמאות.",עמיתי,1,0,0.0,0
3910,Absence,מחסור,"Abs (שרירי בטן) en (נשמע כמו אין), אין שרירי בטן - יש מחסור",עומר,1,0,0.0,0
3911,Exterior ,חיצוני,זה הטריטוריה שלי ( terior) אבל אני רוצה לצאת (exit ( לחלק החיצוני,ליאור,1,0,0.0,0
3912,Articulate ,להביע,"Article = מאמר, במאמר אתה מביע את עצמך",טל,1,0,0.0,0
3913,Endeavor,"מאמץ, ניסיון","Deavor מזכיר דנוור מבית הנייר, עשה מאמץ כדי לברוח מהמשטרה",עמית,1,0,0.0,0
3914,Entice,"פיתה, שידל","מזכיר טייץ tice , כדי להכנס לטייץ אסור להתפתות למתוקים",עמית,1,0,0.0,0
3915,Neglect,"להזניח, הזנחה","מזכיר elect (לבחור), עלינו לבחור ולהשפיע בבחירות ולא להזניח את הדמוקרטיה",עומרי,1,0,0.0,0
3916,Dance,ריקוד,אין אסוציאציה תרקדו ?,נתי ,1,0,0.0,0
3917,Condescending,מתנשא,הוא עשה מעשה קונדס (condes) לא במקום ואפילו מתנשא,עומרי,1,0,0.0,0
3918,Amphibian,דו-חי,יש לו פוביה (phibia) מיצורים דו-חיים,עומרי,1,0,0.0,0
3919,Substantial,"ניכר, משמעותי","המאמן ביצע חילוף (sub) משמעותי, ניכר כי הוא השפיע על המשחק",עומרי,1,0,0.0,0
3920,Cadaver,גופה,גופה שנשרפה תהיה בכד לנצח (כד- ever (נצח)),זוהר,1,0,0.0,0
3921,Culminate,הגיע לשיא,היה קול (cool) לדקה- היה ב&quot;15 דקות התהילה&quot; שהם השיא שלו,זוהר,1,0,0.0,0
3922,Discrimination,אפליה,"הפושע (criminal) הזה (dis) עבר עבירות חמורות, לכן יש כלפיו אפליה בקרב הציבור",עומרי,1,0,0.0,0
3923,Drag,לגרור לסחוב למשוך ,הdrugs (סמים) מושכים וגוררים אותו למטה,יובל ,1,0,0.0,0
3924,To grift ,"להיסחף ,לנדוד ",הgift (מתנה) גורמת לה to grift (להיסחף) מרוב אושר,יובל,1,0,0.0,0
3925,Dispel,"פיזר, סילק","הוא היה לא חבר (dis=לא pel=pal=חבר), ופיזר את החבורה, סילק אותנו מהבית שלו",זוהר,1,0,0.0,0
3926,Fallacy,רעיון או דעה שהם מופרכים מעיקרם,"Fall (משהו שנפל, לא טוב), acy כמו נחל האסי שהרעיון שהוא שייך לקיבוץ היה מופרך מעיקרו ולכן נפל.",זוהר,1,0,0.0,0
3927,Deprive,לשלול למנוע לקפח - זכות,"De-שלילי. prive-מזכיר prise (פרס), הפרס נשלל ממנו כי הוא מקופח",יובל,1,0,0.0,0
3928,Detrimental,"מזיק , שלילי","Timet נשמע כמו טרמיט, הטרמיטים מזיקים וזה שלילי",יובל,1,0,0.0,0
3929,Ludicrous,"מגוחך, אבסורדי","מזכיר את המילה crocs הנעל, היא מגוחכת",עמית,1,0,0.0,0
3930,Abstain,להתנזר,קשה להתנזר כשמישהו בא אליך עם שרירי בטן (abs) ושיזוף (tain),ליאור,1,0,0.0,0
3931,Obsecure,"מעורפל, לא ברור, מוסתר, חסר חשיבות","מזכיר security אבטחה, הוא לא יכול לאבטח כי הכל מעורפל",עמית,1,0,0.0,0
3932,Surmise,"לשער,לנחש",הוא לא בטוח(sure) לגבי זה ובגלל זה הוא מנחש,בן,1,0,0.0,0
3933,Docile,"צייתן, כנוע",נשמע כמו דוסים. &quot;הדוסים הם דוסילים&quot; כלומר כנועים,אנונימי,1,0,0.0,0
3934,Prophet,נביא,Pro(מומחה) + phet(מופת): הנביא הוא מומחה לעשיית מופתים,יקיר,1,0,0.0,0
3935,Peril,סכנה,"מזכיר pearl פנינה, זה סכנה שילד ישים שרשרת פנינה",עמית,1,0,0.0,0
3936,Emerge,"להגיח, להופיע","להגיח, להופיע במקרי חירום (emerge*ncy*)",שלי,1,0,0.0,0
3937,Shrink,לכווץ,נשמע כמו שריר- אנחנו מכווצים את השרירים שלנו,דיאנה,1,0,0.0,0
3939,Surpassed,התעלה,"בטח, תביא לי לעבור ואני יעקוף(התעלה) אותך",יאיר ק.,1,0,0.0,0
3940,Intrude,הִפְרִיעַ; הִתְפָּרֵץ,Trude = מטרד. כשמפריעים לך ומתפרצים לדבריך זה מטרד עבורך.,שי,1,0,0.0,0
3941,Outstanding,"מְצֻיָּן, יוֹצֵא מִן הַכְּלָל, מְעֻלֶּה; מֻבְחָר, מְשֻׁבָּח;",זה כזה מצויין שאנחנו לא יכולים לעמוד (stand) על הרגליים,שי,1,0,0.0,0
3942,Outline,"לתאר בכלליות, קו מתאר",Line = קו. לתאר בקווים כלליים,שי,1,0,0.0,0
3944,Mist ,ערפל,בערפל הכל הופך להיות מיסטי ,יובל ,1,0,0.0,0
3945,Perspire ,להזיע,הperson שמכבה את הfire מזיע,יובל ,1,0,0.0,0
3946,Quite ,"די, למדי ",די ! quiet (שקט),יובל,1,0,0.0,0
3947,Merge,להתמזג,בmarriage(חתונה) - שני אנשים מתמזגים,יובל,1,0,0.0,0
3948,Contract,"הסכם, חוזה","אם אתה רוצה שניצור בנינו מגע/קשר (contact), צריך שנחתום על הסכם/חוזה.",שי,1,0,0.0,0
3949,Severe,"חמור, מחמיר",סבר פנים חמור,אודיה,1,0,0.0,0
3951,Prior,"קודם, עם עדיפות",פרי אור (חברת פירות הדר) היא קודמת ועם עדיפות ביחס לפירות אחרים שלא באים מהם,אודיה,1,0,0.0,0
3952,Precede,להקדים,לפני (pre) שצובעים צריך לעשות פעולות מקדימות כמו לעשות סיד\לסייד (cede),אודיה,1,0,0.0,0
3953,Above,"למעלה, מעל הכל","כשיושבים על האבוב נמצאים למעלה, מעל כל שאר המתרחצים במים",אודיה,1,0,0.0,0
3954,Indifferent,אדיש,"הוא מתנהג בצורה שונה (different) בכך שהוא לא מביע רגשות, הוא אדיש",אודיה,1,0,0.0,0
3955,Primarily,"בעיקר, בראש ובראשונה","מזכיר פרימיירה, שזו הפעם הראשונה והעיקרית שמציגים בה משהו חדש",אודיה,1,0,0.0,0
3956,Approve,להסכים,"Prove נשמע כמו רוב, וכשיש הסכמה של הרוב ההחלטה מוסכמת ומתקבלת. ",אודיה,1,0,0.0,0
3957,Excluded,מבודד,הצליל clu שמופיע באמצע המילה מזכיר את המילה כלוא. ומי שהיה מבודד בקורונה הרגיש בבידוד כאילו הוא כלוא.,אודיה,1,0,0.0,0
3960,Hasty,"מהיר, חפוז, עצבני",נסטי התעצבנו במהירות על פיוזטי שגנבו להם לקוחות,שי,1,0,0.0,0
3961,Limber,"גמיש, זריז",מי שטוב במשחק לימבו חייב להיות גמיש וזריז,שי,1,0,0.0,0
3962,Scorch,"לצרוב, צריבה",כשעושים חזק על הגוף עם סקוץ' זה צורב,שי,1,0,0.0,0
3963,Radiant,"זוהר, קורן",תמיד בסרטים חומרים רדיואקטיביים זוהרים (בצבעים ירוקים בדר&quot;כ),שי,1,0,0.0,0
3964,Assemble,"לכנס, לאסוף, להרכיב",כדי לתכנת באסמבלי צריך לאסוף ולהרכיב הרבה פקודות לקוד אחד,שי,1,0,0.0,0
3965,Sacred,קדוש,"מזכיר את המילה secret, לדרוזים יש דת סודית וקדושה",יובל,1,0,0.0,0
3966,Disposable,חד פעמי,אני יכול (able) לעשות את הפוזה הזאת (dis pose) חד פעמי,דניאל,1,0,0.0,0
3967,Preparation,הכנה,"Proper- יאה ,על מנת שמשהו יהיה יאה וראוי הוא צריך הכנה",יעל ק,1,0,0.0,0
3968,Uproar,"רעש, מהומה",האפרו(Upro) שלו עשה רעש ומהומה בכנסת,פריאל,1,0,0.0,0
3971,Bred,להתרבות,השמרים בלחם שלי (bread) מתרבים ממש מהר,Nicolma,1,0,0.0,0
3972,Essentially,"בעיקרו ,במהותו","Ess ( נשמע כמו ass- תחת ) - תחת,  האיבר העיקרי שיושבים עליו ",אושרית,1,0,0.0,0
3973,Farther,"הלאה ,יותר","Far -רחוק, ther-שם , הלכתי הלאה רחוק משם למקום יותר טוב ",אושרית,1,0,0.0,0
3974,Certainly,"בהחלט ,בוודאי","Cert  ( נשמע כמו סנט ), בדוואי שאין לי סנט, יש לי שקל .",אושרית,1,0,0.0,0
3975,Complication,סיבוך ,מזכיר את המילה police (משטרה) עם מעורבת משטרה אתה בסיבוך,אסתר,1,0,0.0,0
3976,Acute ,"אָקוּטִי, קְרִיטִי, רְצִינִי, חָמוּר",נשמע כמו-cute (חמוד) &quot;תפסיק להיות חמוד  זה עניין רציני&quot;,שיר,1,0,0.0,0
3977,Goblet,גביע,עשיתי גול! איפה הגביע שלי?!,אדי ודניאלה,1,0,0.0,0
3979,Adorn,לקשט,צריך לקשט בתירס (corn) את המודעה (ad) הזו,אילה,1,0,0.0,0
3980,Cash,לפדות,אפשר לפדות אסירים עם המזומן (cash) שיש לך,אילה,1,0,0.0,0
3981,Caterpillar,זחל,"זה לא חתול (cat) וגם לא פיל (pill), זה זחל",אילה,1,0,0.0,0
3983,Consonant,עיצור (לשון),הבן (son) של דודה (aunt) שלי יודע להגות עיצורים בלשון מושלם,אילה,1,0,0.0,0
3984,Culminate,הגיע לשיא,"הוא אכל (ate) כל מיני דברים, עד שהוא הגיע לשיא",אילה,1,0,0.0,0
3985,Dart,חץ,דארת' ויידר משתמש בחרב ולא בחץ,אילה,1,0,0.0,0
3986,Diurnal,יומי,אני כותבת ביומן (diary) שלי באופן יומי,אילה,1,0,0.0,0
3987,Dovecote,שובך,"השובך מכסה את היונים (dove), כמו מעיל (coat)",אילה,1,0,0.0,0
3988,Explosive,חומר נפץ,אני אגרש (expel) את כל מי שיכין חומר נפץ מסיבים,אילה,1,0,0.0,0
3989,Heroine,גיבורה,"היא הצליחה להיגמל מההרואין, היא גיבורה",אילה,1,0,0.0,0
3990,Ivory,שנהב,"הוא היה צריך למכור את השנהב שלו, כדי לקנות מחשב מאייבורי",אילה,1,0,0.0,0
3991,League,מידת אורך קדומה,"מידת האורך הזו היא קדומה, היא כבר לא בליגה של המידות כיום",אילה,1,0,0.0,0
3993,Speck,כתם,כולם מדברים (speak) על הכתם שיש לך,אילה,1,0,0.0,0
3994,Spread,"ממרח, למרוח",מורחים ממרח על לחם (bread),אילה,1,0,0.0,0
3995,Subtraction,חיסור (בחשבון),"אני לא עוקב (track) אחרי מה שהמורה אומרת, מאז שהיא לימדה חיסור, פחות (sub)",אילה,1,0,0.0,0
3996,Sake,"תועלת, מטרה, למען",למען השם - !for god's sake,שי,1,0,0.0,0
3997,Triggered,"גרם, עורר, הוביל ל-",ההדק (trigger) עורר מהומה גדולה וגרם לאנשים להביא לו את הכסף,אילה,1,0,0.0,0
3999,Cloak,"מסווה, להסוות",גלימת (cloak) ההיעלמות של הארי פוטר נותנת לו הסוואה טובה במיוחד,אילה,1,0,0.0,0
4005,Demented,"משוגע, מטורף","מי שיש לו דמנציה, לפעמים מדבר כמו משוגע, מטורף",אילה,1,0,0.0,0
4006,Dread,"פחד, לפחד",מי שלובש אדום (red) צריך לפחד משוורים,אילה,1,0,0.0,0
4007,Figure,"דמות, גזרה, ספרה, מספר",דמות מפורסמת (public figure)שומרת על הגזרה וסופרת קלוריות,נווה,1,0,0.0,0
4008,Ensue,נבע,"מעיין נובע, לפעמים נראה כאילו המים נסו מחור ללא הפסקה",אילה,1,0,0.0,0
4009,Extortion,סחיטה,"האקס שלי מענה (torture) אותי, ע&quot;י סחיטה",אילה,1,0,0.0,0
4010,Faulty,"לקוי, לא תקין",זה לקוי להגיש תה (tee) בסתיו (fall),אילה,1,0,0.0,0
4014,Limb,"גף, איבר/קצה","במשק &quot;לימבו&quot;, אסור שאפילו קצה הגף שלך, קל וחומר איבר שלם ייגע במקל",אילה,1,0,0.0,0
4015,Persuade,לשכנע,בא ותשכנע אותי שצריך להביא פר לכל סועד,אנונימי,1,0,0.0,0
4016,Magnitude,"גודל, חשיבות","&quot;המאג&quot;, כלי נשק בצבא, הוא כלי גדול בעל חשיבות גדולה",עומר,1,0,0.0,0
4017,Eden,×ž××™×¨×™,×¢×“×Ÿ ×ž××™×¨×™,יקיר,1,1,4.0,4
4019,Fxp,××ª×¨ ×¡×‘×‘×”,שלי יותר טוב,משה,1,0,0.0,0
